{
    "ALL": {
        "annual_return": 0.0056301098805180035,
        "annual_volatility": 0.0786278003413155,
        "sharpe_ratio": -0.14578969879173503,
        "downside_risk": 0.058415060930901,
        "sortino_ratio": -0.157898088661321,
        "max_drawdown": 0.088036228298394,
        "calmar_ratio": -0.013078918103204051,
        "perc_pos_return": 0.532945736434108,
        "profit_loss_ratio": 0.8545626667245225,
        "annual_return_0_5_bps": 0.0027598371285125003,
        "annual_volatility_0_5_bps": 0.078639929771009,
        "sharpe_ratio_0_5_bps": -0.199452200455147,
        "downside_risk_0_5_bps": 0.058523186269483,
        "sortino_ratio_0_5_bps": -0.22446062813975348,
        "max_drawdown_0_5_bps": 0.08883986936000302,
        "calmar_ratio_0_5_bps": -0.04314638292726203,
        "perc_pos_return_0_5_bps": 0.532945736434108,
        "profit_loss_ratio_0_5_bps": 0.846688330032298,
        "annual_return_1_0_bps": -9.807676741950197e-05,
        "annual_volatility_1_0_bps": 0.07865253030847201,
        "sharpe_ratio_1_0_bps": -0.25305522395303953,
        "downside_risk_1_0_bps": 0.05863185269231351,
        "sortino_ratio_1_0_bps": -0.2904255167374905,
        "max_drawdown_1_0_bps": 0.089642188572739,
        "calmar_ratio_1_0_bps": -0.07205285751046153,
        "perc_pos_return_1_0_bps": 0.5310077519379841,
        "profit_loss_ratio_1_0_bps": 0.844927609806539,
        "annual_return_1_5_bps": -0.0029436913463795032,
        "annual_volatility_1_5_bps": 0.0786656013331395,
        "sharpe_ratio_1_5_bps": -0.306596607188056,
        "downside_risk_1_5_bps": 0.058741058027479004,
        "sortino_ratio_1_5_bps": -0.3557968666464705,
        "max_drawdown_1_5_bps": 0.0904868274195605,
        "calmar_ratio_1_5_bps": -0.099486153216163,
        "perc_pos_return_1_5_bps": 0.525193798449612,
        "profit_loss_ratio_1_5_bps": 0.85537815430788,
        "annual_return_2_0_bps": -0.005777065855555,
        "annual_volatility_2_0_bps": 0.07867914220793751,
        "sharpe_ratio_2_0_bps": -0.3600742037088755,
        "downside_risk_2_0_bps": 0.058850810606656506,
        "sortino_ratio_2_0_bps": -0.42057842044003807,
        "max_drawdown_2_0_bps": 0.09162817511628552,
        "calmar_ratio_2_0_bps": -0.12316468861304103,
        "perc_pos_return_2_0_bps": 0.523255813953488,
        "profit_loss_ratio_2_0_bps": 0.8535892055719261,
        "annual_return_2_5_bps": -0.008598259251665998,
        "annual_volatility_2_5_bps": 0.078693152279422,
        "sharpe_ratio_2_5_bps": -0.413485883126168,
        "downside_risk_2_5_bps": 0.058961109960455005,
        "sortino_ratio_2_5_bps": -0.4847741994392641,
        "max_drawdown_2_5_bps": 0.092766792303077,
        "calmar_ratio_2_5_bps": -0.14571892933860203,
        "perc_pos_return_2_5_bps": 0.5213178294573635,
        "profit_loss_ratio_2_5_bps": 0.8517984391182971,
        "annual_return_3_0_bps": -0.011407330202365,
        "annual_volatility_3_0_bps": 0.07870763087792601,
        "sharpe_ratio_3_0_bps": -0.46682953152006945,
        "downside_risk_3_0_bps": 0.05907195270695051,
        "sortino_ratio_3_0_bps": -0.5483883795525659,
        "max_drawdown_3_0_bps": 0.09390268550203751,
        "calmar_ratio_3_0_bps": -0.16723930117001048,
        "perc_pos_return_3_0_bps": 0.5155038759689916,
        "profit_loss_ratio_3_0_bps": 0.8633552482313747,
        "annual_return_rescaled": 0.006316044468624271,
        "annual_volatility_rescaled": 0.1500000000000013,
        "downside_risk_rescaled": 0.1114397083677675,
        "max_drawdown_rescaled": 0.16257321590597673,
        "annual_return_rescaled_0_5_bps": 0.0010025550386932314,
        "annual_volatility_rescaled_0_5_bps": 0.1500000000000002,
        "downside_risk_rescaled_0_5_bps": 0.1116287611902047,
        "max_drawdown_rescaled_0_5_bps": 0.16397655503867542,
        "annual_return_rescaled_1_0_bps": -0.004266242008053811,
        "annual_volatility_rescaled_1_0_bps": 0.1499999999999997,
        "downside_risk_rescaled_1_0_bps": 0.11181811785780212,
        "max_drawdown_rescaled_1_0_bps": 0.16537412552252057,
        "annual_return_rescaled_1_5_bps": -0.009490693366187297,
        "annual_volatility_rescaled_1_5_bps": 0.1500000000000003,
        "downside_risk_rescaled_1_5_bps": 0.11200777156469736,
        "max_drawdown_rescaled_1_5_bps": 0.16699929875706104,
        "annual_return_rescaled_2_0_bps": -0.014671144449797613,
        "annual_volatility_rescaled_2_0_bps": 0.15000000000000024,
        "downside_risk_rescaled_2_0_bps": 0.11219773555319612,
        "max_drawdown_rescaled_2_0_bps": 0.16898604123506294,
        "annual_return_rescaled_2_5_bps": -0.01980793936833941,
        "annual_volatility_rescaled_2_5_bps": 0.15000000000000036,
        "downside_risk_rescaled_2_5_bps": 0.11238800629900511,
        "max_drawdown_rescaled_2_5_bps": 0.1709620834388186,
        "annual_return_rescaled_3_0_bps": -0.02490142090296721,
        "annual_volatility_rescaled_3_0_bps": 0.15000000000000016,
        "downside_risk_rescaled_3_0_bps": 0.11257857474817833,
        "max_drawdown_rescaled_3_0_bps": 0.1729274489300952,
        "sharpe_ratio_years": -0.167864415584144,
        "sharpe_ratio_years_0_5_bps": -0.21826560288531505,
        "sharpe_ratio_years_1_0_bps": -0.26862942120002,
        "sharpe_ratio_years_1_5_bps": -0.318954125518497,
        "sharpe_ratio_years_2_0_bps": -0.369237979147234,
        "sharpe_ratio_years_2_5_bps": -0.41947925401364256,
        "sharpe_ratio_years_3_0_bps": -0.4696762309668171,
        "sharpe_ratio_years_std": 0.6840532581441421,
        "sharpe_ratio_years_std_0_5_bps": 0.7255456382360981,
        "sharpe_ratio_years_std_1_0_bps": 0.76699916989089,
        "sharpe_ratio_years_std_1_5_bps": 0.8084121642608021,
        "sharpe_ratio_years_std_2_0_bps": 0.849782940848419,
        "sharpe_ratio_years_std_2_5_bps": 0.8911098278095286,
        "sharpe_ratio_years_std_3_0_bps": 0.932391162252108
    },
    "COMB": {
        "annual_return": 0.0056301098805180035,
        "annual_volatility": 0.0786278003413155,
        "sharpe_ratio": -0.14578969879173503,
        "downside_risk": 0.058415060930901,
        "sortino_ratio": -0.157898088661321,
        "max_drawdown": 0.088036228298394,
        "calmar_ratio": -0.013078918103204051,
        "perc_pos_return": 0.532945736434108,
        "profit_loss_ratio": 0.8545626667245225,
        "annual_return_0_5_bps": 0.0027598371285125003,
        "annual_volatility_0_5_bps": 0.078639929771009,
        "sharpe_ratio_0_5_bps": -0.199452200455147,
        "downside_risk_0_5_bps": 0.058523186269483,
        "sortino_ratio_0_5_bps": -0.22446062813975348,
        "max_drawdown_0_5_bps": 0.08883986936000302,
        "calmar_ratio_0_5_bps": -0.04314638292726203,
        "perc_pos_return_0_5_bps": 0.532945736434108,
        "profit_loss_ratio_0_5_bps": 0.846688330032298,
        "annual_return_1_0_bps": -9.807676741950197e-05,
        "annual_volatility_1_0_bps": 0.07865253030847201,
        "sharpe_ratio_1_0_bps": -0.25305522395303953,
        "downside_risk_1_0_bps": 0.05863185269231351,
        "sortino_ratio_1_0_bps": -0.2904255167374905,
        "max_drawdown_1_0_bps": 0.089642188572739,
        "calmar_ratio_1_0_bps": -0.07205285751046153,
        "perc_pos_return_1_0_bps": 0.5310077519379841,
        "profit_loss_ratio_1_0_bps": 0.844927609806539,
        "annual_return_1_5_bps": -0.0029436913463795032,
        "annual_volatility_1_5_bps": 0.0786656013331395,
        "sharpe_ratio_1_5_bps": -0.306596607188056,
        "downside_risk_1_5_bps": 0.058741058027479004,
        "sortino_ratio_1_5_bps": -0.3557968666464705,
        "max_drawdown_1_5_bps": 0.0904868274195605,
        "calmar_ratio_1_5_bps": -0.099486153216163,
        "perc_pos_return_1_5_bps": 0.525193798449612,
        "profit_loss_ratio_1_5_bps": 0.85537815430788,
        "annual_return_2_0_bps": -0.005777065855555,
        "annual_volatility_2_0_bps": 0.07867914220793751,
        "sharpe_ratio_2_0_bps": -0.3600742037088755,
        "downside_risk_2_0_bps": 0.058850810606656506,
        "sortino_ratio_2_0_bps": -0.42057842044003807,
        "max_drawdown_2_0_bps": 0.09162817511628552,
        "calmar_ratio_2_0_bps": -0.12316468861304103,
        "perc_pos_return_2_0_bps": 0.523255813953488,
        "profit_loss_ratio_2_0_bps": 0.8535892055719261,
        "annual_return_2_5_bps": -0.008598259251665998,
        "annual_volatility_2_5_bps": 0.078693152279422,
        "sharpe_ratio_2_5_bps": -0.413485883126168,
        "downside_risk_2_5_bps": 0.058961109960455005,
        "sortino_ratio_2_5_bps": -0.4847741994392641,
        "max_drawdown_2_5_bps": 0.092766792303077,
        "calmar_ratio_2_5_bps": -0.14571892933860203,
        "perc_pos_return_2_5_bps": 0.5213178294573635,
        "profit_loss_ratio_2_5_bps": 0.8517984391182971,
        "annual_return_3_0_bps": -0.011407330202365,
        "annual_volatility_3_0_bps": 0.07870763087792601,
        "sharpe_ratio_3_0_bps": -0.46682953152006945,
        "downside_risk_3_0_bps": 0.05907195270695051,
        "sortino_ratio_3_0_bps": -0.5483883795525659,
        "max_drawdown_3_0_bps": 0.09390268550203751,
        "calmar_ratio_3_0_bps": -0.16723930117001048,
        "perc_pos_return_3_0_bps": 0.5155038759689916,
        "profit_loss_ratio_3_0_bps": 0.8633552482313747,
        "annual_return_rescaled": 0.006316044468624271,
        "annual_volatility_rescaled": 0.1500000000000013,
        "downside_risk_rescaled": 0.1114397083677675,
        "max_drawdown_rescaled": 0.16257321590597673,
        "annual_return_rescaled_0_5_bps": 0.0010025550386932314,
        "annual_volatility_rescaled_0_5_bps": 0.1500000000000002,
        "downside_risk_rescaled_0_5_bps": 0.1116287611902047,
        "max_drawdown_rescaled_0_5_bps": 0.16397655503867542,
        "annual_return_rescaled_1_0_bps": -0.004266242008053811,
        "annual_volatility_rescaled_1_0_bps": 0.1499999999999997,
        "downside_risk_rescaled_1_0_bps": 0.11181811785780212,
        "max_drawdown_rescaled_1_0_bps": 0.16537412552252057,
        "annual_return_rescaled_1_5_bps": -0.009490693366187297,
        "annual_volatility_rescaled_1_5_bps": 0.1500000000000003,
        "downside_risk_rescaled_1_5_bps": 0.11200777156469736,
        "max_drawdown_rescaled_1_5_bps": 0.16699929875706104,
        "annual_return_rescaled_2_0_bps": -0.014671144449797613,
        "annual_volatility_rescaled_2_0_bps": 0.15000000000000024,
        "downside_risk_rescaled_2_0_bps": 0.11219773555319612,
        "max_drawdown_rescaled_2_0_bps": 0.16898604123506294,
        "annual_return_rescaled_2_5_bps": -0.01980793936833941,
        "annual_volatility_rescaled_2_5_bps": 0.15000000000000036,
        "downside_risk_rescaled_2_5_bps": 0.11238800629900511,
        "max_drawdown_rescaled_2_5_bps": 0.1709620834388186,
        "annual_return_rescaled_3_0_bps": -0.02490142090296721,
        "annual_volatility_rescaled_3_0_bps": 0.15000000000000016,
        "downside_risk_rescaled_3_0_bps": 0.11257857474817833,
        "max_drawdown_rescaled_3_0_bps": 0.1729274489300952,
        "sharpe_ratio_years": -0.167864415584144,
        "sharpe_ratio_years_0_5_bps": -0.21826560288531505,
        "sharpe_ratio_years_1_0_bps": -0.26862942120002,
        "sharpe_ratio_years_1_5_bps": -0.318954125518497,
        "sharpe_ratio_years_2_0_bps": -0.369237979147234,
        "sharpe_ratio_years_2_5_bps": -0.41947925401364256,
        "sharpe_ratio_years_3_0_bps": -0.4696762309668171,
        "sharpe_ratio_years_std": 0.6840532581441421,
        "sharpe_ratio_years_std_0_5_bps": 0.7255456382360981,
        "sharpe_ratio_years_std_1_0_bps": 0.76699916989089,
        "sharpe_ratio_years_std_1_5_bps": 0.8084121642608021,
        "sharpe_ratio_years_std_2_0_bps": 0.849782940848419,
        "sharpe_ratio_years_std_2_5_bps": 0.8911098278095286,
        "sharpe_ratio_years_std_3_0_bps": 0.932391162252108
    }
}