{
    "ALL": {
        "annual_return": [
            -0.04252886089624,
            0.05378908065727601
        ],
        "annual_volatility": [
            0.050483794426441006,
            0.10677180625619001
        ],
        "sharpe_ratio": [
            -0.8356002996370021,
            0.544020902053532
        ],
        "downside_risk": [
            0.039527647755758004,
            0.077302474106044
        ],
        "sortino_ratio": [
            -1.067209311573616,
            0.7514131342509741
        ],
        "max_drawdown": [
            0.07568082273723001,
            0.100391633859558
        ],
        "calmar_ratio": [
            -0.5619502980815081,
            0.5357924618751
        ],
        "perc_pos_return": [
            0.51937984496124,
            0.546511627906976
        ],
        "profit_loss_ratio": [
            0.7940483987223581,
            0.915076934726687
        ],
        "annual_return_0_5_bps": [
            -0.047325219474004004,
            0.052844893731029005
        ],
        "annual_volatility_0_5_bps": [
            0.05051047680036701,
            0.10676938274165101
        ],
        "sharpe_ratio_0_5_bps": [
            -0.9345380950418241,
            0.5356336941315301
        ],
        "downside_risk_0_5_bps": [
            0.039717813935414,
            0.077328558603552
        ],
        "sortino_ratio_0_5_bps": [
            -1.188483455948222,
            0.7395621996687151
        ],
        "max_drawdown_0_5_bps": [
            0.07726091404373901,
            0.100418824676267
        ],
        "calmar_ratio_0_5_bps": [
            -0.61253765969183,
            0.526244893837306
        ],
        "perc_pos_return_0_5_bps": [
            0.51937984496124,
            0.546511627906976
        ],
        "profit_loss_ratio_0_5_bps": [
            0.7796644830886521,
            0.9137121769759441
        ],
        "annual_return_1_0_bps": [
            -0.052097683555673006,
            0.051901530020834
        ],
        "annual_volatility_1_0_bps": [
            0.050537927975975006,
            0.10676713264096901
        ],
        "sharpe_ratio_1_0_bps": [
            -1.033355696985001,
            0.527245249078922
        ],
        "downside_risk_1_0_bps": [
            0.039908968782276004,
            0.07735473660235101
        ],
        "sortino_ratio_1_0_bps": [
            -1.308569411369614,
            0.727718377894633
        ],
        "max_drawdown_1_0_bps": [
            0.07883836239640801,
            0.10044601474907001
        ],
        "calmar_ratio_1_0_bps": [
            -0.6608164093226631,
            0.51671069430174
        ],
        "perc_pos_return_1_0_bps": [
            0.515503875968992,
            0.546511627906976
        ],
        "profit_loss_ratio_1_0_bps": [
            0.7775062431801301,
            0.9123489764329481
        ],
        "annual_return_1_5_bps": [
            -0.05684637152103401,
            0.050958988828275
        ],
        "annual_volatility_1_5_bps": [
            0.050566146701171,
            0.106765055965108
        ],
        "sharpe_ratio_1_5_bps": [
            -1.132048822015282,
            0.51885560763917
        ],
        "downside_risk_1_5_bps": [
            0.040101108047408004,
            0.07738100800755
        ],
        "sortino_ratio_1_5_bps": [
            -1.427475438814292,
            0.7158817055213511
        ],
        "max_drawdown_1_5_bps": [
            0.080500450761136,
            0.100473204077985
        ],
        "calmar_ratio_1_5_bps": [
            -0.706162151684225,
            0.507189845251899
        ],
        "perc_pos_return_1_5_bps": [
            0.5038759689922481,
            0.546511627906976
        ],
        "profit_loss_ratio_1_5_bps": [
            0.7997689781817361,
            0.910987330434024
        ],
        "annual_return_2_0_bps": [
            -0.061571401166624004,
            0.050017269455514005
        ],
        "annual_volatility_2_0_bps": [
            0.050595131691687,
            0.10676315272418802
        ],
        "sharpe_ratio_2_0_bps": [
            -1.230613217995933,
            0.510464810578182
        ],
        "downside_risk_2_0_bps": [
            0.040294248489271,
            0.07740737272404201
        ],
        "sortino_ratio_2_0_bps": [
            -1.5452090598640602,
            0.7040522189839841
        ],
        "max_drawdown_2_0_bps": [
            0.082755957569541,
            0.10050039266303001
        ],
        "calmar_ratio_2_0_bps": [
            -0.7440117059232211,
            0.497682328697139
        ],
        "perc_pos_return_2_0_bps": [
            0.5,
            0.546511627906976
        ],
        "profit_loss_ratio_2_0_bps": [
            0.7975511748222821,
            0.90962723632157
        ],
        "annual_return_2_5_bps": [
            -0.066272889708618,
            0.049076371205286004
        ],
        "annual_volatility_2_5_bps": [
            0.050624881631359,
            0.10676142292748501
        ],
        "sharpe_ratio_2_5_bps": [
            -1.329044664935657,
            0.5020728986833211
        ],
        "downside_risk_2_5_bps": [
            0.040488389264393,
            0.077433830656517
        ],
        "sortino_ratio_2_5_bps": [
            -1.6617783534384132,
            0.692229954559885
        ],
        "max_drawdown_2_5_bps": [
            0.085006004101931,
            0.100527580504223
        ],
        "calmar_ratio_2_5_bps": [
            -0.7796259853498071,
            0.48818812667260303
        ],
        "perc_pos_return_2_5_bps": [
            0.49612403100775104,
            0.546511627906976
        ],
        "profit_loss_ratio_2_5_bps": [
            0.795328186792556,
            0.9082686914440381
        ],
        "annual_return_3_0_bps": [
            -0.070950953785646,
            0.048136293380916004
        ],
        "annual_volatility_3_0_bps": [
            0.050655395172422006,
            0.10675986658343001
        ],
        "sharpe_ratio_3_0_bps": [
            -1.427338975802553,
            0.493679912762414
        ],
        "downside_risk_3_0_bps": [
            0.040683523191897004,
            0.077460382222004
        ],
        "sortino_ratio_3_0_bps": [
            -1.777191702971268,
            0.6804149438661361
        ],
        "max_drawdown_3_0_bps": [
            0.08725060340249101,
            0.10055476760158401
        ],
        "calmar_ratio_3_0_bps": [
            -0.813185823579307,
            0.47870722123928605
        ],
        "perc_pos_return_3_0_bps": [
            0.488372093023255,
            0.5426356589147281
        ],
        "profit_loss_ratio_3_0_bps": [
            0.8055153302620811,
            0.9211951662006681
        ],
        "annual_return_rescaled": [
            -0.08160369852081695,
            0.09423578745806549
        ],
        "annual_volatility_rescaled": [
            0.09630905520813837,
            0.2036909447918642
        ],
        "downside_risk_rescaled": [
            0.07540777101261817,
            0.14747164572291682
        ],
        "max_drawdown_rescaled": [
            0.14029036939522324,
            0.18485606241673025
        ],
        "annual_return_rescaled_0_5_bps": [
            -0.09035032757337247,
            0.09235543765075893
        ],
        "annual_volatility_rescaled_0_5_bps": [
            0.09634509519676861,
            0.20365490480323176
        ],
        "downside_risk_rescaled_0_5_bps": [
            0.07575886839752023,
            0.1474986539828892
        ],
        "max_drawdown_rescaled_0_5_bps": [
            0.14307616237737264,
            0.1848769476999782
        ],
        "annual_return_rescaled_1_0_bps": [
            -0.0990108644140526,
            0.09047838039794498
        ],
        "annual_volatility_rescaled_1_0_bps": [
            0.09638201297103939,
            0.20361798702896
        ],
        "downside_risk_rescaled_1_0_bps": [
            0.07611128712405302,
            0.1475249485915512
        ],
        "max_drawdown_rescaled_1_0_bps": [
            0.1458514493887184,
            0.18489680165632272
        ],
        "annual_return_rescaled_1_5_bps": [
            -0.10758603060001148,
            0.08860464386763689
        ],
        "annual_volatility_rescaled_1_5_bps": [
            0.09641980581899416,
            0.20358019418100645
        ],
        "downside_risk_rescaled_1_5_bps": [
            0.07646501272694389,
            0.14755053040245084
        ],
        "max_drawdown_rescaled_1_5_bps": [
            0.14908297164948997,
            0.18491562586463212
        ],
        "annual_return_rescaled_2_0_bps": [
            -0.11607654483245844,
            0.08673425593286321
        ],
        "annual_volatility_rescaled_2_0_bps": [
            0.09645847095912323,
            0.20354152904087727
        ],
        "downside_risk_rescaled_2_0_bps": [
            0.07682007078085397,
            0.14757540032553826
        ],
        "max_drawdown_rescaled_2_0_bps": [
            0.15303866049702122,
            0.18493342197310467
        ],
        "annual_return_rescaled_2_5_bps": [
            -0.12448312290594699,
            0.08486724416926816
        ],
        "annual_volatility_rescaled_2_5_bps": [
            0.0964980055410691,
            0.2035019944589316
        ],
        "downside_risk_rescaled_2_5_bps": [
            0.07717645327123489,
            0.14759955932677535
        ],
        "max_drawdown_rescaled_2_5_bps": [
            0.1569739751788849,
            0.18495019169875232
        ],
        "annual_return_rescaled_3_0_bps": [
            -0.1328064776587763,
            0.08300363585284187
        ],
        "annual_volatility_rescaled_3_0_bps": [
            0.09653840664634099,
            0.20346159335365932
        ],
        "downside_risk_rescaled_3_0_bps": [
            0.07753414009182247,
            0.14762300940453418
        ],
        "max_drawdown_rescaled_3_0_bps": [
            0.16088896103333,
            0.18496593682686044
        ],
        "sharpe_ratio_years": [
            -0.8519176737282861,
            0.5161888425599981
        ],
        "sharpe_ratio_years_0_5_bps": [
            -0.9438112411214131,
            0.507280035350783
        ],
        "sharpe_ratio_years_1_0_bps": [
            -1.03562859109091,
            0.49836974869087
        ],
        "sharpe_ratio_years_1_5_bps": [
            -1.127366289779299,
            0.48945803874230503
        ],
        "sharpe_ratio_years_2_0_bps": [
            -1.219020919995653,
            0.48054496170118505
        ],
        "sharpe_ratio_years_2_5_bps": [
            -1.3105890818231711,
            0.471630573795886
        ],
        "sharpe_ratio_years_3_0_bps": [
            -1.4020673932189252,
            0.462714931285291
        ]
    },
    "COMB": {
        "annual_return": [
            -0.04252886089624,
            0.05378908065727601
        ],
        "annual_volatility": [
            0.050483794426441006,
            0.10677180625619001
        ],
        "sharpe_ratio": [
            -0.8356002996370021,
            0.544020902053532
        ],
        "downside_risk": [
            0.039527647755758004,
            0.077302474106044
        ],
        "sortino_ratio": [
            -1.067209311573616,
            0.7514131342509741
        ],
        "max_drawdown": [
            0.07568082273723001,
            0.100391633859558
        ],
        "calmar_ratio": [
            -0.5619502980815081,
            0.5357924618751
        ],
        "perc_pos_return": [
            0.51937984496124,
            0.546511627906976
        ],
        "profit_loss_ratio": [
            0.7940483987223581,
            0.915076934726687
        ],
        "annual_return_0_5_bps": [
            -0.047325219474004004,
            0.052844893731029005
        ],
        "annual_volatility_0_5_bps": [
            0.05051047680036701,
            0.10676938274165101
        ],
        "sharpe_ratio_0_5_bps": [
            -0.9345380950418241,
            0.5356336941315301
        ],
        "downside_risk_0_5_bps": [
            0.039717813935414,
            0.077328558603552
        ],
        "sortino_ratio_0_5_bps": [
            -1.188483455948222,
            0.7395621996687151
        ],
        "max_drawdown_0_5_bps": [
            0.07726091404373901,
            0.100418824676267
        ],
        "calmar_ratio_0_5_bps": [
            -0.61253765969183,
            0.526244893837306
        ],
        "perc_pos_return_0_5_bps": [
            0.51937984496124,
            0.546511627906976
        ],
        "profit_loss_ratio_0_5_bps": [
            0.7796644830886521,
            0.9137121769759441
        ],
        "annual_return_1_0_bps": [
            -0.052097683555673006,
            0.051901530020834
        ],
        "annual_volatility_1_0_bps": [
            0.050537927975975006,
            0.10676713264096901
        ],
        "sharpe_ratio_1_0_bps": [
            -1.033355696985001,
            0.527245249078922
        ],
        "downside_risk_1_0_bps": [
            0.039908968782276004,
            0.07735473660235101
        ],
        "sortino_ratio_1_0_bps": [
            -1.308569411369614,
            0.727718377894633
        ],
        "max_drawdown_1_0_bps": [
            0.07883836239640801,
            0.10044601474907001
        ],
        "calmar_ratio_1_0_bps": [
            -0.6608164093226631,
            0.51671069430174
        ],
        "perc_pos_return_1_0_bps": [
            0.515503875968992,
            0.546511627906976
        ],
        "profit_loss_ratio_1_0_bps": [
            0.7775062431801301,
            0.9123489764329481
        ],
        "annual_return_1_5_bps": [
            -0.05684637152103401,
            0.050958988828275
        ],
        "annual_volatility_1_5_bps": [
            0.050566146701171,
            0.106765055965108
        ],
        "sharpe_ratio_1_5_bps": [
            -1.132048822015282,
            0.51885560763917
        ],
        "downside_risk_1_5_bps": [
            0.040101108047408004,
            0.07738100800755
        ],
        "sortino_ratio_1_5_bps": [
            -1.427475438814292,
            0.7158817055213511
        ],
        "max_drawdown_1_5_bps": [
            0.080500450761136,
            0.100473204077985
        ],
        "calmar_ratio_1_5_bps": [
            -0.706162151684225,
            0.507189845251899
        ],
        "perc_pos_return_1_5_bps": [
            0.5038759689922481,
            0.546511627906976
        ],
        "profit_loss_ratio_1_5_bps": [
            0.7997689781817361,
            0.910987330434024
        ],
        "annual_return_2_0_bps": [
            -0.061571401166624004,
            0.050017269455514005
        ],
        "annual_volatility_2_0_bps": [
            0.050595131691687,
            0.10676315272418802
        ],
        "sharpe_ratio_2_0_bps": [
            -1.230613217995933,
            0.510464810578182
        ],
        "downside_risk_2_0_bps": [
            0.040294248489271,
            0.07740737272404201
        ],
        "sortino_ratio_2_0_bps": [
            -1.5452090598640602,
            0.7040522189839841
        ],
        "max_drawdown_2_0_bps": [
            0.082755957569541,
            0.10050039266303001
        ],
        "calmar_ratio_2_0_bps": [
            -0.7440117059232211,
            0.497682328697139
        ],
        "perc_pos_return_2_0_bps": [
            0.5,
            0.546511627906976
        ],
        "profit_loss_ratio_2_0_bps": [
            0.7975511748222821,
            0.90962723632157
        ],
        "annual_return_2_5_bps": [
            -0.066272889708618,
            0.049076371205286004
        ],
        "annual_volatility_2_5_bps": [
            0.050624881631359,
            0.10676142292748501
        ],
        "sharpe_ratio_2_5_bps": [
            -1.329044664935657,
            0.5020728986833211
        ],
        "downside_risk_2_5_bps": [
            0.040488389264393,
            0.077433830656517
        ],
        "sortino_ratio_2_5_bps": [
            -1.6617783534384132,
            0.692229954559885
        ],
        "max_drawdown_2_5_bps": [
            0.085006004101931,
            0.100527580504223
        ],
        "calmar_ratio_2_5_bps": [
            -0.7796259853498071,
            0.48818812667260303
        ],
        "perc_pos_return_2_5_bps": [
            0.49612403100775104,
            0.546511627906976
        ],
        "profit_loss_ratio_2_5_bps": [
            0.795328186792556,
            0.9082686914440381
        ],
        "annual_return_3_0_bps": [
            -0.070950953785646,
            0.048136293380916004
        ],
        "annual_volatility_3_0_bps": [
            0.050655395172422006,
            0.10675986658343001
        ],
        "sharpe_ratio_3_0_bps": [
            -1.427338975802553,
            0.493679912762414
        ],
        "downside_risk_3_0_bps": [
            0.040683523191897004,
            0.077460382222004
        ],
        "sortino_ratio_3_0_bps": [
            -1.777191702971268,
            0.6804149438661361
        ],
        "max_drawdown_3_0_bps": [
            0.08725060340249101,
            0.10055476760158401
        ],
        "calmar_ratio_3_0_bps": [
            -0.813185823579307,
            0.47870722123928605
        ],
        "perc_pos_return_3_0_bps": [
            0.488372093023255,
            0.5426356589147281
        ],
        "profit_loss_ratio_3_0_bps": [
            0.8055153302620811,
            0.9211951662006681
        ],
        "annual_return_rescaled": [
            -0.08160369852081695,
            0.09423578745806549
        ],
        "annual_volatility_rescaled": [
            0.09630905520813837,
            0.2036909447918642
        ],
        "downside_risk_rescaled": [
            0.07540777101261817,
            0.14747164572291682
        ],
        "max_drawdown_rescaled": [
            0.14029036939522324,
            0.18485606241673025
        ],
        "annual_return_rescaled_0_5_bps": [
            -0.09035032757337247,
            0.09235543765075893
        ],
        "annual_volatility_rescaled_0_5_bps": [
            0.09634509519676861,
            0.20365490480323176
        ],
        "downside_risk_rescaled_0_5_bps": [
            0.07575886839752023,
            0.1474986539828892
        ],
        "max_drawdown_rescaled_0_5_bps": [
            0.14307616237737264,
            0.1848769476999782
        ],
        "annual_return_rescaled_1_0_bps": [
            -0.0990108644140526,
            0.09047838039794498
        ],
        "annual_volatility_rescaled_1_0_bps": [
            0.09638201297103939,
            0.20361798702896
        ],
        "downside_risk_rescaled_1_0_bps": [
            0.07611128712405302,
            0.1475249485915512
        ],
        "max_drawdown_rescaled_1_0_bps": [
            0.1458514493887184,
            0.18489680165632272
        ],
        "annual_return_rescaled_1_5_bps": [
            -0.10758603060001148,
            0.08860464386763689
        ],
        "annual_volatility_rescaled_1_5_bps": [
            0.09641980581899416,
            0.20358019418100645
        ],
        "downside_risk_rescaled_1_5_bps": [
            0.07646501272694389,
            0.14755053040245084
        ],
        "max_drawdown_rescaled_1_5_bps": [
            0.14908297164948997,
            0.18491562586463212
        ],
        "annual_return_rescaled_2_0_bps": [
            -0.11607654483245844,
            0.08673425593286321
        ],
        "annual_volatility_rescaled_2_0_bps": [
            0.09645847095912323,
            0.20354152904087727
        ],
        "downside_risk_rescaled_2_0_bps": [
            0.07682007078085397,
            0.14757540032553826
        ],
        "max_drawdown_rescaled_2_0_bps": [
            0.15303866049702122,
            0.18493342197310467
        ],
        "annual_return_rescaled_2_5_bps": [
            -0.12448312290594699,
            0.08486724416926816
        ],
        "annual_volatility_rescaled_2_5_bps": [
            0.0964980055410691,
            0.2035019944589316
        ],
        "downside_risk_rescaled_2_5_bps": [
            0.07717645327123489,
            0.14759955932677535
        ],
        "max_drawdown_rescaled_2_5_bps": [
            0.1569739751788849,
            0.18495019169875232
        ],
        "annual_return_rescaled_3_0_bps": [
            -0.1328064776587763,
            0.08300363585284187
        ],
        "annual_volatility_rescaled_3_0_bps": [
            0.09653840664634099,
            0.20346159335365932
        ],
        "downside_risk_rescaled_3_0_bps": [
            0.07753414009182247,
            0.14762300940453418
        ],
        "max_drawdown_rescaled_3_0_bps": [
            0.16088896103333,
            0.18496593682686044
        ],
        "sharpe_ratio_years": [
            -0.8519176737282861,
            0.5161888425599981
        ],
        "sharpe_ratio_years_0_5_bps": [
            -0.9438112411214131,
            0.507280035350783
        ],
        "sharpe_ratio_years_1_0_bps": [
            -1.03562859109091,
            0.49836974869087
        ],
        "sharpe_ratio_years_1_5_bps": [
            -1.127366289779299,
            0.48945803874230503
        ],
        "sharpe_ratio_years_2_0_bps": [
            -1.219020919995653,
            0.48054496170118505
        ],
        "sharpe_ratio_years_2_5_bps": [
            -1.3105890818231711,
            0.471630573795886
        ],
        "sharpe_ratio_years_3_0_bps": [
            -1.4020673932189252,
            0.462714931285291
        ]
    }
}