{
    "ALL": {
        "annual_return": -0.026217329328479005,
        "annual_volatility": 0.07108118941094001,
        "sharpe_ratio": -0.3409017155717925,
        "downside_risk": 0.05338884130438851,
        "sortino_ratio": -0.30928188507898,
        "max_drawdown": 0.09821533031639801,
        "calmar_ratio": 0.24858192855825245,
        "perc_pos_return": 0.4980620155038755,
        "profit_loss_ratio": 0.9537534986775825,
        "annual_return_0_5_bps": -0.027494076136765497,
        "annual_volatility_0_5_bps": 0.0710731010297015,
        "sharpe_ratio_0_5_bps": -0.359493921259068,
        "downside_risk_0_5_bps": 0.053421847617471006,
        "sortino_ratio_0_5_bps": -0.33398619301581045,
        "max_drawdown_0_5_bps": 0.098465265225212,
        "calmar_ratio_0_5_bps": 0.22938852288024603,
        "perc_pos_return_0_5_bps": 0.49612403100775104,
        "profit_loss_ratio_0_5_bps": 0.9594176378430794,
        "annual_return_1_0_bps": -0.028769125945788,
        "annual_volatility_1_0_bps": 0.07106514954416651,
        "sharpe_ratio_1_0_bps": -0.3780900532619994,
        "downside_risk_1_0_bps": 0.053454960217033,
        "sortino_ratio_1_0_bps": -0.3586590051536965,
        "max_drawdown_1_0_bps": 0.09871509008899951,
        "calmar_ratio_1_0_bps": 0.21029178440201096,
        "perc_pos_return_1_0_bps": 0.49612403100775104,
        "profit_loss_ratio_1_0_bps": 0.956364504600835,
        "annual_return_1_5_bps": -0.030042481042702,
        "annual_volatility_1_5_bps": 0.071057335005382,
        "sharpe_ratio_1_5_bps": -0.39669000875761956,
        "downside_risk_1_5_bps": 0.053488178960927,
        "sortino_ratio_1_5_bps": -0.38330023310330497,
        "max_drawdown_1_5_bps": 0.0989648049612955,
        "calmar_ratio_1_5_bps": 0.19129108458197996,
        "perc_pos_return_1_5_bps": 0.49612403100775104,
        "profit_loss_ratio_1_5_bps": 0.9533200678018401,
        "annual_return_2_0_bps": -0.031314143711538504,
        "annual_volatility_2_0_bps": 0.07104965746356551,
        "sharpe_ratio_2_0_bps": -0.41529368476785244,
        "downside_risk_2_0_bps": 0.0535215036502395,
        "sortino_ratio_2_0_bps": -0.4079097881812926,
        "max_drawdown_2_0_bps": 0.0992144098956145,
        "calmar_ratio_2_0_bps": 0.17238580046483354,
        "perc_pos_return_2_0_bps": 0.494186046511627,
        "profit_loss_ratio_2_0_bps": 0.9563661650619519,
        "annual_return_2_5_bps": -0.03258411623320551,
        "annual_volatility_2_5_bps": 0.07104211696809701,
        "sharpe_ratio_2_5_bps": -0.4339009781624925,
        "downside_risk_2_5_bps": 0.053554934180531505,
        "sortino_ratio_2_5_bps": -0.4324875799984224,
        "max_drawdown_2_5_bps": 0.09946390494543851,
        "calmar_ratio_2_5_bps": 0.15357531461593005,
        "perc_pos_return_2_5_bps": 0.494186046511627,
        "profit_loss_ratio_2_5_bps": 0.953316428914913,
        "annual_return_3_0_bps": -0.03385240088550351,
        "annual_volatility_3_0_bps": 0.0710347135675255,
        "sharpe_ratio_3_0_bps": -0.4525117856621935,
        "downside_risk_3_0_bps": 0.0535884704179645,
        "sortino_ratio_3_0_bps": -0.4570335198582345,
        "max_drawdown_3_0_bps": 0.0997132901642315,
        "calmar_ratio_3_0_bps": 0.134859015056218,
        "perc_pos_return_3_0_bps": 0.494186046511627,
        "profit_loss_ratio_3_0_bps": 0.9502753796460021,
        "annual_return_rescaled": -0.054255858009592595,
        "annual_volatility_rescaled": 0.15000000000000144,
        "downside_risk_rescaled": 0.11266449340570187,
        "max_drawdown_rescaled": 0.19417121558709222,
        "annual_return_rescaled_0_5_bps": -0.05684369337612666,
        "annual_volatility_rescaled_0_5_bps": 0.15000000000000052,
        "downside_risk_rescaled_0_5_bps": 0.11274697496697035,
        "max_drawdown_rescaled_0_5_bps": 0.19463527686671145,
        "annual_return_rescaled_1_0_bps": -0.05942481285493406,
        "annual_volatility_rescaled_1_0_bps": 0.1500000000000002,
        "downside_risk_rescaled_1_0_bps": 0.11282948229879772,
        "max_drawdown_rescaled_1_0_bps": 0.19509867529673777,
        "annual_return_rescaled_1_5_bps": -0.06199921840075129,
        "annual_volatility_rescaled_1_5_bps": 0.15000000000000122,
        "downside_risk_rescaled_1_5_bps": 0.11291201455179059,
        "max_drawdown_rescaled_1_5_bps": 0.19556140904186897,
        "annual_return_rescaled_2_0_bps": -0.06456691207377463,
        "annual_volatility_rescaled_2_0_bps": 0.14999999999999977,
        "downside_risk_rescaled_2_0_bps": 0.11299457075711983,
        "max_drawdown_rescaled_2_0_bps": 0.1960234762777511,
        "annual_return_rescaled_2_5_bps": -0.06712789603931058,
        "annual_volatility_rescaled_2_5_bps": 0.15000000000000085,
        "downside_risk_rescaled_2_5_bps": 0.11307715014583875,
        "max_drawdown_rescaled_2_5_bps": 0.19648487519104385,
        "annual_return_rescaled_3_0_bps": -0.06968217256744041,
        "annual_volatility_rescaled_3_0_bps": 0.15000000000000063,
        "downside_risk_rescaled_3_0_bps": 0.11315975188741445,
        "max_drawdown_rescaled_3_0_bps": 0.1969456039794396,
        "sharpe_ratio_years": -0.13075069841302056,
        "sharpe_ratio_years_0_5_bps": -0.14914204893801053,
        "sharpe_ratio_years_1_0_bps": -0.1675364317950666,
        "sharpe_ratio_years_1_5_bps": -0.18593370772721896,
        "sharpe_ratio_years_2_0_bps": -0.20433373733730553,
        "sharpe_ratio_years_2_5_bps": -0.22273638109324,
        "sharpe_ratio_years_3_0_bps": -0.24114149933330942,
        "sharpe_ratio_years_std": 1.2385684471682956,
        "sharpe_ratio_years_std_0_5_bps": 1.2415941713183694,
        "sharpe_ratio_years_std_1_0_bps": 1.2446170612543956,
        "sharpe_ratio_years_std_1_5_bps": 1.247637077733982,
        "sharpe_ratio_years_std_2_0_bps": 1.2506541815561945,
        "sharpe_ratio_years_std_2_5_bps": 1.253668333563644,
        "sharpe_ratio_years_std_3_0_bps": 1.2566794946445705
    },
    "COMB": {
        "annual_return": -0.026217329328479005,
        "annual_volatility": 0.07108118941094001,
        "sharpe_ratio": -0.3409017155717925,
        "downside_risk": 0.05338884130438851,
        "sortino_ratio": -0.30928188507898,
        "max_drawdown": 0.09821533031639801,
        "calmar_ratio": 0.24858192855825245,
        "perc_pos_return": 0.4980620155038755,
        "profit_loss_ratio": 0.9537534986775825,
        "annual_return_0_5_bps": -0.027494076136765497,
        "annual_volatility_0_5_bps": 0.0710731010297015,
        "sharpe_ratio_0_5_bps": -0.359493921259068,
        "downside_risk_0_5_bps": 0.053421847617471006,
        "sortino_ratio_0_5_bps": -0.33398619301581045,
        "max_drawdown_0_5_bps": 0.098465265225212,
        "calmar_ratio_0_5_bps": 0.22938852288024603,
        "perc_pos_return_0_5_bps": 0.49612403100775104,
        "profit_loss_ratio_0_5_bps": 0.9594176378430794,
        "annual_return_1_0_bps": -0.028769125945788,
        "annual_volatility_1_0_bps": 0.07106514954416651,
        "sharpe_ratio_1_0_bps": -0.3780900532619994,
        "downside_risk_1_0_bps": 0.053454960217033,
        "sortino_ratio_1_0_bps": -0.3586590051536965,
        "max_drawdown_1_0_bps": 0.09871509008899951,
        "calmar_ratio_1_0_bps": 0.21029178440201096,
        "perc_pos_return_1_0_bps": 0.49612403100775104,
        "profit_loss_ratio_1_0_bps": 0.956364504600835,
        "annual_return_1_5_bps": -0.030042481042702,
        "annual_volatility_1_5_bps": 0.071057335005382,
        "sharpe_ratio_1_5_bps": -0.39669000875761956,
        "downside_risk_1_5_bps": 0.053488178960927,
        "sortino_ratio_1_5_bps": -0.38330023310330497,
        "max_drawdown_1_5_bps": 0.0989648049612955,
        "calmar_ratio_1_5_bps": 0.19129108458197996,
        "perc_pos_return_1_5_bps": 0.49612403100775104,
        "profit_loss_ratio_1_5_bps": 0.9533200678018401,
        "annual_return_2_0_bps": -0.031314143711538504,
        "annual_volatility_2_0_bps": 0.07104965746356551,
        "sharpe_ratio_2_0_bps": -0.41529368476785244,
        "downside_risk_2_0_bps": 0.0535215036502395,
        "sortino_ratio_2_0_bps": -0.4079097881812926,
        "max_drawdown_2_0_bps": 0.0992144098956145,
        "calmar_ratio_2_0_bps": 0.17238580046483354,
        "perc_pos_return_2_0_bps": 0.494186046511627,
        "profit_loss_ratio_2_0_bps": 0.9563661650619519,
        "annual_return_2_5_bps": -0.03258411623320551,
        "annual_volatility_2_5_bps": 0.07104211696809701,
        "sharpe_ratio_2_5_bps": -0.4339009781624925,
        "downside_risk_2_5_bps": 0.053554934180531505,
        "sortino_ratio_2_5_bps": -0.4324875799984224,
        "max_drawdown_2_5_bps": 0.09946390494543851,
        "calmar_ratio_2_5_bps": 0.15357531461593005,
        "perc_pos_return_2_5_bps": 0.494186046511627,
        "profit_loss_ratio_2_5_bps": 0.953316428914913,
        "annual_return_3_0_bps": -0.03385240088550351,
        "annual_volatility_3_0_bps": 0.0710347135675255,
        "sharpe_ratio_3_0_bps": -0.4525117856621935,
        "downside_risk_3_0_bps": 0.0535884704179645,
        "sortino_ratio_3_0_bps": -0.4570335198582345,
        "max_drawdown_3_0_bps": 0.0997132901642315,
        "calmar_ratio_3_0_bps": 0.134859015056218,
        "perc_pos_return_3_0_bps": 0.494186046511627,
        "profit_loss_ratio_3_0_bps": 0.9502753796460021,
        "annual_return_rescaled": -0.054255858009592595,
        "annual_volatility_rescaled": 0.15000000000000144,
        "downside_risk_rescaled": 0.11266449340570187,
        "max_drawdown_rescaled": 0.19417121558709222,
        "annual_return_rescaled_0_5_bps": -0.05684369337612666,
        "annual_volatility_rescaled_0_5_bps": 0.15000000000000052,
        "downside_risk_rescaled_0_5_bps": 0.11274697496697035,
        "max_drawdown_rescaled_0_5_bps": 0.19463527686671145,
        "annual_return_rescaled_1_0_bps": -0.05942481285493406,
        "annual_volatility_rescaled_1_0_bps": 0.1500000000000002,
        "downside_risk_rescaled_1_0_bps": 0.11282948229879772,
        "max_drawdown_rescaled_1_0_bps": 0.19509867529673777,
        "annual_return_rescaled_1_5_bps": -0.06199921840075129,
        "annual_volatility_rescaled_1_5_bps": 0.15000000000000122,
        "downside_risk_rescaled_1_5_bps": 0.11291201455179059,
        "max_drawdown_rescaled_1_5_bps": 0.19556140904186897,
        "annual_return_rescaled_2_0_bps": -0.06456691207377463,
        "annual_volatility_rescaled_2_0_bps": 0.14999999999999977,
        "downside_risk_rescaled_2_0_bps": 0.11299457075711983,
        "max_drawdown_rescaled_2_0_bps": 0.1960234762777511,
        "annual_return_rescaled_2_5_bps": -0.06712789603931058,
        "annual_volatility_rescaled_2_5_bps": 0.15000000000000085,
        "downside_risk_rescaled_2_5_bps": 0.11307715014583875,
        "max_drawdown_rescaled_2_5_bps": 0.19648487519104385,
        "annual_return_rescaled_3_0_bps": -0.06968217256744041,
        "annual_volatility_rescaled_3_0_bps": 0.15000000000000063,
        "downside_risk_rescaled_3_0_bps": 0.11315975188741445,
        "max_drawdown_rescaled_3_0_bps": 0.1969456039794396,
        "sharpe_ratio_years": -0.13075069841302056,
        "sharpe_ratio_years_0_5_bps": -0.14914204893801053,
        "sharpe_ratio_years_1_0_bps": -0.1675364317950666,
        "sharpe_ratio_years_1_5_bps": -0.18593370772721896,
        "sharpe_ratio_years_2_0_bps": -0.20433373733730553,
        "sharpe_ratio_years_2_5_bps": -0.22273638109324,
        "sharpe_ratio_years_3_0_bps": -0.24114149933330942,
        "sharpe_ratio_years_std": 1.2385684471682956,
        "sharpe_ratio_years_std_0_5_bps": 1.2415941713183694,
        "sharpe_ratio_years_std_1_0_bps": 1.2446170612543956,
        "sharpe_ratio_years_std_1_5_bps": 1.247637077733982,
        "sharpe_ratio_years_std_2_0_bps": 1.2506541815561945,
        "sharpe_ratio_years_std_2_5_bps": 1.253668333563644,
        "sharpe_ratio_years_std_3_0_bps": 1.2566794946445705
    }
}