{
    "ALL": {
        "annual_return": [
            0.044669822175551,
            -0.09710448083250901
        ],
        "annual_volatility": [
            0.068655462490654,
            0.07350691633122601
        ],
        "sharpe_ratio": [
            0.670749175219935,
            -1.35255260636352
        ],
        "downside_risk": [
            0.045667969196396006,
            0.06110971341238101
        ],
        "sortino_ratio": [
            1.00837842475343,
            -1.62694219491139
        ],
        "max_drawdown": [
            0.039963359619786004,
            0.15646730101301
        ],
        "calmar_ratio": [
            1.117769441822248,
            -0.620605584705743
        ],
        "perc_pos_return": [
            0.5,
            0.49612403100775104
        ],
        "profit_loss_ratio": [
            1.116867211246378,
            0.790639786108787
        ],
        "annual_return_0_5_bps": [
            0.043495385128223006,
            -0.098483537401754
        ],
        "annual_volatility_0_5_bps": [
            0.068644600352598,
            0.073501601706805
        ],
        "sharpe_ratio_0_5_bps": [
            0.654455294916755,
            -1.373443137434891
        ],
        "downside_risk_0_5_bps": [
            0.045699523345002005,
            0.06114417188994001
        ],
        "sortino_ratio_0_5_bps": [
            0.98304793748172,
            -1.651020323513341
        ],
        "max_drawdown_0_5_bps": [
            0.040033573981445005,
            0.156896956468979
        ],
        "calmar_ratio_0_5_bps": [
            1.086472697850632,
            -0.62769565209014
        ],
        "perc_pos_return_0_5_bps": [
            0.49612403100775104,
            0.49612403100775104
        ],
        "profit_loss_ratio_0_5_bps": [
            1.131277772004278,
            0.787557503681881
        ],
        "annual_return_1_0_bps": [
            0.042322250814085006,
            -0.099860502705661
        ],
        "annual_volatility_1_0_bps": [
            0.068633910421456,
            0.07349638866687701
        ],
        "sharpe_ratio_1_0_bps": [
            0.6381546560220801,
            -1.394334762546079
        ],
        "downside_risk_1_0_bps": [
            0.045731179061996,
            0.06117874137207
        ],
        "sortino_ratio_1_0_bps": [
            0.9577502787994611,
            -1.675068289106854
        ],
        "max_drawdown_1_0_bps": [
            0.040103784043833,
            0.15732639613416602
        ],
        "calmar_ratio_1_0_bps": [
            1.0553181407477,
            -0.634734571943678
        ],
        "perc_pos_return_1_0_bps": [
            0.49612403100775104,
            0.49612403100775104
        ],
        "profit_loss_ratio_1_0_bps": [
            1.128243654054973,
            0.784485355146697
        ],
        "annual_return_1_5_bps": [
            0.041150417807391,
            -0.101235379892795
        ],
        "annual_volatility_1_5_bps": [
            0.068623392777707,
            0.07349127723305701
        ],
        "sharpe_ratio_1_5_bps": [
            0.621847377365022,
            -1.4152273948802612
        ],
        "downside_risk_1_5_bps": [
            0.04576293625115,
            0.061213421670704
        ],
        "sortino_ratio_1_5_bps": [
            0.932485550981976,
            -1.699086017188586
        ],
        "max_drawdown_1_5_bps": [
            0.040173989807162004,
            0.157755620115429
        ],
        "calmar_ratio_1_5_bps": [
            1.024304979538143,
            -0.641722810374183
        ],
        "perc_pos_return_1_5_bps": [
            0.49612403100775104,
            0.49612403100775104
        ],
        "profit_loss_ratio_1_5_bps": [
            1.125216844995558,
            0.7814232906081221
        ],
        "annual_return_2_0_bps": [
            0.039979884683944006,
            -0.10260817210702101
        ],
        "annual_volatility_2_0_bps": [
            0.068613047500581,
            0.07348626742655001
        ],
        "sharpe_ratio_2_0_bps": [
            0.6055335780356941,
            -1.436120947571399
        ],
        "downside_risk_2_0_bps": [
            0.045794794701363,
            0.061248212599116
        ],
        "sortino_ratio_2_0_bps": [
            0.907253857646899,
            -1.7230734340094842
        ],
        "max_drawdown_2_0_bps": [
            0.040244191271653004,
            0.15818462851957601
        ],
        "calmar_ratio_2_0_bps": [
            0.9934324288957861,
            -0.648660827966119
        ],
        "perc_pos_return_2_0_bps": [
            0.49612403100775104,
            0.49224806201550303
        ],
        "profit_loss_ratio_2_0_bps": [
            1.122197318448216,
            0.7905350116756881
        ],
        "annual_return_2_5_bps": [
            0.038810650021089,
            -0.10397888248750001
        ],
        "annual_volatility_2_5_bps": [
            0.06860287466805401,
            0.07348135926814
        ],
        "sharpe_ratio_2_5_bps": [
            0.5892133773810351,
            -1.45701533370602
        ],
        "downside_risk_2_5_bps": [
            0.045826754201446,
            0.06128311415961701
        ],
        "sortino_ratio_2_5_bps": [
            0.8820553012226321,
            -1.747030461219477
        ],
        "max_drawdown_2_5_bps": [
            0.040314388437516,
            0.15861342145336102
        ],
        "calmar_ratio_2_5_bps": [
            0.9626997090937681,
            -0.655549079861908
        ],
        "perc_pos_return_2_5_bps": [
            0.49612403100775104,
            0.49224806201550303
        ],
        "profit_loss_ratio_2_5_bps": [
            1.119185048161906,
            0.78744780966792
        ],
        "annual_return_3_0_bps": [
            0.037642712397696,
            -0.10534751416870301
        ],
        "annual_volatility_3_0_bps": [
            0.068592874356853,
            0.073476552778198
        ],
        "sharpe_ratio_3_0_bps": [
            0.5728868950006121,
            -1.4779104663249991
        ],
        "downside_risk_3_0_bps": [
            0.045858814540131,
            0.061318126295798005
        ],
        "sortino_ratio_3_0_bps": [
            0.8568899829514081,
            -1.770957022667877
        ],
        "max_drawdown_3_0_bps": [
            0.040384581304969004,
            0.159041999023494
        ],
        "calmar_ratio_3_0_bps": [
            0.9321060459543411,
            -0.6623880158419051
        ],
        "perc_pos_return_3_0_bps": [
            0.49612403100775104,
            0.49224806201550303
        ],
        "profit_loss_ratio_3_0_bps": [
            1.116180008011605,
            0.784370751280399
        ],
        "annual_return_rescaled": [
            0.09059647626079981,
            -0.199108192279985
        ],
        "annual_volatility_rescaled": [
            0.14488107836886074,
            0.15511892163114213
        ],
        "downside_risk_rescaled": [
            0.09637142310403,
            0.1289575637073737
        ],
        "max_drawdown_rescaled": [
            0.08304698481076285,
            0.3052954463634216
        ],
        "annual_return_rescaled_0_5_bps": [
            0.08802213709563045,
            -0.20170952384788376
        ],
        "annual_volatility_rescaled_0_5_bps": [
            0.14487464179432252,
            0.15512535820567855
        ],
        "downside_risk_rescaled_0_5_bps": [
            0.09644898565613003,
            0.12904496427781068
        ],
        "max_drawdown_rescaled_0_5_bps": [
            0.08319822350343535,
            0.30607233022998753
        ],
        "annual_return_rescaled_1_0_bps": [
            0.08545306030383704,
            -0.20430268601370516
        ],
        "annual_volatility_rescaled_1_0_bps": [
            0.1448682881729552,
            0.1551317118270452
        ],
        "downside_risk_rescaled_1_0_bps": [
            0.09652659430535872,
            0.12913237029223673
        ],
        "max_drawdown_rescaled_1_0_bps": [
            0.0833493197022725,
            0.30684803089120305
        ],
        "annual_return_rescaled_1_5_bps": [
            0.08288925173658068,
            -0.20688768853808326
        ],
        "annual_volatility_rescaled_1_5_bps": [
            0.1448620176351462,
            0.15513798236485624
        ],
        "downside_risk_rescaled_1_5_bps": [
            0.09660424834610919,
            0.129219780757472
        ],
        "max_drawdown_rescaled_1_5_bps": [
            0.08350027249285903,
            0.3076225455908789
        ],
        "annual_return_rescaled_2_0_bps": [
            0.08033071714152107,
            -0.20946454128907033
        ],
        "annual_volatility_rescaled_2_0_bps": [
            0.14485583030945465,
            0.1551441696905449
        ],
        "downside_risk_rescaled_2_0_bps": [
            0.09668194683031471,
            0.12930719468392496
        ],
        "max_drawdown_rescaled_2_0_bps": [
            0.08365108096278025,
            0.30839587159272197
        ],
        "annual_return_rescaled_2_5_bps": [
            0.07777746216287529,
            -0.21203325424149644
        ],
        "annual_volatility_rescaled_2_5_bps": [
            0.1448497263226168,
            0.15515027367738493
        ],
        "downside_risk_rescaled_2_5_bps": [
            0.09675968880972215,
            0.12939461148195536
        ],
        "max_drawdown_rescaled_2_5_bps": [
            0.08380174420166142,
            0.3091680061804263
        ],
        "annual_return_rescaled_3_0_bps": [
            0.07522949234141052,
            -0.21459383747629135
        ],
        "annual_volatility_rescaled_3_0_bps": [
            0.14484370579952208,
            0.1551562942004792
        ],
        "downside_risk_rescaled_3_0_bps": [
            0.09683747333591584,
            0.12948203043891307
        ],
        "max_drawdown_rescaled_3_0_bps": [
            0.08395226130118492,
            0.3099389466576943
        ],
        "sharpe_ratio_years": [
            1.107817748755275,
            -1.369319145581316
        ],
        "sharpe_ratio_years_0_5_bps": [
            1.092452122380359,
            -1.39073622025638
        ],
        "sharpe_ratio_years_1_0_bps": [
            1.077080629459329,
            -1.4121534930494621
        ],
        "sharpe_ratio_years_1_5_bps": [
            1.061703370006763,
            -1.433570785461201
        ],
        "sharpe_ratio_years_2_0_bps": [
            1.046320444218889,
            -1.4549879188935
        ],
        "sharpe_ratio_years_2_5_bps": [
            1.030931952470404,
            -1.476404714656884
        ],
        "sharpe_ratio_years_3_0_bps": [
            1.015537995311261,
            -1.49782099397788
        ]
    },
    "COMB": {
        "annual_return": [
            0.044669822175551,
            -0.09710448083250901
        ],
        "annual_volatility": [
            0.068655462490654,
            0.07350691633122601
        ],
        "sharpe_ratio": [
            0.670749175219935,
            -1.35255260636352
        ],
        "downside_risk": [
            0.045667969196396006,
            0.06110971341238101
        ],
        "sortino_ratio": [
            1.00837842475343,
            -1.62694219491139
        ],
        "max_drawdown": [
            0.039963359619786004,
            0.15646730101301
        ],
        "calmar_ratio": [
            1.117769441822248,
            -0.620605584705743
        ],
        "perc_pos_return": [
            0.5,
            0.49612403100775104
        ],
        "profit_loss_ratio": [
            1.116867211246378,
            0.790639786108787
        ],
        "annual_return_0_5_bps": [
            0.043495385128223006,
            -0.098483537401754
        ],
        "annual_volatility_0_5_bps": [
            0.068644600352598,
            0.073501601706805
        ],
        "sharpe_ratio_0_5_bps": [
            0.654455294916755,
            -1.373443137434891
        ],
        "downside_risk_0_5_bps": [
            0.045699523345002005,
            0.06114417188994001
        ],
        "sortino_ratio_0_5_bps": [
            0.98304793748172,
            -1.651020323513341
        ],
        "max_drawdown_0_5_bps": [
            0.040033573981445005,
            0.156896956468979
        ],
        "calmar_ratio_0_5_bps": [
            1.086472697850632,
            -0.62769565209014
        ],
        "perc_pos_return_0_5_bps": [
            0.49612403100775104,
            0.49612403100775104
        ],
        "profit_loss_ratio_0_5_bps": [
            1.131277772004278,
            0.787557503681881
        ],
        "annual_return_1_0_bps": [
            0.042322250814085006,
            -0.099860502705661
        ],
        "annual_volatility_1_0_bps": [
            0.068633910421456,
            0.07349638866687701
        ],
        "sharpe_ratio_1_0_bps": [
            0.6381546560220801,
            -1.394334762546079
        ],
        "downside_risk_1_0_bps": [
            0.045731179061996,
            0.06117874137207
        ],
        "sortino_ratio_1_0_bps": [
            0.9577502787994611,
            -1.675068289106854
        ],
        "max_drawdown_1_0_bps": [
            0.040103784043833,
            0.15732639613416602
        ],
        "calmar_ratio_1_0_bps": [
            1.0553181407477,
            -0.634734571943678
        ],
        "perc_pos_return_1_0_bps": [
            0.49612403100775104,
            0.49612403100775104
        ],
        "profit_loss_ratio_1_0_bps": [
            1.128243654054973,
            0.784485355146697
        ],
        "annual_return_1_5_bps": [
            0.041150417807391,
            -0.101235379892795
        ],
        "annual_volatility_1_5_bps": [
            0.068623392777707,
            0.07349127723305701
        ],
        "sharpe_ratio_1_5_bps": [
            0.621847377365022,
            -1.4152273948802612
        ],
        "downside_risk_1_5_bps": [
            0.04576293625115,
            0.061213421670704
        ],
        "sortino_ratio_1_5_bps": [
            0.932485550981976,
            -1.699086017188586
        ],
        "max_drawdown_1_5_bps": [
            0.040173989807162004,
            0.157755620115429
        ],
        "calmar_ratio_1_5_bps": [
            1.024304979538143,
            -0.641722810374183
        ],
        "perc_pos_return_1_5_bps": [
            0.49612403100775104,
            0.49612403100775104
        ],
        "profit_loss_ratio_1_5_bps": [
            1.125216844995558,
            0.7814232906081221
        ],
        "annual_return_2_0_bps": [
            0.039979884683944006,
            -0.10260817210702101
        ],
        "annual_volatility_2_0_bps": [
            0.068613047500581,
            0.07348626742655001
        ],
        "sharpe_ratio_2_0_bps": [
            0.6055335780356941,
            -1.436120947571399
        ],
        "downside_risk_2_0_bps": [
            0.045794794701363,
            0.061248212599116
        ],
        "sortino_ratio_2_0_bps": [
            0.907253857646899,
            -1.7230734340094842
        ],
        "max_drawdown_2_0_bps": [
            0.040244191271653004,
            0.15818462851957601
        ],
        "calmar_ratio_2_0_bps": [
            0.9934324288957861,
            -0.648660827966119
        ],
        "perc_pos_return_2_0_bps": [
            0.49612403100775104,
            0.49224806201550303
        ],
        "profit_loss_ratio_2_0_bps": [
            1.122197318448216,
            0.7905350116756881
        ],
        "annual_return_2_5_bps": [
            0.038810650021089,
            -0.10397888248750001
        ],
        "annual_volatility_2_5_bps": [
            0.06860287466805401,
            0.07348135926814
        ],
        "sharpe_ratio_2_5_bps": [
            0.5892133773810351,
            -1.45701533370602
        ],
        "downside_risk_2_5_bps": [
            0.045826754201446,
            0.06128311415961701
        ],
        "sortino_ratio_2_5_bps": [
            0.8820553012226321,
            -1.747030461219477
        ],
        "max_drawdown_2_5_bps": [
            0.040314388437516,
            0.15861342145336102
        ],
        "calmar_ratio_2_5_bps": [
            0.9626997090937681,
            -0.655549079861908
        ],
        "perc_pos_return_2_5_bps": [
            0.49612403100775104,
            0.49224806201550303
        ],
        "profit_loss_ratio_2_5_bps": [
            1.119185048161906,
            0.78744780966792
        ],
        "annual_return_3_0_bps": [
            0.037642712397696,
            -0.10534751416870301
        ],
        "annual_volatility_3_0_bps": [
            0.068592874356853,
            0.073476552778198
        ],
        "sharpe_ratio_3_0_bps": [
            0.5728868950006121,
            -1.4779104663249991
        ],
        "downside_risk_3_0_bps": [
            0.045858814540131,
            0.061318126295798005
        ],
        "sortino_ratio_3_0_bps": [
            0.8568899829514081,
            -1.770957022667877
        ],
        "max_drawdown_3_0_bps": [
            0.040384581304969004,
            0.159041999023494
        ],
        "calmar_ratio_3_0_bps": [
            0.9321060459543411,
            -0.6623880158419051
        ],
        "perc_pos_return_3_0_bps": [
            0.49612403100775104,
            0.49224806201550303
        ],
        "profit_loss_ratio_3_0_bps": [
            1.116180008011605,
            0.784370751280399
        ],
        "annual_return_rescaled": [
            0.09059647626079981,
            -0.199108192279985
        ],
        "annual_volatility_rescaled": [
            0.14488107836886074,
            0.15511892163114213
        ],
        "downside_risk_rescaled": [
            0.09637142310403,
            0.1289575637073737
        ],
        "max_drawdown_rescaled": [
            0.08304698481076285,
            0.3052954463634216
        ],
        "annual_return_rescaled_0_5_bps": [
            0.08802213709563045,
            -0.20170952384788376
        ],
        "annual_volatility_rescaled_0_5_bps": [
            0.14487464179432252,
            0.15512535820567855
        ],
        "downside_risk_rescaled_0_5_bps": [
            0.09644898565613003,
            0.12904496427781068
        ],
        "max_drawdown_rescaled_0_5_bps": [
            0.08319822350343535,
            0.30607233022998753
        ],
        "annual_return_rescaled_1_0_bps": [
            0.08545306030383704,
            -0.20430268601370516
        ],
        "annual_volatility_rescaled_1_0_bps": [
            0.1448682881729552,
            0.1551317118270452
        ],
        "downside_risk_rescaled_1_0_bps": [
            0.09652659430535872,
            0.12913237029223673
        ],
        "max_drawdown_rescaled_1_0_bps": [
            0.0833493197022725,
            0.30684803089120305
        ],
        "annual_return_rescaled_1_5_bps": [
            0.08288925173658068,
            -0.20688768853808326
        ],
        "annual_volatility_rescaled_1_5_bps": [
            0.1448620176351462,
            0.15513798236485624
        ],
        "downside_risk_rescaled_1_5_bps": [
            0.09660424834610919,
            0.129219780757472
        ],
        "max_drawdown_rescaled_1_5_bps": [
            0.08350027249285903,
            0.3076225455908789
        ],
        "annual_return_rescaled_2_0_bps": [
            0.08033071714152107,
            -0.20946454128907033
        ],
        "annual_volatility_rescaled_2_0_bps": [
            0.14485583030945465,
            0.1551441696905449
        ],
        "downside_risk_rescaled_2_0_bps": [
            0.09668194683031471,
            0.12930719468392496
        ],
        "max_drawdown_rescaled_2_0_bps": [
            0.08365108096278025,
            0.30839587159272197
        ],
        "annual_return_rescaled_2_5_bps": [
            0.07777746216287529,
            -0.21203325424149644
        ],
        "annual_volatility_rescaled_2_5_bps": [
            0.1448497263226168,
            0.15515027367738493
        ],
        "downside_risk_rescaled_2_5_bps": [
            0.09675968880972215,
            0.12939461148195536
        ],
        "max_drawdown_rescaled_2_5_bps": [
            0.08380174420166142,
            0.3091680061804263
        ],
        "annual_return_rescaled_3_0_bps": [
            0.07522949234141052,
            -0.21459383747629135
        ],
        "annual_volatility_rescaled_3_0_bps": [
            0.14484370579952208,
            0.1551562942004792
        ],
        "downside_risk_rescaled_3_0_bps": [
            0.09683747333591584,
            0.12948203043891307
        ],
        "max_drawdown_rescaled_3_0_bps": [
            0.08395226130118492,
            0.3099389466576943
        ],
        "sharpe_ratio_years": [
            1.107817748755275,
            -1.369319145581316
        ],
        "sharpe_ratio_years_0_5_bps": [
            1.092452122380359,
            -1.39073622025638
        ],
        "sharpe_ratio_years_1_0_bps": [
            1.077080629459329,
            -1.4121534930494621
        ],
        "sharpe_ratio_years_1_5_bps": [
            1.061703370006763,
            -1.433570785461201
        ],
        "sharpe_ratio_years_2_0_bps": [
            1.046320444218889,
            -1.4549879188935
        ],
        "sharpe_ratio_years_2_5_bps": [
            1.030931952470404,
            -1.476404714656884
        ],
        "sharpe_ratio_years_3_0_bps": [
            1.015537995311261,
            -1.49782099397788
        ]
    }
}