{
    "ALL": {
        "annual_return": [
            0.006225720496214
        ],
        "annual_volatility": [
            0.062031475632376
        ],
        "sharpe_ratio": [
            0.13098802024380002
        ],
        "downside_risk": [
            0.045760714315154
        ],
        "sortino_ratio": [
            0.17756235468543702
        ],
        "max_drawdown": [
            0.043080466670671
        ],
        "calmar_ratio": [
            0.144513766385286
        ],
        "perc_pos_return": [
            0.519685039370078
        ],
        "profit_loss_ratio": [
            0.9301884446901041
        ],
        "annual_return_0_5_bps": [
            0.005752907634176001
        ],
        "annual_volatility_0_5_bps": [
            0.062030857657928005
        ],
        "sharpe_ratio_0_5_bps": [
            0.123411736670265
        ],
        "downside_risk_0_5_bps": [
            0.04577376648875801
        ],
        "sortino_ratio_0_5_bps": [
            0.16724286546511202
        ],
        "max_drawdown_0_5_bps": [
            0.043180954421837
        ],
        "calmar_ratio_0_5_bps": [
            0.133227894362308
        ],
        "perc_pos_return_0_5_bps": [
            0.519685039370078
        ],
        "profit_loss_ratio_0_5_bps": [
            0.944438546404852
        ],
        "annual_return_1_0_bps": [
            0.005280315628502
        ],
        "annual_volatility_1_0_bps": [
            0.06203024661738701
        ],
        "sharpe_ratio_1_0_bps": [
            0.115835289191344
        ],
        "downside_risk_1_0_bps": [
            0.045786827604935
        ],
        "sortino_ratio_1_0_bps": [
            0.156929229024835
        ],
        "max_drawdown_1_0_bps": [
            0.043281431852377004
        ],
        "calmar_ratio_1_0_bps": [
            0.12199955968444601
        ],
        "perc_pos_return_1_0_bps": [
            0.519685039370078
        ],
        "profit_loss_ratio_1_0_bps": [
            0.943187022953868
        ],
        "annual_return_1_5_bps": [
            0.004807944376635001
        ],
        "annual_volatility_1_5_bps": [
            0.06202964251095801
        ],
        "sharpe_ratio_1_5_bps": [
            0.10825868034260701
        ],
        "downside_risk_1_5_bps": [
            0.045799897656032006
        ],
        "sortino_ratio_1_5_bps": [
            0.146621446423157
        ],
        "max_drawdown_1_5_bps": [
            0.043381898963331
        ],
        "calmar_ratio_1_5_bps": [
            0.11082835218208101
        ],
        "perc_pos_return_1_5_bps": [
            0.519685039370078
        ],
        "profit_loss_ratio_1_5_bps": [
            0.9419370123339591
        ],
        "annual_return_2_0_bps": [
            0.004335793776069
        ],
        "annual_volatility_2_0_bps": [
            0.06202904533884301
        ],
        "sharpe_ratio_2_0_bps": [
            0.10068191265993401
        ],
        "downside_risk_2_0_bps": [
            0.045812976634403
        ],
        "sortino_ratio_2_0_bps": [
            0.136319518703673
        ],
        "max_drawdown_2_0_bps": [
            0.043482355755734
        ],
        "calmar_ratio_2_0_bps": [
            0.099713865560242
        ],
        "perc_pos_return_2_0_bps": [
            0.519685039370078
        ],
        "profit_loss_ratio_2_0_bps": [
            0.940688511803735
        ],
        "annual_return_2_5_bps": [
            0.0038638637243470003
        ],
        "annual_volatility_2_5_bps": [
            0.062028455101243
        ],
        "sharpe_ratio_2_5_bps": [
            0.09310498867951501
        ],
        "downside_risk_2_5_bps": [
            0.045826064532405
        ],
        "sortino_ratio_2_5_bps": [
            0.126023446895058
        ],
        "max_drawdown_2_5_bps": [
            0.043582802230624
        ],
        "calmar_ratio_2_5_bps": [
            0.08865569735284401
        ],
        "perc_pos_return_2_5_bps": [
            0.519685039370078
        ],
        "profit_loss_ratio_2_5_bps": [
            0.9394415186284261
        ],
        "annual_return_3_0_bps": [
            0.0033921541190500004
        ],
        "annual_volatility_3_0_bps": [
            0.062027871798355005
        ],
        "sharpe_ratio_3_0_bps": [
            0.08552791093784201
        ],
        "downside_risk_3_0_bps": [
            0.045839161342397
        ],
        "sortino_ratio_3_0_bps": [
            0.115733232011093
        ],
        "max_drawdown_3_0_bps": [
            0.043683238389036004
        ],
        "calmar_ratio_3_0_bps": [
            0.077653448877585
        ],
        "perc_pos_return_3_0_bps": [
            0.519685039370078
        ],
        "profit_loss_ratio_3_0_bps": [
            0.9381960300798621
        ],
        "annual_return_rescaled": [
            0.008440932226934095
        ],
        "annual_volatility_rescaled": [
            0.1499999999999994
        ],
        "downside_risk_rescaled": [
            0.11065522909615574
        ],
        "max_drawdown_rescaled": [
            0.10277249385360689
        ],
        "annual_return_rescaled_0_5_bps": [
            0.007295540848279103
        ],
        "annual_volatility_rescaled_0_5_bps": [
            0.14999999999999997
        ],
        "downside_risk_rescaled_0_5_bps": [
            0.110687893615417
        ],
        "max_drawdown_rescaled_0_5_bps": [
            0.10300152362289298
        ],
        "annual_return_rescaled_1_0_bps": [
            0.006151420523566209
        ],
        "annual_volatility_rescaled_1_0_bps": [
            0.15000000000000024
        ],
        "downside_risk_rescaled_1_0_bps": [
            0.11072056803358148
        ],
        "max_drawdown_rescaled_1_0_bps": [
            0.10323048951368162
        ],
        "annual_return_rescaled_1_5_bps": [
            0.005008570258849376
        ],
        "annual_volatility_rescaled_1_5_bps": [
            0.15000000000000002
        ],
        "downside_risk_rescaled_1_5_bps": [
            0.11075325232111749
        ],
        "max_drawdown_rescaled_1_5_bps": [
            0.10345939146770453
        ],
        "annual_return_rescaled_2_0_bps": [
            0.0038669890599449808
        ],
        "annual_volatility_rescaled_2_0_bps": [
            0.1500000000000007
        ],
        "downside_risk_rescaled_2_0_bps": [
            0.11078594644849864
        ],
        "max_drawdown_rescaled_2_0_bps": [
            0.10368822942677083
        ],
        "annual_return_rescaled_2_5_bps": [
            0.002726675932446021
        ],
        "annual_volatility_rescaled_2_5_bps": [
            0.15000000000000036
        ],
        "downside_risk_rescaled_2_5_bps": [
            0.11081865038620105
        ],
        "max_drawdown_rescaled_2_5_bps": [
            0.10391700333276137
        ],
        "annual_return_rescaled_3_0_bps": [
            0.001587629881712349
        ],
        "annual_volatility_rescaled_3_0_bps": [
            0.15000000000000138
        ],
        "downside_risk_rescaled_3_0_bps": [
            0.11085136410470822
        ],
        "max_drawdown_rescaled_3_0_bps": [
            0.10414571312763354
        ],
        "sharpe_ratio_years": [
            0.15762674266946
        ],
        "sharpe_ratio_years_0_5_bps": [
            0.15007421385667802
        ],
        "sharpe_ratio_years_1_0_bps": [
            0.14252139552891702
        ],
        "sharpe_ratio_years_1_5_bps": [
            0.134968290160763
        ],
        "sharpe_ratio_years_2_0_bps": [
            0.12741490022735602
        ],
        "sharpe_ratio_years_2_5_bps": [
            0.11986122820438301
        ],
        "sharpe_ratio_years_3_0_bps": [
            0.112307276568074
        ]
    },
    "COMB": {
        "annual_return": [
            0.006225720496214
        ],
        "annual_volatility": [
            0.062031475632376
        ],
        "sharpe_ratio": [
            0.13098802024380002
        ],
        "downside_risk": [
            0.045760714315154
        ],
        "sortino_ratio": [
            0.17756235468543702
        ],
        "max_drawdown": [
            0.043080466670671
        ],
        "calmar_ratio": [
            0.144513766385286
        ],
        "perc_pos_return": [
            0.519685039370078
        ],
        "profit_loss_ratio": [
            0.9301884446901041
        ],
        "annual_return_0_5_bps": [
            0.005752907634176001
        ],
        "annual_volatility_0_5_bps": [
            0.062030857657928005
        ],
        "sharpe_ratio_0_5_bps": [
            0.123411736670265
        ],
        "downside_risk_0_5_bps": [
            0.04577376648875801
        ],
        "sortino_ratio_0_5_bps": [
            0.16724286546511202
        ],
        "max_drawdown_0_5_bps": [
            0.043180954421837
        ],
        "calmar_ratio_0_5_bps": [
            0.133227894362308
        ],
        "perc_pos_return_0_5_bps": [
            0.519685039370078
        ],
        "profit_loss_ratio_0_5_bps": [
            0.944438546404852
        ],
        "annual_return_1_0_bps": [
            0.005280315628502
        ],
        "annual_volatility_1_0_bps": [
            0.06203024661738701
        ],
        "sharpe_ratio_1_0_bps": [
            0.115835289191344
        ],
        "downside_risk_1_0_bps": [
            0.045786827604935
        ],
        "sortino_ratio_1_0_bps": [
            0.156929229024835
        ],
        "max_drawdown_1_0_bps": [
            0.043281431852377004
        ],
        "calmar_ratio_1_0_bps": [
            0.12199955968444601
        ],
        "perc_pos_return_1_0_bps": [
            0.519685039370078
        ],
        "profit_loss_ratio_1_0_bps": [
            0.943187022953868
        ],
        "annual_return_1_5_bps": [
            0.004807944376635001
        ],
        "annual_volatility_1_5_bps": [
            0.06202964251095801
        ],
        "sharpe_ratio_1_5_bps": [
            0.10825868034260701
        ],
        "downside_risk_1_5_bps": [
            0.045799897656032006
        ],
        "sortino_ratio_1_5_bps": [
            0.146621446423157
        ],
        "max_drawdown_1_5_bps": [
            0.043381898963331
        ],
        "calmar_ratio_1_5_bps": [
            0.11082835218208101
        ],
        "perc_pos_return_1_5_bps": [
            0.519685039370078
        ],
        "profit_loss_ratio_1_5_bps": [
            0.9419370123339591
        ],
        "annual_return_2_0_bps": [
            0.004335793776069
        ],
        "annual_volatility_2_0_bps": [
            0.06202904533884301
        ],
        "sharpe_ratio_2_0_bps": [
            0.10068191265993401
        ],
        "downside_risk_2_0_bps": [
            0.045812976634403
        ],
        "sortino_ratio_2_0_bps": [
            0.136319518703673
        ],
        "max_drawdown_2_0_bps": [
            0.043482355755734
        ],
        "calmar_ratio_2_0_bps": [
            0.099713865560242
        ],
        "perc_pos_return_2_0_bps": [
            0.519685039370078
        ],
        "profit_loss_ratio_2_0_bps": [
            0.940688511803735
        ],
        "annual_return_2_5_bps": [
            0.0038638637243470003
        ],
        "annual_volatility_2_5_bps": [
            0.062028455101243
        ],
        "sharpe_ratio_2_5_bps": [
            0.09310498867951501
        ],
        "downside_risk_2_5_bps": [
            0.045826064532405
        ],
        "sortino_ratio_2_5_bps": [
            0.126023446895058
        ],
        "max_drawdown_2_5_bps": [
            0.043582802230624
        ],
        "calmar_ratio_2_5_bps": [
            0.08865569735284401
        ],
        "perc_pos_return_2_5_bps": [
            0.519685039370078
        ],
        "profit_loss_ratio_2_5_bps": [
            0.9394415186284261
        ],
        "annual_return_3_0_bps": [
            0.0033921541190500004
        ],
        "annual_volatility_3_0_bps": [
            0.062027871798355005
        ],
        "sharpe_ratio_3_0_bps": [
            0.08552791093784201
        ],
        "downside_risk_3_0_bps": [
            0.045839161342397
        ],
        "sortino_ratio_3_0_bps": [
            0.115733232011093
        ],
        "max_drawdown_3_0_bps": [
            0.043683238389036004
        ],
        "calmar_ratio_3_0_bps": [
            0.077653448877585
        ],
        "perc_pos_return_3_0_bps": [
            0.519685039370078
        ],
        "profit_loss_ratio_3_0_bps": [
            0.9381960300798621
        ],
        "annual_return_rescaled": [
            0.008440932226934095
        ],
        "annual_volatility_rescaled": [
            0.1499999999999994
        ],
        "downside_risk_rescaled": [
            0.11065522909615574
        ],
        "max_drawdown_rescaled": [
            0.10277249385360689
        ],
        "annual_return_rescaled_0_5_bps": [
            0.007295540848279103
        ],
        "annual_volatility_rescaled_0_5_bps": [
            0.14999999999999997
        ],
        "downside_risk_rescaled_0_5_bps": [
            0.110687893615417
        ],
        "max_drawdown_rescaled_0_5_bps": [
            0.10300152362289298
        ],
        "annual_return_rescaled_1_0_bps": [
            0.006151420523566209
        ],
        "annual_volatility_rescaled_1_0_bps": [
            0.15000000000000024
        ],
        "downside_risk_rescaled_1_0_bps": [
            0.11072056803358148
        ],
        "max_drawdown_rescaled_1_0_bps": [
            0.10323048951368162
        ],
        "annual_return_rescaled_1_5_bps": [
            0.005008570258849376
        ],
        "annual_volatility_rescaled_1_5_bps": [
            0.15000000000000002
        ],
        "downside_risk_rescaled_1_5_bps": [
            0.11075325232111749
        ],
        "max_drawdown_rescaled_1_5_bps": [
            0.10345939146770453
        ],
        "annual_return_rescaled_2_0_bps": [
            0.0038669890599449808
        ],
        "annual_volatility_rescaled_2_0_bps": [
            0.1500000000000007
        ],
        "downside_risk_rescaled_2_0_bps": [
            0.11078594644849864
        ],
        "max_drawdown_rescaled_2_0_bps": [
            0.10368822942677083
        ],
        "annual_return_rescaled_2_5_bps": [
            0.002726675932446021
        ],
        "annual_volatility_rescaled_2_5_bps": [
            0.15000000000000036
        ],
        "downside_risk_rescaled_2_5_bps": [
            0.11081865038620105
        ],
        "max_drawdown_rescaled_2_5_bps": [
            0.10391700333276137
        ],
        "annual_return_rescaled_3_0_bps": [
            0.001587629881712349
        ],
        "annual_volatility_rescaled_3_0_bps": [
            0.15000000000000138
        ],
        "downside_risk_rescaled_3_0_bps": [
            0.11085136410470822
        ],
        "max_drawdown_rescaled_3_0_bps": [
            0.10414571312763354
        ],
        "sharpe_ratio_years": [
            0.15762674266946
        ],
        "sharpe_ratio_years_0_5_bps": [
            0.15007421385667802
        ],
        "sharpe_ratio_years_1_0_bps": [
            0.14252139552891702
        ],
        "sharpe_ratio_years_1_5_bps": [
            0.134968290160763
        ],
        "sharpe_ratio_years_2_0_bps": [
            0.12741490022735602
        ],
        "sharpe_ratio_years_2_5_bps": [
            0.11986122820438301
        ],
        "sharpe_ratio_years_3_0_bps": [
            0.112307276568074
        ]
    }
}