{
    "ALL": {
        "annual_return": 0.022184575451503506,
        "annual_volatility": 0.028381517126360504,
        "sharpe_ratio": -0.15600145052491854,
        "downside_risk": 0.019402052532985003,
        "sortino_ratio": 0.03449339618084446,
        "max_drawdown": 0.0345945039665975,
        "calmar_ratio": 0.77814798579165,
        "perc_pos_return": 0.5077519379844955,
        "profit_loss_ratio": 0.9451040678456906,
        "annual_return_0_5_bps": 0.021323767050422,
        "annual_volatility_0_5_bps": 0.0283827879523315,
        "sharpe_ratio_0_5_bps": -0.19130541001334112,
        "downside_risk_0_5_bps": 0.019429560379259,
        "sortino_ratio_0_5_bps": -0.012130862050357516,
        "max_drawdown_0_5_bps": 0.034881380867229,
        "calmar_ratio_0_5_bps": 0.7569182507801641,
        "perc_pos_return_0_5_bps": 0.5058139534883715,
        "profit_loss_ratio_0_5_bps": 0.9457431733556085,
        "annual_return_1_0_bps": 0.020463707443379997,
        "annual_volatility_1_0_bps": 0.028384102111354503,
        "sharpe_ratio_1_0_bps": -0.22659951852755944,
        "downside_risk_1_0_bps": 0.0194571279902415,
        "sortino_ratio_1_0_bps": -0.05858798756833816,
        "max_drawdown_1_0_bps": 0.03516810177105251,
        "calmar_ratio_1_0_bps": 0.7358295166667141,
        "perc_pos_return_1_0_bps": 0.5058139534883715,
        "profit_loss_ratio_1_0_bps": 0.940083154590531,
        "annual_return_1_5_bps": 0.019604395960815004,
        "annual_volatility_1_5_bps": 0.0283854595924315,
        "sharpe_ratio_1_5_bps": -0.26188352569793005,
        "downside_risk_1_5_bps": 0.019484755289551,
        "sortino_ratio_1_5_bps": -0.10487836136789541,
        "max_drawdown_1_5_bps": 0.0354546667658255,
        "calmar_ratio_1_5_bps": 0.7148775613685104,
        "perc_pos_return_1_5_bps": 0.5058139534883715,
        "profit_loss_ratio_1_5_bps": 0.934458976320491,
        "annual_return_2_0_bps": 0.018745831933790497,
        "annual_volatility_2_0_bps": 0.028386860384303002,
        "sharpe_ratio_2_0_bps": -0.2971571816574674,
        "downside_risk_2_0_bps": 0.0195124419744295,
        "sortino_ratio_2_0_bps": -0.15100242014684206,
        "max_drawdown_2_0_bps": 0.035741075939253006,
        "calmar_ratio_2_0_bps": 0.6940583928951385,
        "perc_pos_return_2_0_bps": 0.5058139534883715,
        "profit_loss_ratio_2_0_bps": 0.9288702716090016,
        "annual_return_2_5_bps": 0.017888014693973504,
        "annual_volatility_2_5_bps": 0.028388304475443504,
        "sharpe_ratio_2_5_bps": -0.3324202370518239,
        "downside_risk_2_5_bps": 0.019540187757857003,
        "sortino_ratio_2_5_bps": -0.19696060234005053,
        "max_drawdown_2_5_bps": 0.0360273293789925,
        "calmar_ratio_2_5_bps": 0.673368233484524,
        "perc_pos_return_2_5_bps": 0.5038759689922475,
        "profit_loss_ratio_2_5_bps": 0.929493538555616,
        "annual_return_3_0_bps": 0.0170309435736405,
        "annual_volatility_3_0_bps": 0.028389791854064,
        "sharpe_ratio_3_0_bps": -0.3676724430492151,
        "downside_risk_3_0_bps": 0.019567992950761004,
        "sortino_ratio_3_0_bps": -0.24275328708064903,
        "max_drawdown_3_0_bps": 0.0363134271726555,
        "calmar_ratio_3_0_bps": 0.6528035050360594,
        "perc_pos_return_3_0_bps": 0.4980620155038756,
        "profit_loss_ratio_3_0_bps": 0.9469506965546746,
        "annual_return_rescaled": 0.1369725927335501,
        "annual_volatility_rescaled": 0.14999999999999994,
        "downside_risk_rescaled": 0.10254236470131226,
        "max_drawdown_rescaled": 0.17174458562311956,
        "annual_return_rescaled_0_5_bps": 0.13172494357169368,
        "annual_volatility_rescaled_0_5_bps": 0.1500000000000028,
        "downside_risk_rescaled_0_5_bps": 0.10268314944196587,
        "max_drawdown_rescaled_0_5_bps": 0.17302302891494262,
        "annual_return_rescaled_1_0_bps": 0.12650244587264525,
        "annual_volatility_rescaled_1_0_bps": 0.15000000000000063,
        "downside_risk_rescaled_1_0_bps": 0.10282408043369809,
        "max_drawdown_rescaled_1_0_bps": 0.17429745023216847,
        "annual_return_rescaled_1_5_bps": 0.12130500000135691,
        "annual_volatility_rescaled_1_5_bps": 0.15000000000000246,
        "downside_risk_rescaled_1_5_bps": 0.1029651566470318,
        "max_drawdown_rescaled_1_5_bps": 0.17556785693251192,
        "annual_return_rescaled_2_0_bps": 0.11613250647105045,
        "annual_volatility_rescaled_2_0_bps": 0.15000000000000135,
        "downside_risk_rescaled_2_0_bps": 0.1031063758563072,
        "max_drawdown_rescaled_2_0_bps": 0.17683425640193473,
        "annual_return_rescaled_2_5_bps": 0.11098486594543916,
        "annual_volatility_rescaled_2_5_bps": 0.15000000000000027,
        "downside_risk_rescaled_2_5_bps": 0.10324773591934548,
        "max_drawdown_rescaled_2_5_bps": 0.17809665605434888,
        "annual_return_rescaled_3_0_bps": 0.10586197924084167,
        "annual_volatility_rescaled_3_0_bps": 0.15000000000000227,
        "downside_risk_rescaled_3_0_bps": 0.10338923785360558,
        "max_drawdown_rescaled_3_0_bps": 0.17935506333131024,
        "sharpe_ratio_years": -0.1867439662010435,
        "sharpe_ratio_years_0_5_bps": -0.220505494381666,
        "sharpe_ratio_years_1_0_bps": -0.25425930770177907,
        "sharpe_ratio_years_1_5_bps": -0.28800520340445557,
        "sharpe_ratio_years_2_0_bps": -0.32174297905463045,
        "sharpe_ratio_years_2_5_bps": -0.35547243254594196,
        "sharpe_ratio_years_3_0_bps": -0.3891933621075475,
        "sharpe_ratio_years_std": 1.9411367959138417,
        "sharpe_ratio_years_std_0_5_bps": 1.951827194543457,
        "sharpe_ratio_years_std_1_0_bps": 1.9625090117085282,
        "sharpe_ratio_years_std_1_5_bps": 1.9731821078731815,
        "sharpe_ratio_years_std_2_0_bps": 1.9838463438238054,
        "sharpe_ratio_years_std_2_5_bps": 1.9945015806750122,
        "sharpe_ratio_years_std_3_0_bps": 2.0051476798755985
    },
    "COMB": {
        "annual_return": 0.022184575451503506,
        "annual_volatility": 0.028381517126360504,
        "sharpe_ratio": -0.15600145052491854,
        "downside_risk": 0.019402052532985003,
        "sortino_ratio": 0.03449339618084446,
        "max_drawdown": 0.0345945039665975,
        "calmar_ratio": 0.77814798579165,
        "perc_pos_return": 0.5077519379844955,
        "profit_loss_ratio": 0.9451040678456906,
        "annual_return_0_5_bps": 0.021323767050422,
        "annual_volatility_0_5_bps": 0.0283827879523315,
        "sharpe_ratio_0_5_bps": -0.19130541001334112,
        "downside_risk_0_5_bps": 0.019429560379259,
        "sortino_ratio_0_5_bps": -0.012130862050357516,
        "max_drawdown_0_5_bps": 0.034881380867229,
        "calmar_ratio_0_5_bps": 0.7569182507801641,
        "perc_pos_return_0_5_bps": 0.5058139534883715,
        "profit_loss_ratio_0_5_bps": 0.9457431733556085,
        "annual_return_1_0_bps": 0.020463707443379997,
        "annual_volatility_1_0_bps": 0.028384102111354503,
        "sharpe_ratio_1_0_bps": -0.22659951852755944,
        "downside_risk_1_0_bps": 0.0194571279902415,
        "sortino_ratio_1_0_bps": -0.05858798756833816,
        "max_drawdown_1_0_bps": 0.03516810177105251,
        "calmar_ratio_1_0_bps": 0.7358295166667141,
        "perc_pos_return_1_0_bps": 0.5058139534883715,
        "profit_loss_ratio_1_0_bps": 0.940083154590531,
        "annual_return_1_5_bps": 0.019604395960815004,
        "annual_volatility_1_5_bps": 0.0283854595924315,
        "sharpe_ratio_1_5_bps": -0.26188352569793005,
        "downside_risk_1_5_bps": 0.019484755289551,
        "sortino_ratio_1_5_bps": -0.10487836136789541,
        "max_drawdown_1_5_bps": 0.0354546667658255,
        "calmar_ratio_1_5_bps": 0.7148775613685104,
        "perc_pos_return_1_5_bps": 0.5058139534883715,
        "profit_loss_ratio_1_5_bps": 0.934458976320491,
        "annual_return_2_0_bps": 0.018745831933790497,
        "annual_volatility_2_0_bps": 0.028386860384303002,
        "sharpe_ratio_2_0_bps": -0.2971571816574674,
        "downside_risk_2_0_bps": 0.0195124419744295,
        "sortino_ratio_2_0_bps": -0.15100242014684206,
        "max_drawdown_2_0_bps": 0.035741075939253006,
        "calmar_ratio_2_0_bps": 0.6940583928951385,
        "perc_pos_return_2_0_bps": 0.5058139534883715,
        "profit_loss_ratio_2_0_bps": 0.9288702716090016,
        "annual_return_2_5_bps": 0.017888014693973504,
        "annual_volatility_2_5_bps": 0.028388304475443504,
        "sharpe_ratio_2_5_bps": -0.3324202370518239,
        "downside_risk_2_5_bps": 0.019540187757857003,
        "sortino_ratio_2_5_bps": -0.19696060234005053,
        "max_drawdown_2_5_bps": 0.0360273293789925,
        "calmar_ratio_2_5_bps": 0.673368233484524,
        "perc_pos_return_2_5_bps": 0.5038759689922475,
        "profit_loss_ratio_2_5_bps": 0.929493538555616,
        "annual_return_3_0_bps": 0.0170309435736405,
        "annual_volatility_3_0_bps": 0.028389791854064,
        "sharpe_ratio_3_0_bps": -0.3676724430492151,
        "downside_risk_3_0_bps": 0.019567992950761004,
        "sortino_ratio_3_0_bps": -0.24275328708064903,
        "max_drawdown_3_0_bps": 0.0363134271726555,
        "calmar_ratio_3_0_bps": 0.6528035050360594,
        "perc_pos_return_3_0_bps": 0.4980620155038756,
        "profit_loss_ratio_3_0_bps": 0.9469506965546746,
        "annual_return_rescaled": 0.1369725927335501,
        "annual_volatility_rescaled": 0.14999999999999994,
        "downside_risk_rescaled": 0.10254236470131226,
        "max_drawdown_rescaled": 0.17174458562311956,
        "annual_return_rescaled_0_5_bps": 0.13172494357169368,
        "annual_volatility_rescaled_0_5_bps": 0.1500000000000028,
        "downside_risk_rescaled_0_5_bps": 0.10268314944196587,
        "max_drawdown_rescaled_0_5_bps": 0.17302302891494262,
        "annual_return_rescaled_1_0_bps": 0.12650244587264525,
        "annual_volatility_rescaled_1_0_bps": 0.15000000000000063,
        "downside_risk_rescaled_1_0_bps": 0.10282408043369809,
        "max_drawdown_rescaled_1_0_bps": 0.17429745023216847,
        "annual_return_rescaled_1_5_bps": 0.12130500000135691,
        "annual_volatility_rescaled_1_5_bps": 0.15000000000000246,
        "downside_risk_rescaled_1_5_bps": 0.1029651566470318,
        "max_drawdown_rescaled_1_5_bps": 0.17556785693251192,
        "annual_return_rescaled_2_0_bps": 0.11613250647105045,
        "annual_volatility_rescaled_2_0_bps": 0.15000000000000135,
        "downside_risk_rescaled_2_0_bps": 0.1031063758563072,
        "max_drawdown_rescaled_2_0_bps": 0.17683425640193473,
        "annual_return_rescaled_2_5_bps": 0.11098486594543916,
        "annual_volatility_rescaled_2_5_bps": 0.15000000000000027,
        "downside_risk_rescaled_2_5_bps": 0.10324773591934548,
        "max_drawdown_rescaled_2_5_bps": 0.17809665605434888,
        "annual_return_rescaled_3_0_bps": 0.10586197924084167,
        "annual_volatility_rescaled_3_0_bps": 0.15000000000000227,
        "downside_risk_rescaled_3_0_bps": 0.10338923785360558,
        "max_drawdown_rescaled_3_0_bps": 0.17935506333131024,
        "sharpe_ratio_years": -0.1867439662010435,
        "sharpe_ratio_years_0_5_bps": -0.220505494381666,
        "sharpe_ratio_years_1_0_bps": -0.25425930770177907,
        "sharpe_ratio_years_1_5_bps": -0.28800520340445557,
        "sharpe_ratio_years_2_0_bps": -0.32174297905463045,
        "sharpe_ratio_years_2_5_bps": -0.35547243254594196,
        "sharpe_ratio_years_3_0_bps": -0.3891933621075475,
        "sharpe_ratio_years_std": 1.9411367959138417,
        "sharpe_ratio_years_std_0_5_bps": 1.951827194543457,
        "sharpe_ratio_years_std_1_0_bps": 1.9625090117085282,
        "sharpe_ratio_years_std_1_5_bps": 1.9731821078731815,
        "sharpe_ratio_years_std_2_0_bps": 1.9838463438238054,
        "sharpe_ratio_years_std_2_5_bps": 1.9945015806750122,
        "sharpe_ratio_years_std_3_0_bps": 2.0051476798755985
    }
}