{
    "ALL": {
        "annual_return": [
            -0.02723116547679,
            0.07160031637979701
        ],
        "annual_volatility": [
            0.014080552548902002,
            0.042682481703819004
        ],
        "sharpe_ratio": [
            -1.953653765441393,
            1.641650864391556
        ],
        "downside_risk": [
            0.011157442097338,
            0.027646662968632003
        ],
        "sortino_ratio": [
            -2.465486647089237,
            2.534473439450926
        ],
        "max_drawdown": [
            0.037752356378712,
            0.031436651554483004
        ],
        "calmar_ratio": [
            -0.721310352223346,
            2.277606323806646
        ],
        "perc_pos_return": [
            0.46511627906976705,
            0.550387596899224
        ],
        "profit_loss_ratio": [
            0.8072599250031841,
            1.082948210688197
        ],
        "annual_return_0_5_bps": [
            -0.027880958560924003,
            0.070528492661768
        ],
        "annual_volatility_0_5_bps": [
            0.01408270981067,
            0.042682866093993
        ],
        "sharpe_ratio_0_5_bps": [
            -2.000795758599457,
            1.618184938572775
        ],
        "downside_risk_0_5_bps": [
            0.011182125256632001,
            0.027676995501886
        ],
        "sortino_ratio_0_5_bps": [
            -2.519791668588751,
            2.495529944488036
        ],
        "max_drawdown_0_5_bps": [
            0.038301651877337,
            0.031461109857121
        ],
        "calmar_ratio_0_5_bps": [
            -0.7279309688839131,
            2.241767470444241
        ],
        "perc_pos_return_0_5_bps": [
            0.46124031007751903,
            0.550387596899224
        ],
        "profit_loss_ratio_0_5_bps": [
            0.8128684721556281,
            1.078617874555589
        ],
        "annual_return_1_0_bps": [
            -0.028530319922916002,
            0.069457734809676
        ],
        "annual_volatility_1_0_bps": [
            0.01408491126478,
            0.042683292957929005
        ],
        "sharpe_ratio_1_0_bps": [
            -2.047916885569721,
            1.594717848514602
        ],
        "downside_risk_1_0_bps": [
            0.011206872442278,
            0.027707383538205003
        ],
        "sortino_ratio_1_0_bps": [
            -2.573842770091529,
            2.456666794954853
        ],
        "max_drawdown_1_0_bps": [
            0.038850635862222004,
            0.031485567679883
        ],
        "calmar_ratio_1_0_bps": [
            -0.734359149850068,
            2.206018183183496
        ],
        "perc_pos_return_1_0_bps": [
            0.46124031007751903,
            0.550387596899224
        ],
        "profit_loss_ratio_1_0_bps": [
            0.8058613094903541,
            1.074304999690708
        ],
        "annual_return_1_5_bps": [
            -0.029179249848067003,
            0.06838804176969701
        ],
        "annual_volatility_1_5_bps": [
            0.014087156890513002,
            0.04268376229435
        ],
        "sharpe_ratio_1_5_bps": [
            -2.095016715749637,
            1.571249664353777
        ],
        "downside_risk_1_5_bps": [
            0.011231683683933001,
            0.027737826895169
        ],
        "sortino_ratio_1_5_bps": [
            -2.627640698716448,
            2.417883975980657
        ],
        "max_drawdown_1_5_bps": [
            0.039399308508877004,
            0.031510025022774
        ],
        "calmar_ratio_1_5_bps": [
            -0.74060309564806,
            2.170358218385081
        ],
        "perc_pos_return_1_5_bps": [
            0.46124031007751903,
            0.550387596899224
        ],
        "profit_loss_ratio_1_5_bps": [
            0.79890847194885,
            1.070009480692132
        ],
        "annual_return_2_0_bps": [
            -0.029827748621476004,
            0.067319412489057
        ],
        "annual_volatility_2_0_bps": [
            0.014089446666749002,
            0.042684274101857
        ],
        "sharpe_ratio_2_0_bps": [
            -2.142094819547352,
            1.5477804562324171
        ],
        "downside_risk_2_0_bps": [
            0.01125655855803,
            0.027768325390829
        ],
        "sortino_ratio_2_0_bps": [
            -2.6811863110330343,
            2.37918147073935
        ],
        "max_drawdown_2_0_bps": [
            0.039947669992704,
            0.031534481885802004
        ],
        "calmar_ratio_2_0_bps": [
            -0.7466705474167531,
            2.13478733320703
        ],
        "perc_pos_return_2_0_bps": [
            0.46124031007751903,
            0.550387596899224
        ],
        "profit_loss_ratio_2_0_bps": [
            0.792009330212957,
            1.065731213005046
        ],
        "annual_return_2_5_bps": [
            -0.030475816528061004,
            0.06625184591600801
        ],
        "annual_volatility_2_5_bps": [
            0.014091780571965001,
            0.042684828378922006
        ],
        "sharpe_ratio_2_5_bps": [
            -2.189150768400619,
            1.524310294296971
        ],
        "downside_risk_2_5_bps": [
            0.011281496672008002,
            0.027798878843706003
        ],
        "sortino_ratio_2_5_bps": [
            -2.734480465149047,
            2.340559260468946
        ],
        "max_drawdown_2_5_bps": [
            0.040495720489012,
            0.031558938268973005
        ],
        "calmar_ratio_2_5_bps": [
            -0.7525688186318431,
            2.099305285600891
        ],
        "perc_pos_return_2_5_bps": [
            0.457364341085271,
            0.550387596899224
        ],
        "profit_loss_ratio_2_5_bps": [
            0.7975169841984661,
            1.061470092912766
        ],
        "annual_return_3_0_bps": [
            -0.031123453852555,
            0.065185340999836
        ],
        "annual_volatility_3_0_bps": [
            0.014094158584239002,
            0.042685425123889
        ],
        "sharpe_ratio_3_0_bps": [
            -2.236184134795604,
            1.500839248697174
        ],
        "downside_risk_3_0_bps": [
            0.011306498324860002,
            0.027829487576662003
        ],
        "sortino_ratio_3_0_bps": [
            -2.787523856972592,
            2.302017282811294
        ],
        "max_drawdown_3_0_bps": [
            0.041043460173015,
            0.031583394172296005
        ],
        "calmar_ratio_3_0_bps": [
            -0.758304824236479,
            2.063911834308598
        ],
        "perc_pos_return_3_0_bps": [
            0.45348837209302306,
            0.5426356589147281
        ],
        "profit_loss_ratio_3_0_bps": [
            0.8030906613438791,
            1.09081073176547
        ],
        "annual_return_rescaled": [
            -0.13773380071095698,
            0.4116789861780572
        ],
        "annual_volatility_rescaled": [
            0.07441754691730824,
            0.22558245308269165
        ],
        "downside_risk_rescaled": [
            0.0589685289602175,
            0.146116200442407
        ],
        "max_drawdown_rescaled": [
            0.18568692313829097,
            0.15780224810794813
        ],
        "annual_return_rescaled_0_5_bps": [
            -0.14076972700267343,
            0.4042196141460608
        ],
        "annual_volatility_rescaled_0_5_bps": [
            0.07442561580449192,
            0.22557438419551365
        ],
        "downside_risk_rescaled_0_5_bps": [
            0.05909633653014665,
            0.1462699623537851
        ],
        "max_drawdown_rescaled_0_5_bps": [
            0.18813557776543646,
            0.15791048006444877
        ],
        "annual_return_rescaled_1_0_bps": [
            -0.14379454437396366,
            0.39679943611925417
        ],
        "annual_volatility_rescaled_1_0_bps": [
            0.07443380387473719,
            0.22556619612526407
        ],
        "downside_risk_rescaled_1_0_bps": [
            0.05922438059681437,
            0.1464237802705818
        ],
        "max_drawdown_rescaled_1_0_bps": [
            0.19057643465342308,
            0.15801846581091383
        ],
        "annual_return_rescaled_1_5_bps": [
            -0.14680828120856848,
            0.3894182812112823
        ],
        "annual_volatility_rescaled_1_5_bps": [
            0.07444211099335017,
            0.22555788900665474
        ],
        "downside_risk_rescaled_1_5_bps": [
            0.059352660720676555,
            0.14657765257338706
        ],
        "max_drawdown_rescaled_1_5_bps": [
            0.19300950884466458,
            0.15812620502035926
        ],
        "annual_return_rescaled_2_0_bps": [
            -0.14981096593050802,
            0.3820759788726089
        ],
        "annual_volatility_rescaled_2_0_bps": [
            0.07445053702314473,
            0.225549462976858
        ],
        "downside_risk_rescaled_2_0_bps": [
            0.059481174065949514,
            0.1467315776466649
        ],
        "max_drawdown_rescaled_2_0_bps": [
            0.1954348154343092,
            0.15823369736956028
        ],
        "annual_return_rescaled_2_5_bps": [
            -0.15280262700312275,
            0.37477235889400107
        ],
        "annual_volatility_rescaled_2_5_bps": [
            0.07445908182446238,
            0.22554091817553817
        ],
        "downside_risk_rescaled_2_5_bps": [
            0.05960991795987917,
            0.1468855538788118
        ],
        "max_drawdown_rescaled_2_5_bps": [
            0.1978523695696152,
            0.1583409425390826
        ],
        "annual_return_rescaled_3_0_bps": [
            -0.15578329292810433,
            0.3675072514097877
        ],
        "annual_volatility_rescaled_3_0_bps": [
            0.07446774525517598,
            0.22553225474482855
        ],
        "downside_risk_rescaled_3_0_bps": [
            0.05973889338277429,
            0.14703958232443687
        ],
        "max_drawdown_rescaled_3_0_bps": [
            0.20026218644934818,
            0.1584479402132723
        ],
        "sharpe_ratio_years": [
            -2.127880762114885,
            1.7543928297127982
        ],
        "sharpe_ratio_years_0_5_bps": [
            -2.172332688925123,
            1.731321700161791
        ],
        "sharpe_ratio_years_1_0_bps": [
            -2.216768319410307,
            1.708249704006749
        ],
        "sharpe_ratio_years_1_5_bps": [
            -2.261187311277637,
            1.685176904468726
        ],
        "sharpe_ratio_years_2_0_bps": [
            -2.305589322878436,
            1.662103364769175
        ],
        "sharpe_ratio_years_2_5_bps": [
            -2.349974013220954,
            1.6390291481290702
        ],
        "sharpe_ratio_years_3_0_bps": [
            -2.394341041983146,
            1.615954317768051
        ]
    },
    "COMB": {
        "annual_return": [
            -0.02723116547679,
            0.07160031637979701
        ],
        "annual_volatility": [
            0.014080552548902002,
            0.042682481703819004
        ],
        "sharpe_ratio": [
            -1.953653765441393,
            1.641650864391556
        ],
        "downside_risk": [
            0.011157442097338,
            0.027646662968632003
        ],
        "sortino_ratio": [
            -2.465486647089237,
            2.534473439450926
        ],
        "max_drawdown": [
            0.037752356378712,
            0.031436651554483004
        ],
        "calmar_ratio": [
            -0.721310352223346,
            2.277606323806646
        ],
        "perc_pos_return": [
            0.46511627906976705,
            0.550387596899224
        ],
        "profit_loss_ratio": [
            0.8072599250031841,
            1.082948210688197
        ],
        "annual_return_0_5_bps": [
            -0.027880958560924003,
            0.070528492661768
        ],
        "annual_volatility_0_5_bps": [
            0.01408270981067,
            0.042682866093993
        ],
        "sharpe_ratio_0_5_bps": [
            -2.000795758599457,
            1.618184938572775
        ],
        "downside_risk_0_5_bps": [
            0.011182125256632001,
            0.027676995501886
        ],
        "sortino_ratio_0_5_bps": [
            -2.519791668588751,
            2.495529944488036
        ],
        "max_drawdown_0_5_bps": [
            0.038301651877337,
            0.031461109857121
        ],
        "calmar_ratio_0_5_bps": [
            -0.7279309688839131,
            2.241767470444241
        ],
        "perc_pos_return_0_5_bps": [
            0.46124031007751903,
            0.550387596899224
        ],
        "profit_loss_ratio_0_5_bps": [
            0.8128684721556281,
            1.078617874555589
        ],
        "annual_return_1_0_bps": [
            -0.028530319922916002,
            0.069457734809676
        ],
        "annual_volatility_1_0_bps": [
            0.01408491126478,
            0.042683292957929005
        ],
        "sharpe_ratio_1_0_bps": [
            -2.047916885569721,
            1.594717848514602
        ],
        "downside_risk_1_0_bps": [
            0.011206872442278,
            0.027707383538205003
        ],
        "sortino_ratio_1_0_bps": [
            -2.573842770091529,
            2.456666794954853
        ],
        "max_drawdown_1_0_bps": [
            0.038850635862222004,
            0.031485567679883
        ],
        "calmar_ratio_1_0_bps": [
            -0.734359149850068,
            2.206018183183496
        ],
        "perc_pos_return_1_0_bps": [
            0.46124031007751903,
            0.550387596899224
        ],
        "profit_loss_ratio_1_0_bps": [
            0.8058613094903541,
            1.074304999690708
        ],
        "annual_return_1_5_bps": [
            -0.029179249848067003,
            0.06838804176969701
        ],
        "annual_volatility_1_5_bps": [
            0.014087156890513002,
            0.04268376229435
        ],
        "sharpe_ratio_1_5_bps": [
            -2.095016715749637,
            1.571249664353777
        ],
        "downside_risk_1_5_bps": [
            0.011231683683933001,
            0.027737826895169
        ],
        "sortino_ratio_1_5_bps": [
            -2.627640698716448,
            2.417883975980657
        ],
        "max_drawdown_1_5_bps": [
            0.039399308508877004,
            0.031510025022774
        ],
        "calmar_ratio_1_5_bps": [
            -0.74060309564806,
            2.170358218385081
        ],
        "perc_pos_return_1_5_bps": [
            0.46124031007751903,
            0.550387596899224
        ],
        "profit_loss_ratio_1_5_bps": [
            0.79890847194885,
            1.070009480692132
        ],
        "annual_return_2_0_bps": [
            -0.029827748621476004,
            0.067319412489057
        ],
        "annual_volatility_2_0_bps": [
            0.014089446666749002,
            0.042684274101857
        ],
        "sharpe_ratio_2_0_bps": [
            -2.142094819547352,
            1.5477804562324171
        ],
        "downside_risk_2_0_bps": [
            0.01125655855803,
            0.027768325390829
        ],
        "sortino_ratio_2_0_bps": [
            -2.6811863110330343,
            2.37918147073935
        ],
        "max_drawdown_2_0_bps": [
            0.039947669992704,
            0.031534481885802004
        ],
        "calmar_ratio_2_0_bps": [
            -0.7466705474167531,
            2.13478733320703
        ],
        "perc_pos_return_2_0_bps": [
            0.46124031007751903,
            0.550387596899224
        ],
        "profit_loss_ratio_2_0_bps": [
            0.792009330212957,
            1.065731213005046
        ],
        "annual_return_2_5_bps": [
            -0.030475816528061004,
            0.06625184591600801
        ],
        "annual_volatility_2_5_bps": [
            0.014091780571965001,
            0.042684828378922006
        ],
        "sharpe_ratio_2_5_bps": [
            -2.189150768400619,
            1.524310294296971
        ],
        "downside_risk_2_5_bps": [
            0.011281496672008002,
            0.027798878843706003
        ],
        "sortino_ratio_2_5_bps": [
            -2.734480465149047,
            2.340559260468946
        ],
        "max_drawdown_2_5_bps": [
            0.040495720489012,
            0.031558938268973005
        ],
        "calmar_ratio_2_5_bps": [
            -0.7525688186318431,
            2.099305285600891
        ],
        "perc_pos_return_2_5_bps": [
            0.457364341085271,
            0.550387596899224
        ],
        "profit_loss_ratio_2_5_bps": [
            0.7975169841984661,
            1.061470092912766
        ],
        "annual_return_3_0_bps": [
            -0.031123453852555,
            0.065185340999836
        ],
        "annual_volatility_3_0_bps": [
            0.014094158584239002,
            0.042685425123889
        ],
        "sharpe_ratio_3_0_bps": [
            -2.236184134795604,
            1.500839248697174
        ],
        "downside_risk_3_0_bps": [
            0.011306498324860002,
            0.027829487576662003
        ],
        "sortino_ratio_3_0_bps": [
            -2.787523856972592,
            2.302017282811294
        ],
        "max_drawdown_3_0_bps": [
            0.041043460173015,
            0.031583394172296005
        ],
        "calmar_ratio_3_0_bps": [
            -0.758304824236479,
            2.063911834308598
        ],
        "perc_pos_return_3_0_bps": [
            0.45348837209302306,
            0.5426356589147281
        ],
        "profit_loss_ratio_3_0_bps": [
            0.8030906613438791,
            1.09081073176547
        ],
        "annual_return_rescaled": [
            -0.13773380071095698,
            0.4116789861780572
        ],
        "annual_volatility_rescaled": [
            0.07441754691730824,
            0.22558245308269165
        ],
        "downside_risk_rescaled": [
            0.0589685289602175,
            0.146116200442407
        ],
        "max_drawdown_rescaled": [
            0.18568692313829097,
            0.15780224810794813
        ],
        "annual_return_rescaled_0_5_bps": [
            -0.14076972700267343,
            0.4042196141460608
        ],
        "annual_volatility_rescaled_0_5_bps": [
            0.07442561580449192,
            0.22557438419551365
        ],
        "downside_risk_rescaled_0_5_bps": [
            0.05909633653014665,
            0.1462699623537851
        ],
        "max_drawdown_rescaled_0_5_bps": [
            0.18813557776543646,
            0.15791048006444877
        ],
        "annual_return_rescaled_1_0_bps": [
            -0.14379454437396366,
            0.39679943611925417
        ],
        "annual_volatility_rescaled_1_0_bps": [
            0.07443380387473719,
            0.22556619612526407
        ],
        "downside_risk_rescaled_1_0_bps": [
            0.05922438059681437,
            0.1464237802705818
        ],
        "max_drawdown_rescaled_1_0_bps": [
            0.19057643465342308,
            0.15801846581091383
        ],
        "annual_return_rescaled_1_5_bps": [
            -0.14680828120856848,
            0.3894182812112823
        ],
        "annual_volatility_rescaled_1_5_bps": [
            0.07444211099335017,
            0.22555788900665474
        ],
        "downside_risk_rescaled_1_5_bps": [
            0.059352660720676555,
            0.14657765257338706
        ],
        "max_drawdown_rescaled_1_5_bps": [
            0.19300950884466458,
            0.15812620502035926
        ],
        "annual_return_rescaled_2_0_bps": [
            -0.14981096593050802,
            0.3820759788726089
        ],
        "annual_volatility_rescaled_2_0_bps": [
            0.07445053702314473,
            0.225549462976858
        ],
        "downside_risk_rescaled_2_0_bps": [
            0.059481174065949514,
            0.1467315776466649
        ],
        "max_drawdown_rescaled_2_0_bps": [
            0.1954348154343092,
            0.15823369736956028
        ],
        "annual_return_rescaled_2_5_bps": [
            -0.15280262700312275,
            0.37477235889400107
        ],
        "annual_volatility_rescaled_2_5_bps": [
            0.07445908182446238,
            0.22554091817553817
        ],
        "downside_risk_rescaled_2_5_bps": [
            0.05960991795987917,
            0.1468855538788118
        ],
        "max_drawdown_rescaled_2_5_bps": [
            0.1978523695696152,
            0.1583409425390826
        ],
        "annual_return_rescaled_3_0_bps": [
            -0.15578329292810433,
            0.3675072514097877
        ],
        "annual_volatility_rescaled_3_0_bps": [
            0.07446774525517598,
            0.22553225474482855
        ],
        "downside_risk_rescaled_3_0_bps": [
            0.05973889338277429,
            0.14703958232443687
        ],
        "max_drawdown_rescaled_3_0_bps": [
            0.20026218644934818,
            0.1584479402132723
        ],
        "sharpe_ratio_years": [
            -2.127880762114885,
            1.7543928297127982
        ],
        "sharpe_ratio_years_0_5_bps": [
            -2.172332688925123,
            1.731321700161791
        ],
        "sharpe_ratio_years_1_0_bps": [
            -2.216768319410307,
            1.708249704006749
        ],
        "sharpe_ratio_years_1_5_bps": [
            -2.261187311277637,
            1.685176904468726
        ],
        "sharpe_ratio_years_2_0_bps": [
            -2.305589322878436,
            1.662103364769175
        ],
        "sharpe_ratio_years_2_5_bps": [
            -2.349974013220954,
            1.6390291481290702
        ],
        "sharpe_ratio_years_3_0_bps": [
            -2.394341041983146,
            1.615954317768051
        ]
    }
}