{
    "ALL": {
        "annual_return": 0.009406072207045507,
        "annual_volatility": 0.0729774339409205,
        "sharpe_ratio": -0.6095750948204526,
        "downside_risk": 0.053143574060508,
        "sortino_ratio": -0.6209155673452844,
        "max_drawdown": 0.0981217134412875,
        "calmar_ratio": 0.8720488870538805,
        "perc_pos_return": 0.49720990558923706,
        "profit_loss_ratio": 0.9168077666408906,
        "annual_return_0_5_bps": 0.004321533723313009,
        "annual_volatility_0_5_bps": 0.0729970859352205,
        "sharpe_ratio_0_5_bps": -0.6675799746909761,
        "downside_risk_0_5_bps": 0.053293427404859005,
        "sortino_ratio_0_5_bps": -0.701832424104494,
        "max_drawdown_0_5_bps": 0.0989710130588165,
        "calmar_ratio_0_5_bps": 0.7893275795259115,
        "perc_pos_return_0_5_bps": 0.49526438029740855,
        "profit_loss_ratio_0_5_bps": 0.9148419666527055,
        "annual_return_1_0_bps": -0.0007299109318864988,
        "annual_volatility_1_0_bps": 0.07301776004610701,
        "sharpe_ratio_1_0_bps": -0.725562376554869,
        "downside_risk_1_0_bps": 0.053444407050007504,
        "sortino_ratio_1_0_bps": -0.7822724563559411,
        "max_drawdown_1_0_bps": 0.09981909043135051,
        "calmar_ratio_1_0_bps": 0.7079359389141805,
        "perc_pos_return_1_0_bps": 0.49331885500557954,
        "profit_loss_ratio_1_0_bps": 0.9128691063176015,
        "annual_return_1_5_bps": -0.0057484961941015045,
        "annual_volatility_1_5_bps": 0.0730394548107055,
        "sharpe_ratio_1_5_bps": -0.7835197670759861,
        "downside_risk_1_5_bps": 0.0535965122897495,
        "sortino_ratio_1_5_bps": -0.8622345275151999,
        "max_drawdown_1_5_bps": 0.100665947532304,
        "calmar_ratio_1_5_bps": 0.627851045992095,
        "perc_pos_return_1_5_bps": 0.49331885500557954,
        "profit_loss_ratio_1_5_bps": 0.9027336686383726,
        "annual_return_2_0_bps": -0.010734454807965498,
        "annual_volatility_2_0_bps": 0.0730621687094025,
        "sharpe_ratio_2_0_bps": -0.8414496253924176,
        "downside_risk_2_0_bps": 0.05374973929730101,
        "sortino_ratio_2_0_bps": -0.9417175189859255,
        "max_drawdown_2_0_bps": 0.10151158633186602,
        "calmar_ratio_2_0_bps": 0.5490504515535026,
        "perc_pos_return_2_0_bps": 0.4894278044219221,
        "profit_loss_ratio_2_0_bps": 0.9089318873174055,
        "annual_return_2_5_bps": -0.0156880178393655,
        "annual_volatility_2_5_bps": 0.073085900166312,
        "sharpe_ratio_2_5_bps": -0.899349443811507,
        "downside_risk_2_5_bps": 0.053904090914074505,
        "sortino_ratio_2_5_bps": -1.020720596520722,
        "max_drawdown_2_5_bps": 0.10235600879699751,
        "calmar_ratio_2_5_bps": 0.47151216453487504,
        "perc_pos_return_2_5_bps": 0.48748227913009307,
        "profit_loss_ratio_2_5_bps": 0.9069643250936046,
        "annual_return_3_0_bps": -0.020609414687562992,
        "annual_volatility_3_0_bps": 0.07311064754975151,
        "sharpe_ratio_3_0_bps": -0.9572167284943165,
        "downside_risk_3_0_bps": 0.054059582778851506,
        "sortino_ratio_3_0_bps": -1.0992432018469098,
        "max_drawdown_3_0_bps": 0.10323213666186601,
        "calmar_ratio_3_0_bps": 0.3942204811152719,
        "perc_pos_return_3_0_bps": 0.4797077187584825,
        "profit_loss_ratio_3_0_bps": 0.927721585181866,
        "annual_return_rescaled": 0.03383249920309711,
        "annual_volatility_rescaled": 0.14999999999999986,
        "downside_risk_rescaled": 0.10923289130075081,
        "max_drawdown_rescaled": 0.19127003676118315,
        "annual_return_rescaled_0_5_bps": 0.02232552613740263,
        "annual_volatility_rescaled_0_5_bps": 0.15000000000000016,
        "downside_risk_rescaled_0_5_bps": 0.10951141416553234,
        "max_drawdown_rescaled_0_5_bps": 0.1927337630084165,
        "annual_return_rescaled_1_0_bps": 0.010982991708674172,
        "annual_volatility_rescaled_1_0_bps": 0.1500000000000009,
        "downside_risk_rescaled_1_0_bps": 0.1097905640003068,
        "max_drawdown_rescaled_1_0_bps": 0.19419009856446262,
        "annual_return_rescaled_1_5_bps": -0.00019715193071850878,
        "annual_volatility_rescaled_1_5_bps": 0.15000000000000008,
        "downside_risk_rescaled_1_5_bps": 0.11007032930760746,
        "max_drawdown_rescaled_1_5_bps": 0.19563902660804555,
        "annual_return_rescaled_2_0_bps": -0.01121694067788237,
        "annual_volatility_rescaled_2_0_bps": 0.15000000000000005,
        "downside_risk_rescaled_2_0_bps": 0.11035069225309818,
        "max_drawdown_rescaled_2_0_bps": 0.19708053129213876,
        "annual_return_rescaled_2_5_bps": -0.022078398123131115,
        "annual_volatility_rescaled_2_5_bps": 0.1500000000000001,
        "downside_risk_rescaled_2_5_bps": 0.1106316487682559,
        "max_drawdown_rescaled_2_5_bps": 0.1985145977401827,
        "annual_return_rescaled_3_0_bps": -0.03278353520675359,
        "annual_volatility_rescaled_3_0_bps": 0.1500000000000009,
        "downside_risk_rescaled_3_0_bps": 0.11091322110517085,
        "max_drawdown_rescaled_3_0_bps": 0.20000452123841078,
        "sharpe_ratio_years": -0.3473225989440194,
        "sharpe_ratio_years_0_5_bps": -0.4043357872409459,
        "sharpe_ratio_years_1_0_bps": -0.4613187157494414,
        "sharpe_ratio_years_1_5_bps": -0.5182688596327011,
        "sharpe_ratio_years_2_0_bps": -0.5751837086806855,
        "sharpe_ratio_years_2_5_bps": -0.6320607679943255,
        "sharpe_ratio_years_3_0_bps": -0.6888975586577364,
        "sharpe_ratio_years_std": 1.8130603121137345,
        "sharpe_ratio_years_std_0_5_bps": 1.789615324805109,
        "sharpe_ratio_years_std_1_0_bps": 1.7662015015640695,
        "sharpe_ratio_years_std_1_5_bps": 1.7428212026639982,
        "sharpe_ratio_years_std_2_0_bps": 1.7194767736763004,
        "sharpe_ratio_years_std_2_5_bps": 1.6961705447902085,
        "sharpe_ratio_years_std_3_0_bps": 1.6729048301445575
    },
    "COMB": {
        "annual_return": 0.009406072207045507,
        "annual_volatility": 0.0729774339409205,
        "sharpe_ratio": -0.6095750948204526,
        "downside_risk": 0.053143574060508,
        "sortino_ratio": -0.6209155673452844,
        "max_drawdown": 0.0981217134412875,
        "calmar_ratio": 0.8720488870538805,
        "perc_pos_return": 0.49720990558923706,
        "profit_loss_ratio": 0.9168077666408906,
        "annual_return_0_5_bps": 0.004321533723313009,
        "annual_volatility_0_5_bps": 0.0729970859352205,
        "sharpe_ratio_0_5_bps": -0.6675799746909761,
        "downside_risk_0_5_bps": 0.053293427404859005,
        "sortino_ratio_0_5_bps": -0.701832424104494,
        "max_drawdown_0_5_bps": 0.0989710130588165,
        "calmar_ratio_0_5_bps": 0.7893275795259115,
        "perc_pos_return_0_5_bps": 0.49526438029740855,
        "profit_loss_ratio_0_5_bps": 0.9148419666527055,
        "annual_return_1_0_bps": -0.0007299109318864988,
        "annual_volatility_1_0_bps": 0.07301776004610701,
        "sharpe_ratio_1_0_bps": -0.725562376554869,
        "downside_risk_1_0_bps": 0.053444407050007504,
        "sortino_ratio_1_0_bps": -0.7822724563559411,
        "max_drawdown_1_0_bps": 0.09981909043135051,
        "calmar_ratio_1_0_bps": 0.7079359389141805,
        "perc_pos_return_1_0_bps": 0.49331885500557954,
        "profit_loss_ratio_1_0_bps": 0.9128691063176015,
        "annual_return_1_5_bps": -0.0057484961941015045,
        "annual_volatility_1_5_bps": 0.0730394548107055,
        "sharpe_ratio_1_5_bps": -0.7835197670759861,
        "downside_risk_1_5_bps": 0.0535965122897495,
        "sortino_ratio_1_5_bps": -0.8622345275151999,
        "max_drawdown_1_5_bps": 0.100665947532304,
        "calmar_ratio_1_5_bps": 0.627851045992095,
        "perc_pos_return_1_5_bps": 0.49331885500557954,
        "profit_loss_ratio_1_5_bps": 0.9027336686383726,
        "annual_return_2_0_bps": -0.010734454807965498,
        "annual_volatility_2_0_bps": 0.0730621687094025,
        "sharpe_ratio_2_0_bps": -0.8414496253924176,
        "downside_risk_2_0_bps": 0.05374973929730101,
        "sortino_ratio_2_0_bps": -0.9417175189859255,
        "max_drawdown_2_0_bps": 0.10151158633186602,
        "calmar_ratio_2_0_bps": 0.5490504515535026,
        "perc_pos_return_2_0_bps": 0.4894278044219221,
        "profit_loss_ratio_2_0_bps": 0.9089318873174055,
        "annual_return_2_5_bps": -0.0156880178393655,
        "annual_volatility_2_5_bps": 0.073085900166312,
        "sharpe_ratio_2_5_bps": -0.899349443811507,
        "downside_risk_2_5_bps": 0.053904090914074505,
        "sortino_ratio_2_5_bps": -1.020720596520722,
        "max_drawdown_2_5_bps": 0.10235600879699751,
        "calmar_ratio_2_5_bps": 0.47151216453487504,
        "perc_pos_return_2_5_bps": 0.48748227913009307,
        "profit_loss_ratio_2_5_bps": 0.9069643250936046,
        "annual_return_3_0_bps": -0.020609414687562992,
        "annual_volatility_3_0_bps": 0.07311064754975151,
        "sharpe_ratio_3_0_bps": -0.9572167284943165,
        "downside_risk_3_0_bps": 0.054059582778851506,
        "sortino_ratio_3_0_bps": -1.0992432018469098,
        "max_drawdown_3_0_bps": 0.10323213666186601,
        "calmar_ratio_3_0_bps": 0.3942204811152719,
        "perc_pos_return_3_0_bps": 0.4797077187584825,
        "profit_loss_ratio_3_0_bps": 0.927721585181866,
        "annual_return_rescaled": 0.03383249920309711,
        "annual_volatility_rescaled": 0.14999999999999986,
        "downside_risk_rescaled": 0.10923289130075081,
        "max_drawdown_rescaled": 0.19127003676118315,
        "annual_return_rescaled_0_5_bps": 0.02232552613740263,
        "annual_volatility_rescaled_0_5_bps": 0.15000000000000016,
        "downside_risk_rescaled_0_5_bps": 0.10951141416553234,
        "max_drawdown_rescaled_0_5_bps": 0.1927337630084165,
        "annual_return_rescaled_1_0_bps": 0.010982991708674172,
        "annual_volatility_rescaled_1_0_bps": 0.1500000000000009,
        "downside_risk_rescaled_1_0_bps": 0.1097905640003068,
        "max_drawdown_rescaled_1_0_bps": 0.19419009856446262,
        "annual_return_rescaled_1_5_bps": -0.00019715193071850878,
        "annual_volatility_rescaled_1_5_bps": 0.15000000000000008,
        "downside_risk_rescaled_1_5_bps": 0.11007032930760746,
        "max_drawdown_rescaled_1_5_bps": 0.19563902660804555,
        "annual_return_rescaled_2_0_bps": -0.01121694067788237,
        "annual_volatility_rescaled_2_0_bps": 0.15000000000000005,
        "downside_risk_rescaled_2_0_bps": 0.11035069225309818,
        "max_drawdown_rescaled_2_0_bps": 0.19708053129213876,
        "annual_return_rescaled_2_5_bps": -0.022078398123131115,
        "annual_volatility_rescaled_2_5_bps": 0.1500000000000001,
        "downside_risk_rescaled_2_5_bps": 0.1106316487682559,
        "max_drawdown_rescaled_2_5_bps": 0.1985145977401827,
        "annual_return_rescaled_3_0_bps": -0.03278353520675359,
        "annual_volatility_rescaled_3_0_bps": 0.1500000000000009,
        "downside_risk_rescaled_3_0_bps": 0.11091322110517085,
        "max_drawdown_rescaled_3_0_bps": 0.20000452123841078,
        "sharpe_ratio_years": -0.3473225989440194,
        "sharpe_ratio_years_0_5_bps": -0.4043357872409459,
        "sharpe_ratio_years_1_0_bps": -0.4613187157494414,
        "sharpe_ratio_years_1_5_bps": -0.5182688596327011,
        "sharpe_ratio_years_2_0_bps": -0.5751837086806855,
        "sharpe_ratio_years_2_5_bps": -0.6320607679943255,
        "sharpe_ratio_years_3_0_bps": -0.6888975586577364,
        "sharpe_ratio_years_std": 1.8130603121137345,
        "sharpe_ratio_years_std_0_5_bps": 1.789615324805109,
        "sharpe_ratio_years_std_1_0_bps": 1.7662015015640695,
        "sharpe_ratio_years_std_1_5_bps": 1.7428212026639982,
        "sharpe_ratio_years_std_2_0_bps": 1.7194767736763004,
        "sharpe_ratio_years_std_2_5_bps": 1.6961705447902085,
        "sharpe_ratio_years_std_3_0_bps": 1.6729048301445575
    }
}