{
    "ALL": {
        "annual_return": [
            -0.133058742571703,
            0.151870886985794
        ],
        "annual_volatility": [
            0.051249666759929,
            0.09470520112191201
        ],
        "sharpe_ratio": [
            -2.759731923025773,
            1.540581733384868
        ],
        "downside_risk": [
            0.040773001657058,
            0.065514146463958
        ],
        "sortino_ratio": [
            -3.468847905568019,
            2.22701677087745
        ],
        "max_drawdown": [
            0.139895365071309,
            0.056348061811266004
        ],
        "calmar_ratio": [
            -0.9511304574235081,
            2.695228231531269
        ],
        "perc_pos_return": [
            0.43410852713178205,
            0.5603112840466921
        ],
        "profit_loss_ratio": [
            0.7902294888295751,
            1.043386044452206
        ],
        "annual_return_0_5_bps": [
            -0.134661862360513,
            0.14330492980713902
        ],
        "annual_volatility_0_5_bps": [
            0.051242660696233004,
            0.094751511174208
        ],
        "sharpe_ratio_0_5_bps": [
            -2.796215351708155,
            1.461055402326203
        ],
        "downside_risk_0_5_bps": [
            0.040833096515323006,
            0.065753758294395
        ],
        "sortino_ratio_0_5_bps": [
            -3.509053359384772,
            2.105388511175784
        ],
        "max_drawdown_0_5_bps": [
            0.141332379790328,
            0.056609646327305
        ],
        "calmar_ratio_0_5_bps": [
            -0.9528026242838921,
            2.531457783335715
        ],
        "perc_pos_return_0_5_bps": [
            0.43410852713178205,
            0.556420233463035
        ],
        "profit_loss_ratio_0_5_bps": [
            0.7850574129954461,
            1.044626520309965
        ],
        "annual_return_1_0_bps": [
            -0.136262033926945,
            0.134802212063172
        ],
        "annual_volatility_1_0_bps": [
            0.05123575521351301,
            0.09479976487870101
        ],
        "sharpe_ratio_1_0_bps": [
            -2.832703197127226,
            1.381578444017488
        ],
        "downside_risk_1_0_bps": [
            0.04089336246885,
            0.065995451631165
        ],
        "sortino_ratio_1_0_bps": [
            -3.549125795441827,
            1.984580882729945
        ],
        "max_drawdown_1_0_bps": [
            0.14276700859781002,
            0.056871172264891
        ],
        "calmar_ratio_1_0_bps": [
            -0.9544364294331411,
            2.370308307261502
        ],
        "perc_pos_return_1_0_bps": [
            0.43410852713178205,
            0.552529182879377
        ],
        "profit_loss_ratio_1_0_bps": [
            0.7799159404098861,
            1.045822272225317
        ],
        "annual_return_1_5_bps": [
            -0.137859262663196,
            0.126362270274993
        ],
        "annual_volatility_1_5_bps": [
            0.051228950352445006,
            0.09484995926896601
        ],
        "sharpe_ratio_1_5_bps": [
            -2.8691952438744783,
            1.302155709722506
        ],
        "downside_risk_1_5_bps": [
            0.040953798762307,
            0.06623922581719201
        ],
        "sortino_ratio_1_5_bps": [
            -3.589065364925292,
            1.8645963098948921
        ],
        "max_drawdown_1_5_bps": [
            0.144199255430356,
            0.057132639634252004
        ],
        "calmar_ratio_1_5_bps": [
            -0.956033110238756,
            2.211735202222946
        ],
        "perc_pos_return_1_5_bps": [
            0.43410852713178205,
            0.552529182879377
        ],
        "profit_loss_ratio_1_5_bps": [
            0.7748048002543051,
            1.03066253702244
        ],
        "annual_return_2_0_bps": [
            -0.139453553951659,
            0.11798464433572801
        ],
        "annual_volatility_2_0_bps": [
            0.05122224615313,
            0.094902091265675
        ],
        "sharpe_ratio_2_0_bps": [
            -2.905691276293074,
            1.222792025508239
        ],
        "downside_risk_2_0_bps": [
            0.041014404642688004,
            0.06648507395191401
        ],
        "sortino_ratio_2_0_bps": [
            -3.628872224183793,
            1.7454371862119422
        ],
        "max_drawdown_2_0_bps": [
            0.14562912421811802,
            0.05739404844561401
        ],
        "calmar_ratio_2_0_bps": [
            -0.95759385150728,
            2.055694754614285
        ],
        "perc_pos_return_2_0_bps": [
            0.43410852713178205,
            0.5447470817120621
        ],
        "profit_loss_ratio_2_0_bps": [
            0.76972372489614,
            1.048140049738671
        ],
        "annual_return_2_5_bps": [
            -0.141044913164925,
            0.10966887748619401
        ],
        "annual_volatility_2_5_bps": [
            0.051215642655099,
            0.09495615767752501
        ],
        "sharpe_ratio_2_5_bps": [
            -2.94219107848399,
            1.143492190860976
        ],
        "downside_risk_2_5_bps": [
            0.041075179359323005,
            0.066733002468826
        ],
        "sortino_ratio_2_5_bps": [
            -3.66854653464714,
            1.627105341605696
        ],
        "max_drawdown_2_5_bps": [
            0.14705661888479202,
            0.057655398709203005
        ],
        "calmar_ratio_2_5_bps": [
            -0.9591197882458061,
            1.9021441173155562
        ],
        "perc_pos_return_2_5_bps": [
            0.43410852713178205,
            0.5408560311284041
        ],
        "profit_loss_ratio_2_5_bps": [
            0.7646724498421361,
            1.049256200345073
        ],
        "annual_return_3_0_bps": [
            -0.142633345665829,
            0.10141451629070301
        ],
        "annual_volatility_3_0_bps": [
            0.051209139897308006,
            0.09501215520219501
        ],
        "sharpe_ratio_3_0_bps": [
            -2.978694434312175,
            1.064260977323542
        ],
        "downside_risk_3_0_bps": [
            0.041136123631349004,
            0.066983041926354
        ],
        "sortino_ratio_3_0_bps": [
            -3.708088330466275,
            1.5096019267724552
        ],
        "max_drawdown_3_0_bps": [
            0.14848174334765502,
            0.057982529976077
        ],
        "calmar_ratio_3_0_bps": [
            -0.9606120082511901,
            1.749052970481734
        ],
        "perc_pos_return_3_0_bps": [
            0.43023255813953404,
            0.529182879377431
        ],
        "profit_loss_ratio_3_0_bps": [
            0.771760789353779,
            1.083682381009953
        ],
        "annual_return_rescaled": [
            -0.2565194843051065,
            0.32418448271130074
        ],
        "annual_volatility_rescaled": [
            0.10534009760075728,
            0.1946599023992424
        ],
        "downside_risk_rescaled": [
            0.0838060468597734,
            0.13465973574172824
        ],
        "max_drawdown_rescaled": [
            0.26844234965296576,
            0.11409772386940052
        ],
        "annual_return_rescaled_0_5_bps": [
            -0.2592827664940106,
            0.30393381876881587
        ],
        "annual_volatility_rescaled_0_5_bps": [
            0.10529734174945088,
            0.19470265825054944
        ],
        "downside_risk_rescaled_0_5_bps": [
            0.08390697243358436,
            0.13511585589748032
        ],
        "max_drawdown_rescaled_0_5_bps": [
            0.2708904596434077,
            0.11457706637342532
        ],
        "annual_return_rescaled_1_0_bps": [
            -0.2620311591869221,
            0.28399714260427045
        ],
        "annual_volatility_rescaled_1_0_bps": [
            0.10525334216188148,
            0.1947466578381203
        ],
        "downside_risk_rescaled_1_0_bps": [
            0.0840070192026458,
            0.1355741087979678
        ],
        "max_drawdown_rescaled_1_0_bps": [
            0.273325815158736,
            0.11505438197018925
        ],
        "annual_return_rescaled_1_5_bps": [
            -0.2647646457043683,
            0.2643703418429313
        ],
        "annual_volatility_rescaled_1_5_bps": [
            0.10520810393207486,
            0.19479189606792532
        ],
        "downside_risk_rescaled_1_5_bps": [
            0.08410618384634642,
            0.1360344747688685
        ],
        "max_drawdown_rescaled_1_5_bps": [
            0.27574839617042274,
            0.11552965704566835
        ],
        "annual_return_rescaled_2_0_bps": [
            -0.26748321124352836,
            0.24504932988776362
        ],
        "annual_volatility_rescaled_2_0_bps": [
            0.10516163232889036,
            0.19483836767110974
        ],
        "downside_risk_rescaled_2_0_bps": [
            0.08420446320000279,
            0.1364969213061936
        ],
        "max_drawdown_rescaled_2_0_bps": [
            0.27815818428205946,
            0.11600287830221806
        ],
        "annual_return_rescaled_2_5_bps": [
            -0.2701868428657458,
            0.22603004661948356
        ],
        "annual_volatility_rescaled_2_5_bps": [
            0.10511393279391988,
            0.19488606720608032
        ],
        "downside_risk_rescaled_2_5_bps": [
            0.08430185425476236,
            0.13696144328174945
        ],
        "max_drawdown_rescaled_2_5_bps": [
            0.2805551627202732,
            0.11647403276009222
        ],
        "annual_return_rescaled_3_0_bps": [
            -0.27287552948346705,
            0.20730845906995987
        ],
        "annual_volatility_rescaled_3_0_bps": [
            0.10506501093933161,
            0.19493498906067022
        ],
        "downside_risk_rescaled_3_0_bps": [
            0.08439835716820206,
            0.13742808504213966
        ],
        "max_drawdown_rescaled_3_0_bps": [
            0.2829393163251318,
            0.11706972615168976
        ],
        "sharpe_ratio_years": [
            -2.160382911057754,
            1.4657377131697151
        ],
        "sharpe_ratio_years_0_5_bps": [
            -2.193951112046055,
            1.385279537564163
        ],
        "sharpe_ratio_years_1_0_bps": [
            -2.227520217313511,
            1.3048827858146281
        ],
        "sharpe_ratio_years_1_5_bps": [
            -2.261090062296699,
            1.224552343031297
        ],
        "sharpe_ratio_years_2_0_bps": [
            -2.294660482356986,
            1.144293064995615
        ],
        "sharpe_ratio_years_2_5_bps": [
            -2.328231312784534,
            1.064109776795883
        ],
        "sharpe_ratio_years_3_0_bps": [
            -2.361802388802294,
            0.9840072714868211
        ]
    },
    "COMB": {
        "annual_return": [
            -0.133058742571703,
            0.151870886985794
        ],
        "annual_volatility": [
            0.051249666759929,
            0.09470520112191201
        ],
        "sharpe_ratio": [
            -2.759731923025773,
            1.540581733384868
        ],
        "downside_risk": [
            0.040773001657058,
            0.065514146463958
        ],
        "sortino_ratio": [
            -3.468847905568019,
            2.22701677087745
        ],
        "max_drawdown": [
            0.139895365071309,
            0.056348061811266004
        ],
        "calmar_ratio": [
            -0.9511304574235081,
            2.695228231531269
        ],
        "perc_pos_return": [
            0.43410852713178205,
            0.5603112840466921
        ],
        "profit_loss_ratio": [
            0.7902294888295751,
            1.043386044452206
        ],
        "annual_return_0_5_bps": [
            -0.134661862360513,
            0.14330492980713902
        ],
        "annual_volatility_0_5_bps": [
            0.051242660696233004,
            0.094751511174208
        ],
        "sharpe_ratio_0_5_bps": [
            -2.796215351708155,
            1.461055402326203
        ],
        "downside_risk_0_5_bps": [
            0.040833096515323006,
            0.065753758294395
        ],
        "sortino_ratio_0_5_bps": [
            -3.509053359384772,
            2.105388511175784
        ],
        "max_drawdown_0_5_bps": [
            0.141332379790328,
            0.056609646327305
        ],
        "calmar_ratio_0_5_bps": [
            -0.9528026242838921,
            2.531457783335715
        ],
        "perc_pos_return_0_5_bps": [
            0.43410852713178205,
            0.556420233463035
        ],
        "profit_loss_ratio_0_5_bps": [
            0.7850574129954461,
            1.044626520309965
        ],
        "annual_return_1_0_bps": [
            -0.136262033926945,
            0.134802212063172
        ],
        "annual_volatility_1_0_bps": [
            0.05123575521351301,
            0.09479976487870101
        ],
        "sharpe_ratio_1_0_bps": [
            -2.832703197127226,
            1.381578444017488
        ],
        "downside_risk_1_0_bps": [
            0.04089336246885,
            0.065995451631165
        ],
        "sortino_ratio_1_0_bps": [
            -3.549125795441827,
            1.984580882729945
        ],
        "max_drawdown_1_0_bps": [
            0.14276700859781002,
            0.056871172264891
        ],
        "calmar_ratio_1_0_bps": [
            -0.9544364294331411,
            2.370308307261502
        ],
        "perc_pos_return_1_0_bps": [
            0.43410852713178205,
            0.552529182879377
        ],
        "profit_loss_ratio_1_0_bps": [
            0.7799159404098861,
            1.045822272225317
        ],
        "annual_return_1_5_bps": [
            -0.137859262663196,
            0.126362270274993
        ],
        "annual_volatility_1_5_bps": [
            0.051228950352445006,
            0.09484995926896601
        ],
        "sharpe_ratio_1_5_bps": [
            -2.8691952438744783,
            1.302155709722506
        ],
        "downside_risk_1_5_bps": [
            0.040953798762307,
            0.06623922581719201
        ],
        "sortino_ratio_1_5_bps": [
            -3.589065364925292,
            1.8645963098948921
        ],
        "max_drawdown_1_5_bps": [
            0.144199255430356,
            0.057132639634252004
        ],
        "calmar_ratio_1_5_bps": [
            -0.956033110238756,
            2.211735202222946
        ],
        "perc_pos_return_1_5_bps": [
            0.43410852713178205,
            0.552529182879377
        ],
        "profit_loss_ratio_1_5_bps": [
            0.7748048002543051,
            1.03066253702244
        ],
        "annual_return_2_0_bps": [
            -0.139453553951659,
            0.11798464433572801
        ],
        "annual_volatility_2_0_bps": [
            0.05122224615313,
            0.094902091265675
        ],
        "sharpe_ratio_2_0_bps": [
            -2.905691276293074,
            1.222792025508239
        ],
        "downside_risk_2_0_bps": [
            0.041014404642688004,
            0.06648507395191401
        ],
        "sortino_ratio_2_0_bps": [
            -3.628872224183793,
            1.7454371862119422
        ],
        "max_drawdown_2_0_bps": [
            0.14562912421811802,
            0.05739404844561401
        ],
        "calmar_ratio_2_0_bps": [
            -0.95759385150728,
            2.055694754614285
        ],
        "perc_pos_return_2_0_bps": [
            0.43410852713178205,
            0.5447470817120621
        ],
        "profit_loss_ratio_2_0_bps": [
            0.76972372489614,
            1.048140049738671
        ],
        "annual_return_2_5_bps": [
            -0.141044913164925,
            0.10966887748619401
        ],
        "annual_volatility_2_5_bps": [
            0.051215642655099,
            0.09495615767752501
        ],
        "sharpe_ratio_2_5_bps": [
            -2.94219107848399,
            1.143492190860976
        ],
        "downside_risk_2_5_bps": [
            0.041075179359323005,
            0.066733002468826
        ],
        "sortino_ratio_2_5_bps": [
            -3.66854653464714,
            1.627105341605696
        ],
        "max_drawdown_2_5_bps": [
            0.14705661888479202,
            0.057655398709203005
        ],
        "calmar_ratio_2_5_bps": [
            -0.9591197882458061,
            1.9021441173155562
        ],
        "perc_pos_return_2_5_bps": [
            0.43410852713178205,
            0.5408560311284041
        ],
        "profit_loss_ratio_2_5_bps": [
            0.7646724498421361,
            1.049256200345073
        ],
        "annual_return_3_0_bps": [
            -0.142633345665829,
            0.10141451629070301
        ],
        "annual_volatility_3_0_bps": [
            0.051209139897308006,
            0.09501215520219501
        ],
        "sharpe_ratio_3_0_bps": [
            -2.978694434312175,
            1.064260977323542
        ],
        "downside_risk_3_0_bps": [
            0.041136123631349004,
            0.066983041926354
        ],
        "sortino_ratio_3_0_bps": [
            -3.708088330466275,
            1.5096019267724552
        ],
        "max_drawdown_3_0_bps": [
            0.14848174334765502,
            0.057982529976077
        ],
        "calmar_ratio_3_0_bps": [
            -0.9606120082511901,
            1.749052970481734
        ],
        "perc_pos_return_3_0_bps": [
            0.43023255813953404,
            0.529182879377431
        ],
        "profit_loss_ratio_3_0_bps": [
            0.771760789353779,
            1.083682381009953
        ],
        "annual_return_rescaled": [
            -0.2565194843051065,
            0.32418448271130074
        ],
        "annual_volatility_rescaled": [
            0.10534009760075728,
            0.1946599023992424
        ],
        "downside_risk_rescaled": [
            0.0838060468597734,
            0.13465973574172824
        ],
        "max_drawdown_rescaled": [
            0.26844234965296576,
            0.11409772386940052
        ],
        "annual_return_rescaled_0_5_bps": [
            -0.2592827664940106,
            0.30393381876881587
        ],
        "annual_volatility_rescaled_0_5_bps": [
            0.10529734174945088,
            0.19470265825054944
        ],
        "downside_risk_rescaled_0_5_bps": [
            0.08390697243358436,
            0.13511585589748032
        ],
        "max_drawdown_rescaled_0_5_bps": [
            0.2708904596434077,
            0.11457706637342532
        ],
        "annual_return_rescaled_1_0_bps": [
            -0.2620311591869221,
            0.28399714260427045
        ],
        "annual_volatility_rescaled_1_0_bps": [
            0.10525334216188148,
            0.1947466578381203
        ],
        "downside_risk_rescaled_1_0_bps": [
            0.0840070192026458,
            0.1355741087979678
        ],
        "max_drawdown_rescaled_1_0_bps": [
            0.273325815158736,
            0.11505438197018925
        ],
        "annual_return_rescaled_1_5_bps": [
            -0.2647646457043683,
            0.2643703418429313
        ],
        "annual_volatility_rescaled_1_5_bps": [
            0.10520810393207486,
            0.19479189606792532
        ],
        "downside_risk_rescaled_1_5_bps": [
            0.08410618384634642,
            0.1360344747688685
        ],
        "max_drawdown_rescaled_1_5_bps": [
            0.27574839617042274,
            0.11552965704566835
        ],
        "annual_return_rescaled_2_0_bps": [
            -0.26748321124352836,
            0.24504932988776362
        ],
        "annual_volatility_rescaled_2_0_bps": [
            0.10516163232889036,
            0.19483836767110974
        ],
        "downside_risk_rescaled_2_0_bps": [
            0.08420446320000279,
            0.1364969213061936
        ],
        "max_drawdown_rescaled_2_0_bps": [
            0.27815818428205946,
            0.11600287830221806
        ],
        "annual_return_rescaled_2_5_bps": [
            -0.2701868428657458,
            0.22603004661948356
        ],
        "annual_volatility_rescaled_2_5_bps": [
            0.10511393279391988,
            0.19488606720608032
        ],
        "downside_risk_rescaled_2_5_bps": [
            0.08430185425476236,
            0.13696144328174945
        ],
        "max_drawdown_rescaled_2_5_bps": [
            0.2805551627202732,
            0.11647403276009222
        ],
        "annual_return_rescaled_3_0_bps": [
            -0.27287552948346705,
            0.20730845906995987
        ],
        "annual_volatility_rescaled_3_0_bps": [
            0.10506501093933161,
            0.19493498906067022
        ],
        "downside_risk_rescaled_3_0_bps": [
            0.08439835716820206,
            0.13742808504213966
        ],
        "max_drawdown_rescaled_3_0_bps": [
            0.2829393163251318,
            0.11706972615168976
        ],
        "sharpe_ratio_years": [
            -2.160382911057754,
            1.4657377131697151
        ],
        "sharpe_ratio_years_0_5_bps": [
            -2.193951112046055,
            1.385279537564163
        ],
        "sharpe_ratio_years_1_0_bps": [
            -2.227520217313511,
            1.3048827858146281
        ],
        "sharpe_ratio_years_1_5_bps": [
            -2.261090062296699,
            1.224552343031297
        ],
        "sharpe_ratio_years_2_0_bps": [
            -2.294660482356986,
            1.144293064995615
        ],
        "sharpe_ratio_years_2_5_bps": [
            -2.328231312784534,
            1.064109776795883
        ],
        "sharpe_ratio_years_3_0_bps": [
            -2.361802388802294,
            0.9840072714868211
        ]
    }
}