{
    "ALL": {
        "annual_return": -0.023972018645746003,
        "annual_volatility": 0.0369211408145235,
        "sharpe_ratio": -0.6272528715948531,
        "downside_risk": 0.0278025766060125,
        "sortino_ratio": -0.8369362891740035,
        "max_drawdown": 0.050806392616601005,
        "calmar_ratio": -0.46406326006442356,
        "perc_pos_return": 0.48740684205800455,
        "profit_loss_ratio": 0.9448874284675866,
        "annual_return_0_5_bps": -0.026905406885075003,
        "annual_volatility_0_5_bps": 0.0369219235439625,
        "sharpe_ratio_0_5_bps": -0.7198351547879851,
        "downside_risk_0_5_bps": 0.0279088922793095,
        "sortino_ratio_0_5_bps": -0.9575588338953371,
        "max_drawdown_0_5_bps": 0.052191397294808504,
        "calmar_ratio_0_5_bps": -0.5149709304842925,
        "perc_pos_return_0_5_bps": 0.48740684205800455,
        "profit_loss_ratio_0_5_bps": 0.9343027090115346,
        "annual_return_1_0_bps": -0.029829696924786,
        "annual_volatility_1_0_bps": 0.036923067573606,
        "sharpe_ratio_1_0_bps": -0.812372872465952,
        "downside_risk_1_0_bps": 0.028015845825374003,
        "sortino_ratio_1_0_bps": -1.0768581918829625,
        "max_drawdown_1_0_bps": 0.053574405843813996,
        "calmar_ratio_1_0_bps": -0.5624731503537441,
        "perc_pos_return_1_0_bps": 0.48740684205800455,
        "profit_loss_ratio_1_0_bps": 0.920447880361061,
        "annual_return_1_5_bps": -0.032744917783931,
        "annual_volatility_1_5_bps": 0.036924572773984005,
        "sharpe_ratio_1_5_bps": -0.9048626030361576,
        "downside_risk_1_5_bps": 0.0281234275170605,
        "sortino_ratio_1_5_bps": -1.1948454053569662,
        "max_drawdown_1_5_bps": 0.0552417142925425,
        "calmar_ratio_1_5_bps": -0.6024059567431386,
        "perc_pos_return_1_5_bps": 0.4854763401275025,
        "profit_loss_ratio_1_5_bps": 0.9135144105838766,
        "annual_return_2_0_bps": -0.035651098386863006,
        "annual_volatility_2_0_bps": 0.036926439003839504,
        "sharpe_ratio_2_0_bps": -0.9973009371332755,
        "downside_risk_2_0_bps": 0.028231633936127,
        "sortino_ratio_2_0_bps": -1.311531406275809,
        "max_drawdown_2_0_bps": 0.057039969296146006,
        "calmar_ratio_2_0_bps": -0.6370430017109676,
        "perc_pos_return_2_0_bps": 0.48354583819700053,
        "profit_loss_ratio_2_0_bps": 0.9066418432525205,
        "annual_return_2_5_bps": -0.038548267563561,
        "annual_volatility_2_5_bps": 0.036928666110166,
        "sharpe_ratio_2_5_bps": -1.0896844782701,
        "downside_risk_2_5_bps": 0.028340458676242502,
        "sortino_ratio_2_5_bps": -1.426927504801297,
        "max_drawdown_2_5_bps": 0.05883465933166901,
        "calmar_ratio_2_5_bps": -0.6688380651144366,
        "perc_pos_return_2_5_bps": 0.48354583819700053,
        "profit_loss_ratio_2_5_bps": 0.8932305683753001,
        "annual_return_3_0_bps": -0.041436454049931,
        "annual_volatility_3_0_bps": 0.036931253928246005,
        "sharpe_ratio_3_0_bps": -1.1820098434814406,
        "downside_risk_3_0_bps": 0.028449891871204502,
        "sortino_ratio_3_0_bps": -1.541045531999199,
        "max_drawdown_3_0_bps": 0.060625791711665,
        "calmar_ratio_3_0_bps": -0.6981565912479211,
        "perc_pos_return_3_0_bps": 0.48354583819700053,
        "profit_loss_ratio_3_0_bps": 0.880051037648615,
        "annual_return_rescaled": -0.10160417651747156,
        "annual_volatility_rescaled": 0.15000000000000144,
        "downside_risk_rescaled": 0.11295389034299413,
        "max_drawdown_rescaled": 0.19385161524462177,
        "annual_return_rescaled_0_5_bps": -0.11258530970690245,
        "annual_volatility_rescaled_0_5_bps": 0.1500000000000025,
        "downside_risk_rescaled_0_5_bps": 0.113383416682284,
        "max_drawdown_rescaled_0_5_bps": 0.19862233596792594,
        "annual_return_rescaled_1_0_bps": -0.12342632403239079,
        "annual_volatility_rescaled_1_0_bps": 0.15000000000000036,
        "downside_risk_rescaled_1_0_bps": 0.11381440248507764,
        "max_drawdown_rescaled_1_0_bps": 0.20367446007730305,
        "annual_return_rescaled_1_5_bps": -0.13412876070108454,
        "annual_volatility_rescaled_1_5_bps": 0.1500000000000004,
        "downside_risk_rescaled_1_5_bps": 0.11424679585003589,
        "max_drawdown_rescaled_1_5_bps": 0.20988195186070274,
        "annual_return_rescaled_2_0_bps": -0.14469415176654887,
        "annual_volatility_rescaled_2_0_bps": 0.15000000000000188,
        "downside_risk_rescaled_2_0_bps": 0.11468057047089794,
        "max_drawdown_rescaled_2_0_bps": 0.2160366968879111,
        "annual_return_rescaled_2_5_bps": -0.1551240199882748,
        "annual_volatility_rescaled_2_5_bps": 0.15000000000000144,
        "downside_risk_rescaled_2_5_bps": 0.11511568787116666,
        "max_drawdown_rescaled_2_5_bps": 0.22213899345118515,
        "annual_return_rescaled_3_0_bps": -0.16541987869631702,
        "annual_volatility_rescaled_3_0_bps": 0.15000000000000174,
        "downside_risk_rescaled_3_0_bps": 0.11555209549537722,
        "max_drawdown_rescaled_3_0_bps": 0.22818914146446384,
        "sharpe_ratio_years": -0.6807059197692935,
        "sharpe_ratio_years_0_5_bps": -0.7761985424602906,
        "sharpe_ratio_years_1_0_bps": -0.8715868410165861,
        "sharpe_ratio_years_1_5_bps": -0.9668635946892377,
        "sharpe_ratio_years_2_0_bps": -1.062021623213069,
        "sharpe_ratio_years_2_5_bps": -1.157053789617847,
        "sharpe_ratio_years_3_0_bps": -1.2519530030043766,
        "sharpe_ratio_years_std": 0.07569620800321047,
        "sharpe_ratio_years_std_0_5_bps": 0.03547321032094247,
        "sharpe_ratio_years_std_1_0_bps": 0.004674032638283976,
        "sharpe_ratio_years_std_1_5_bps": 0.04474430502019949,
        "sharpe_ratio_years_std_2_0_bps": 0.08473641914963198,
        "sharpe_ratio_years_std_2_5_bps": 0.124649215090462,
        "sharpe_ratio_years_std_3_0_bps": 0.16448156018669546
    },
    "COMB": {
        "annual_return": -0.023972018645746003,
        "annual_volatility": 0.0369211408145235,
        "sharpe_ratio": -0.6272528715948531,
        "downside_risk": 0.0278025766060125,
        "sortino_ratio": -0.8369362891740035,
        "max_drawdown": 0.050806392616601005,
        "calmar_ratio": -0.46406326006442356,
        "perc_pos_return": 0.48740684205800455,
        "profit_loss_ratio": 0.9448874284675866,
        "annual_return_0_5_bps": -0.026905406885075003,
        "annual_volatility_0_5_bps": 0.0369219235439625,
        "sharpe_ratio_0_5_bps": -0.7198351547879851,
        "downside_risk_0_5_bps": 0.0279088922793095,
        "sortino_ratio_0_5_bps": -0.9575588338953371,
        "max_drawdown_0_5_bps": 0.052191397294808504,
        "calmar_ratio_0_5_bps": -0.5149709304842925,
        "perc_pos_return_0_5_bps": 0.48740684205800455,
        "profit_loss_ratio_0_5_bps": 0.9343027090115346,
        "annual_return_1_0_bps": -0.029829696924786,
        "annual_volatility_1_0_bps": 0.036923067573606,
        "sharpe_ratio_1_0_bps": -0.812372872465952,
        "downside_risk_1_0_bps": 0.028015845825374003,
        "sortino_ratio_1_0_bps": -1.0768581918829625,
        "max_drawdown_1_0_bps": 0.053574405843813996,
        "calmar_ratio_1_0_bps": -0.5624731503537441,
        "perc_pos_return_1_0_bps": 0.48740684205800455,
        "profit_loss_ratio_1_0_bps": 0.920447880361061,
        "annual_return_1_5_bps": -0.032744917783931,
        "annual_volatility_1_5_bps": 0.036924572773984005,
        "sharpe_ratio_1_5_bps": -0.9048626030361576,
        "downside_risk_1_5_bps": 0.0281234275170605,
        "sortino_ratio_1_5_bps": -1.1948454053569662,
        "max_drawdown_1_5_bps": 0.0552417142925425,
        "calmar_ratio_1_5_bps": -0.6024059567431386,
        "perc_pos_return_1_5_bps": 0.4854763401275025,
        "profit_loss_ratio_1_5_bps": 0.9135144105838766,
        "annual_return_2_0_bps": -0.035651098386863006,
        "annual_volatility_2_0_bps": 0.036926439003839504,
        "sharpe_ratio_2_0_bps": -0.9973009371332755,
        "downside_risk_2_0_bps": 0.028231633936127,
        "sortino_ratio_2_0_bps": -1.311531406275809,
        "max_drawdown_2_0_bps": 0.057039969296146006,
        "calmar_ratio_2_0_bps": -0.6370430017109676,
        "perc_pos_return_2_0_bps": 0.48354583819700053,
        "profit_loss_ratio_2_0_bps": 0.9066418432525205,
        "annual_return_2_5_bps": -0.038548267563561,
        "annual_volatility_2_5_bps": 0.036928666110166,
        "sharpe_ratio_2_5_bps": -1.0896844782701,
        "downside_risk_2_5_bps": 0.028340458676242502,
        "sortino_ratio_2_5_bps": -1.426927504801297,
        "max_drawdown_2_5_bps": 0.05883465933166901,
        "calmar_ratio_2_5_bps": -0.6688380651144366,
        "perc_pos_return_2_5_bps": 0.48354583819700053,
        "profit_loss_ratio_2_5_bps": 0.8932305683753001,
        "annual_return_3_0_bps": -0.041436454049931,
        "annual_volatility_3_0_bps": 0.036931253928246005,
        "sharpe_ratio_3_0_bps": -1.1820098434814406,
        "downside_risk_3_0_bps": 0.028449891871204502,
        "sortino_ratio_3_0_bps": -1.541045531999199,
        "max_drawdown_3_0_bps": 0.060625791711665,
        "calmar_ratio_3_0_bps": -0.6981565912479211,
        "perc_pos_return_3_0_bps": 0.48354583819700053,
        "profit_loss_ratio_3_0_bps": 0.880051037648615,
        "annual_return_rescaled": -0.10160417651747156,
        "annual_volatility_rescaled": 0.15000000000000144,
        "downside_risk_rescaled": 0.11295389034299413,
        "max_drawdown_rescaled": 0.19385161524462177,
        "annual_return_rescaled_0_5_bps": -0.11258530970690245,
        "annual_volatility_rescaled_0_5_bps": 0.1500000000000025,
        "downside_risk_rescaled_0_5_bps": 0.113383416682284,
        "max_drawdown_rescaled_0_5_bps": 0.19862233596792594,
        "annual_return_rescaled_1_0_bps": -0.12342632403239079,
        "annual_volatility_rescaled_1_0_bps": 0.15000000000000036,
        "downside_risk_rescaled_1_0_bps": 0.11381440248507764,
        "max_drawdown_rescaled_1_0_bps": 0.20367446007730305,
        "annual_return_rescaled_1_5_bps": -0.13412876070108454,
        "annual_volatility_rescaled_1_5_bps": 0.1500000000000004,
        "downside_risk_rescaled_1_5_bps": 0.11424679585003589,
        "max_drawdown_rescaled_1_5_bps": 0.20988195186070274,
        "annual_return_rescaled_2_0_bps": -0.14469415176654887,
        "annual_volatility_rescaled_2_0_bps": 0.15000000000000188,
        "downside_risk_rescaled_2_0_bps": 0.11468057047089794,
        "max_drawdown_rescaled_2_0_bps": 0.2160366968879111,
        "annual_return_rescaled_2_5_bps": -0.1551240199882748,
        "annual_volatility_rescaled_2_5_bps": 0.15000000000000144,
        "downside_risk_rescaled_2_5_bps": 0.11511568787116666,
        "max_drawdown_rescaled_2_5_bps": 0.22213899345118515,
        "annual_return_rescaled_3_0_bps": -0.16541987869631702,
        "annual_volatility_rescaled_3_0_bps": 0.15000000000000174,
        "downside_risk_rescaled_3_0_bps": 0.11555209549537722,
        "max_drawdown_rescaled_3_0_bps": 0.22818914146446384,
        "sharpe_ratio_years": -0.6807059197692935,
        "sharpe_ratio_years_0_5_bps": -0.7761985424602906,
        "sharpe_ratio_years_1_0_bps": -0.8715868410165861,
        "sharpe_ratio_years_1_5_bps": -0.9668635946892377,
        "sharpe_ratio_years_2_0_bps": -1.062021623213069,
        "sharpe_ratio_years_2_5_bps": -1.157053789617847,
        "sharpe_ratio_years_3_0_bps": -1.2519530030043766,
        "sharpe_ratio_years_std": 0.07569620800321047,
        "sharpe_ratio_years_std_0_5_bps": 0.03547321032094247,
        "sharpe_ratio_years_std_1_0_bps": 0.004674032638283976,
        "sharpe_ratio_years_std_1_5_bps": 0.04474430502019949,
        "sharpe_ratio_years_std_2_0_bps": 0.08473641914963198,
        "sharpe_ratio_years_std_2_5_bps": 0.124649215090462,
        "sharpe_ratio_years_std_3_0_bps": 0.16448156018669546
    }
}