{
    "ALL": {
        "annual_return": [
            -0.031969472141632004,
            -0.015974565149860002
        ],
        "annual_volatility": [
            0.047017945095719,
            0.026824336533328
        ],
        "sharpe_ratio": [
            -0.6675542986564801,
            -0.586951444533226
        ],
        "downside_risk": [
            0.035935209575383,
            0.019669943636642002
        ],
        "sortino_ratio": [
            -0.8734339310530481,
            -0.8004386472949591
        ],
        "max_drawdown": [
            0.064994795641422,
            0.036617989591780004
        ],
        "calmar_ratio": [
            -0.49187741612434405,
            -0.436249104004503
        ],
        "perc_pos_return": [
            0.47674418604651103,
            0.498069498069498
        ],
        "profit_loss_ratio": [
            0.9812364196456381,
            0.9085384372895351
        ],
        "annual_return_0_5_bps": [
            -0.034310549961688,
            -0.019500263808462003
        ],
        "annual_volatility_0_5_bps": [
            0.04701077297237,
            0.026833074115555
        ],
        "sharpe_ratio_0_5_bps": [
            -0.7191617767521651,
            -0.720508532823805
        ],
        "downside_risk_0_5_bps": [
            0.03601878214385,
            0.019799002414769
        ],
        "sortino_ratio_0_5_bps": [
            -0.9386311531100551,
            -0.9764865146806191
        ],
        "max_drawdown_0_5_bps": [
            0.066368428260707,
            0.038014366328910004
        ],
        "calmar_ratio_0_5_bps": [
            -0.5169709583434801,
            -0.512970902625105
        ],
        "perc_pos_return_0_5_bps": [
            0.47674418604651103,
            0.498069498069498
        ],
        "profit_loss_ratio_0_5_bps": [
            0.9727785309272751,
            0.895826887095794
        ],
        "annual_return_1_0_bps": [
            -0.036646003391494,
            -0.023013390458078
        ],
        "annual_volatility_1_0_bps": [
            0.047003929100176006,
            0.026842206047036
        ],
        "sharpe_ratio_1_0_bps": [
            -0.7707796213110031,
            -0.8539661236209011
        ],
        "downside_risk_1_0_bps": [
            0.036102667566501004,
            0.019929024084247002
        ],
        "sortino_ratio_1_0_bps": [
            -1.003517831618069,
            -1.150198552147856
        ],
        "max_drawdown_1_0_bps": [
            0.06774006289944,
            0.039408748788188
        ],
        "calmar_ratio_1_0_bps": [
            -0.5409797662262971,
            -0.5839665344811911
        ],
        "perc_pos_return_1_0_bps": [
            0.47674418604651103,
            0.498069498069498
        ],
        "profit_loss_ratio_1_0_bps": [
            0.96438999814995,
            0.876505762572172
        ],
        "annual_return_1_5_bps": [
            -0.038975845854418004,
            -0.026513989713444003
        ],
        "annual_volatility_1_5_bps": [
            0.046997413622539,
            0.026851731925429
        ],
        "sharpe_ratio_1_5_bps": [
            -0.8224067527853741,
            -0.9873184532869411
        ],
        "downside_risk_1_5_bps": [
            0.036186863667635,
            0.020059991366486
        ],
        "sortino_ratio_1_5_bps": [
            -1.068094507488153,
            -1.3215963032257791
        ],
        "max_drawdown_1_5_bps": [
            0.069109702434793,
            0.041373726150292
        ],
        "calmar_ratio_1_5_bps": [
            -0.5639706796768901,
            -0.6408412338093871
        ],
        "perc_pos_return_1_5_bps": [
            0.47674418604651103,
            0.49420849420849405
        ],
        "profit_loss_ratio_1_5_bps": [
            0.9560699717036321,
            0.870958849464121
        ],
        "annual_return_2_0_bps": [
            -0.041300090741998,
            -0.030002106031728003
        ],
        "annual_volatility_2_0_bps": [
            0.046991226676058005,
            0.026861651331621002
        ],
        "sharpe_ratio_2_0_bps": [
            -0.8740420901208421,
            -1.120559784145709
        ],
        "downside_risk_2_0_bps": [
            0.036271368283735006,
            0.020191899588519
        ],
        "sortino_ratio_2_0_bps": [
            -1.132361747701198,
            -1.49070106485042
        ],
        "max_drawdown_2_0_bps": [
            0.07047734973983301,
            0.043602588852459004
        ],
        "calmar_ratio_2_0_bps": [
            -0.5860051618634641,
            -0.688080841558471
        ],
        "perc_pos_return_2_0_bps": [
            0.47674418604651103,
            0.49034749034749003
        ],
        "profit_loss_ratio_2_0_bps": [
            0.9478176157988191,
            0.8654660707062221
        ],
        "annual_return_2_5_bps": [
            -0.04361875141403301,
            -0.033477783713089
        ],
        "annual_volatility_2_5_bps": [
            0.046985368390514,
            0.026871963829818
        ],
        "sharpe_ratio_2_5_bps": [
            -0.9256845508680871,
            -1.253684405672113
        ],
        "downside_risk_2_5_bps": [
            0.036356179263508,
            0.020324738088977
        ],
        "sortino_ratio_2_5_bps": [
            -1.196320144663853,
            -1.6575348649387411
        ],
        "max_drawdown_2_5_bps": [
            0.07184300768353201,
            0.045826310979806
        ],
        "calmar_ratio_2_5_bps": [
            -0.6071398291977651,
            -0.730536301031108
        ],
        "perc_pos_return_2_5_bps": [
            0.47674418604651103,
            0.49034749034749003
        ],
        "profit_loss_ratio_2_5_bps": [
            0.9396321081866481,
            0.846829028563952
        ],
        "annual_return_3_0_bps": [
            -0.045931841198638,
            -0.036941066901224
        ],
        "annual_volatility_3_0_bps": [
            0.046979838888857005,
            0.026882668967635002
        ],
        "sharpe_ratio_3_0_bps": [
            -0.9773330512952331,
            -1.386686635667648
        ],
        "downside_risk_3_0_bps": [
            0.036441294467923005,
            0.020458489274486003
        ],
        "sortino_ratio_3_0_bps": [
            -1.259970315572097,
            -1.8221207484263011
        ],
        "max_drawdown_3_0_bps": [
            0.07320667913077601,
            0.048044904292554
        ],
        "calmar_ratio_3_0_bps": [
            -0.6274269198386441,
            -0.7688862626571981
        ],
        "perc_pos_return_3_0_bps": [
            0.47674418604651103,
            0.49034749034749003
        ],
        "profit_loss_ratio_3_0_bps": [
            0.931512639885795,
            0.828589435411435
        ],
        "annual_return_rescaled": [
            -0.13570039119134525,
            -0.06750796184359786
        ],
        "annual_volatility_rescaled": [
            0.1910204183502278,
            0.1089795816497751
        ],
        "downside_risk_rescaled": [
            0.14599444430457917,
            0.07991333638140911
        ],
        "max_drawdown_rescaled": [
            0.2461306235775142,
            0.14157260691172935
        ],
        "annual_return_rescaled_0_5_bps": [
            -0.14415887656236714,
            -0.08101174285143775
        ],
        "annual_volatility_rescaled_0_5_bps": [
            0.19098723113543326,
            0.10901276886457173
        ],
        "downside_risk_rescaled_0_5_bps": [
            0.1463308734482523,
            0.0804359599163157
        ],
        "max_drawdown_rescaled_0_5_bps": [
            0.2506225893997267,
            0.1466220825361252
        ],
        "annual_return_rescaled_1_0_bps": [
            -0.15253324443862426,
            -0.09431940362615732
        ],
        "annual_volatility_rescaled_1_0_bps": [
            0.19095351032172814,
            0.10904648967827256
        ],
        "downside_risk_rescaled_1_0_bps": [
            0.14666712412720243,
            0.08096168084295285
        ],
        "max_drawdown_rescaled_1_0_bps": [
            0.25508562619391106,
            0.15226329396069507
        ],
        "annual_return_rescaled_1_5_bps": [
            -0.1608241026777102,
            -0.10743341872445888
        ],
        "annual_volatility_rescaled_1_5_bps": [
            0.19091925820054037,
            0.10908074179946045
        ],
        "downside_risk_rescaled_1_5_bps": [
            0.14700317816458783,
            0.08149041353548395
        ],
        "max_drawdown_rescaled_1_5_bps": [
            0.25951980299885763,
            0.16024410072254788
        ],
        "annual_return_rescaled_2_0_bps": [
            -0.1690320601564681,
            -0.12035624337662965
        ],
        "annual_volatility_rescaled_2_0_bps": [
            0.19088447712696685,
            0.1091155228730369
        ],
        "downside_risk_rescaled_2_0_bps": [
            0.14733901749894093,
            0.08202212344285494
        ],
        "max_drawdown_rescaled_2_0_bps": [
            0.26392519077466453,
            0.16814820300115768
        ],
        "annual_return_rescaled_2_5_bps": [
            -0.17715772664802043,
            -0.13309031332852916
        ],
        "annual_volatility_rescaled_2_5_bps": [
            0.1908491695192034,
            0.1091508304807995
        ],
        "downside_risk_rescaled_2_5_bps": [
            0.14767462418646427,
            0.08255675155586906
        ],
        "max_drawdown_rescaled_2_5_bps": [
            0.26830186237458564,
            0.1759761245277847
        ],
        "annual_return_rescaled_3_0_bps": [
            -0.18520171270015584,
            -0.1456380446924782
        ],
        "annual_volatility_rescaled_3_0_bps": [
            0.19081333785796176,
            0.10918666214204176
        ],
        "downside_risk_rescaled_3_0_bps": [
            0.1480099804032874,
            0.08309421058746705
        ],
        "max_drawdown_rescaled_3_0_bps": [
            0.2726498925166485,
            0.1837283904122792
        ],
        "sharpe_ratio_years": [
            -0.756402127772504,
            -0.6050097117660831
        ],
        "sharpe_ratio_years_0_5_bps": [
            -0.811671752781233,
            -0.7407253321393481
        ],
        "sharpe_ratio_years_1_0_bps": [
            -0.8669128083783021,
            -0.87626087365487
        ],
        "sharpe_ratio_years_1_5_bps": [
            -0.9221192896690381,
            -1.011607899709437
        ],
        "sharpe_ratio_years_2_0_bps": [
            -0.9772852040634371,
            -1.146758042362701
        ],
        "sharpe_ratio_years_2_5_bps": [
            -1.032404574527385,
            -1.2817030047083091
        ],
        "sharpe_ratio_years_3_0_bps": [
            -1.087471442817681,
            -1.416434563191072
        ]
    },
    "COMB": {
        "annual_return": [
            -0.031969472141632004,
            -0.015974565149860002
        ],
        "annual_volatility": [
            0.047017945095719,
            0.026824336533328
        ],
        "sharpe_ratio": [
            -0.6675542986564801,
            -0.586951444533226
        ],
        "downside_risk": [
            0.035935209575383,
            0.019669943636642002
        ],
        "sortino_ratio": [
            -0.8734339310530481,
            -0.8004386472949591
        ],
        "max_drawdown": [
            0.064994795641422,
            0.036617989591780004
        ],
        "calmar_ratio": [
            -0.49187741612434405,
            -0.436249104004503
        ],
        "perc_pos_return": [
            0.47674418604651103,
            0.498069498069498
        ],
        "profit_loss_ratio": [
            0.9812364196456381,
            0.9085384372895351
        ],
        "annual_return_0_5_bps": [
            -0.034310549961688,
            -0.019500263808462003
        ],
        "annual_volatility_0_5_bps": [
            0.04701077297237,
            0.026833074115555
        ],
        "sharpe_ratio_0_5_bps": [
            -0.7191617767521651,
            -0.720508532823805
        ],
        "downside_risk_0_5_bps": [
            0.03601878214385,
            0.019799002414769
        ],
        "sortino_ratio_0_5_bps": [
            -0.9386311531100551,
            -0.9764865146806191
        ],
        "max_drawdown_0_5_bps": [
            0.066368428260707,
            0.038014366328910004
        ],
        "calmar_ratio_0_5_bps": [
            -0.5169709583434801,
            -0.512970902625105
        ],
        "perc_pos_return_0_5_bps": [
            0.47674418604651103,
            0.498069498069498
        ],
        "profit_loss_ratio_0_5_bps": [
            0.9727785309272751,
            0.895826887095794
        ],
        "annual_return_1_0_bps": [
            -0.036646003391494,
            -0.023013390458078
        ],
        "annual_volatility_1_0_bps": [
            0.047003929100176006,
            0.026842206047036
        ],
        "sharpe_ratio_1_0_bps": [
            -0.7707796213110031,
            -0.8539661236209011
        ],
        "downside_risk_1_0_bps": [
            0.036102667566501004,
            0.019929024084247002
        ],
        "sortino_ratio_1_0_bps": [
            -1.003517831618069,
            -1.150198552147856
        ],
        "max_drawdown_1_0_bps": [
            0.06774006289944,
            0.039408748788188
        ],
        "calmar_ratio_1_0_bps": [
            -0.5409797662262971,
            -0.5839665344811911
        ],
        "perc_pos_return_1_0_bps": [
            0.47674418604651103,
            0.498069498069498
        ],
        "profit_loss_ratio_1_0_bps": [
            0.96438999814995,
            0.876505762572172
        ],
        "annual_return_1_5_bps": [
            -0.038975845854418004,
            -0.026513989713444003
        ],
        "annual_volatility_1_5_bps": [
            0.046997413622539,
            0.026851731925429
        ],
        "sharpe_ratio_1_5_bps": [
            -0.8224067527853741,
            -0.9873184532869411
        ],
        "downside_risk_1_5_bps": [
            0.036186863667635,
            0.020059991366486
        ],
        "sortino_ratio_1_5_bps": [
            -1.068094507488153,
            -1.3215963032257791
        ],
        "max_drawdown_1_5_bps": [
            0.069109702434793,
            0.041373726150292
        ],
        "calmar_ratio_1_5_bps": [
            -0.5639706796768901,
            -0.6408412338093871
        ],
        "perc_pos_return_1_5_bps": [
            0.47674418604651103,
            0.49420849420849405
        ],
        "profit_loss_ratio_1_5_bps": [
            0.9560699717036321,
            0.870958849464121
        ],
        "annual_return_2_0_bps": [
            -0.041300090741998,
            -0.030002106031728003
        ],
        "annual_volatility_2_0_bps": [
            0.046991226676058005,
            0.026861651331621002
        ],
        "sharpe_ratio_2_0_bps": [
            -0.8740420901208421,
            -1.120559784145709
        ],
        "downside_risk_2_0_bps": [
            0.036271368283735006,
            0.020191899588519
        ],
        "sortino_ratio_2_0_bps": [
            -1.132361747701198,
            -1.49070106485042
        ],
        "max_drawdown_2_0_bps": [
            0.07047734973983301,
            0.043602588852459004
        ],
        "calmar_ratio_2_0_bps": [
            -0.5860051618634641,
            -0.688080841558471
        ],
        "perc_pos_return_2_0_bps": [
            0.47674418604651103,
            0.49034749034749003
        ],
        "profit_loss_ratio_2_0_bps": [
            0.9478176157988191,
            0.8654660707062221
        ],
        "annual_return_2_5_bps": [
            -0.04361875141403301,
            -0.033477783713089
        ],
        "annual_volatility_2_5_bps": [
            0.046985368390514,
            0.026871963829818
        ],
        "sharpe_ratio_2_5_bps": [
            -0.9256845508680871,
            -1.253684405672113
        ],
        "downside_risk_2_5_bps": [
            0.036356179263508,
            0.020324738088977
        ],
        "sortino_ratio_2_5_bps": [
            -1.196320144663853,
            -1.6575348649387411
        ],
        "max_drawdown_2_5_bps": [
            0.07184300768353201,
            0.045826310979806
        ],
        "calmar_ratio_2_5_bps": [
            -0.6071398291977651,
            -0.730536301031108
        ],
        "perc_pos_return_2_5_bps": [
            0.47674418604651103,
            0.49034749034749003
        ],
        "profit_loss_ratio_2_5_bps": [
            0.9396321081866481,
            0.846829028563952
        ],
        "annual_return_3_0_bps": [
            -0.045931841198638,
            -0.036941066901224
        ],
        "annual_volatility_3_0_bps": [
            0.046979838888857005,
            0.026882668967635002
        ],
        "sharpe_ratio_3_0_bps": [
            -0.9773330512952331,
            -1.386686635667648
        ],
        "downside_risk_3_0_bps": [
            0.036441294467923005,
            0.020458489274486003
        ],
        "sortino_ratio_3_0_bps": [
            -1.259970315572097,
            -1.8221207484263011
        ],
        "max_drawdown_3_0_bps": [
            0.07320667913077601,
            0.048044904292554
        ],
        "calmar_ratio_3_0_bps": [
            -0.6274269198386441,
            -0.7688862626571981
        ],
        "perc_pos_return_3_0_bps": [
            0.47674418604651103,
            0.49034749034749003
        ],
        "profit_loss_ratio_3_0_bps": [
            0.931512639885795,
            0.828589435411435
        ],
        "annual_return_rescaled": [
            -0.13570039119134525,
            -0.06750796184359786
        ],
        "annual_volatility_rescaled": [
            0.1910204183502278,
            0.1089795816497751
        ],
        "downside_risk_rescaled": [
            0.14599444430457917,
            0.07991333638140911
        ],
        "max_drawdown_rescaled": [
            0.2461306235775142,
            0.14157260691172935
        ],
        "annual_return_rescaled_0_5_bps": [
            -0.14415887656236714,
            -0.08101174285143775
        ],
        "annual_volatility_rescaled_0_5_bps": [
            0.19098723113543326,
            0.10901276886457173
        ],
        "downside_risk_rescaled_0_5_bps": [
            0.1463308734482523,
            0.0804359599163157
        ],
        "max_drawdown_rescaled_0_5_bps": [
            0.2506225893997267,
            0.1466220825361252
        ],
        "annual_return_rescaled_1_0_bps": [
            -0.15253324443862426,
            -0.09431940362615732
        ],
        "annual_volatility_rescaled_1_0_bps": [
            0.19095351032172814,
            0.10904648967827256
        ],
        "downside_risk_rescaled_1_0_bps": [
            0.14666712412720243,
            0.08096168084295285
        ],
        "max_drawdown_rescaled_1_0_bps": [
            0.25508562619391106,
            0.15226329396069507
        ],
        "annual_return_rescaled_1_5_bps": [
            -0.1608241026777102,
            -0.10743341872445888
        ],
        "annual_volatility_rescaled_1_5_bps": [
            0.19091925820054037,
            0.10908074179946045
        ],
        "downside_risk_rescaled_1_5_bps": [
            0.14700317816458783,
            0.08149041353548395
        ],
        "max_drawdown_rescaled_1_5_bps": [
            0.25951980299885763,
            0.16024410072254788
        ],
        "annual_return_rescaled_2_0_bps": [
            -0.1690320601564681,
            -0.12035624337662965
        ],
        "annual_volatility_rescaled_2_0_bps": [
            0.19088447712696685,
            0.1091155228730369
        ],
        "downside_risk_rescaled_2_0_bps": [
            0.14733901749894093,
            0.08202212344285494
        ],
        "max_drawdown_rescaled_2_0_bps": [
            0.26392519077466453,
            0.16814820300115768
        ],
        "annual_return_rescaled_2_5_bps": [
            -0.17715772664802043,
            -0.13309031332852916
        ],
        "annual_volatility_rescaled_2_5_bps": [
            0.1908491695192034,
            0.1091508304807995
        ],
        "downside_risk_rescaled_2_5_bps": [
            0.14767462418646427,
            0.08255675155586906
        ],
        "max_drawdown_rescaled_2_5_bps": [
            0.26830186237458564,
            0.1759761245277847
        ],
        "annual_return_rescaled_3_0_bps": [
            -0.18520171270015584,
            -0.1456380446924782
        ],
        "annual_volatility_rescaled_3_0_bps": [
            0.19081333785796176,
            0.10918666214204176
        ],
        "downside_risk_rescaled_3_0_bps": [
            0.1480099804032874,
            0.08309421058746705
        ],
        "max_drawdown_rescaled_3_0_bps": [
            0.2726498925166485,
            0.1837283904122792
        ],
        "sharpe_ratio_years": [
            -0.756402127772504,
            -0.6050097117660831
        ],
        "sharpe_ratio_years_0_5_bps": [
            -0.811671752781233,
            -0.7407253321393481
        ],
        "sharpe_ratio_years_1_0_bps": [
            -0.8669128083783021,
            -0.87626087365487
        ],
        "sharpe_ratio_years_1_5_bps": [
            -0.9221192896690381,
            -1.011607899709437
        ],
        "sharpe_ratio_years_2_0_bps": [
            -0.9772852040634371,
            -1.146758042362701
        ],
        "sharpe_ratio_years_2_5_bps": [
            -1.032404574527385,
            -1.2817030047083091
        ],
        "sharpe_ratio_years_3_0_bps": [
            -1.087471442817681,
            -1.416434563191072
        ]
    }
}