{
    "ALL": {
        "annual_return": 0.016712971810639,
        "annual_volatility": 0.071510100863113,
        "sharpe_ratio": 0.319554012994352,
        "downside_risk": 0.052370112552244504,
        "sortino_ratio": 0.4810915004346036,
        "max_drawdown": 0.075029166147848,
        "calmar_ratio": 0.55629238335265,
        "perc_pos_return": 0.5387576677417311,
        "profit_loss_ratio": 0.9121846218463965,
        "annual_return_0_5_bps": 0.014582271414953999,
        "annual_volatility_0_5_bps": 0.07151824049869,
        "sharpe_ratio_0_5_bps": 0.2887417341954405,
        "downside_risk_0_5_bps": 0.05243131606156601,
        "sortino_ratio_0_5_bps": 0.4363220807725725,
        "max_drawdown_0_5_bps": 0.07543666978247,
        "calmar_ratio_0_5_bps": 0.5051080777178905,
        "perc_pos_return_0_5_bps": 0.5387576677417311,
        "profit_loss_ratio_0_5_bps": 0.9066968258976271,
        "annual_return_1_0_bps": 0.012456932502689,
        "annual_volatility_1_0_bps": 0.071526550023861,
        "sharpe_ratio_1_0_bps": 0.25793679908502054,
        "downside_risk_1_0_bps": 0.05249278582448601,
        "sortino_ratio_1_0_bps": 0.3917023007409475,
        "max_drawdown_1_0_bps": 0.07588920682469251,
        "calmar_ratio_1_0_bps": 0.454092620158562,
        "perc_pos_return_1_0_bps": 0.534773603996711,
        "profit_loss_ratio_1_0_bps": 0.9175458302907364,
        "annual_return_1_5_bps": 0.010336940213250002,
        "annual_volatility_1_5_bps": 0.0715350293562435,
        "sharpe_ratio_1_5_bps": 0.22713955213276005,
        "downside_risk_1_5_bps": 0.05255453185995251,
        "sortino_ratio_1_5_bps": 0.347232240120906,
        "max_drawdown_1_5_bps": 0.0763414972457605,
        "calmar_ratio_1_5_bps": 0.4045990299198485,
        "perc_pos_return_1_5_bps": 0.5327815721242011,
        "profit_loss_ratio_1_5_bps": 0.9202539331864914,
        "annual_return_2_0_bps": 0.008222279728861,
        "annual_volatility_2_0_bps": 0.07154367841138501,
        "sharpe_ratio_2_0_bps": 0.19635033716230604,
        "downside_risk_2_0_bps": 0.052616558416912,
        "sortino_ratio_2_0_bps": 0.30291216050489855,
        "max_drawdown_2_0_bps": 0.07679354118753501,
        "calmar_ratio_2_0_bps": 0.3565597430707235,
        "perc_pos_return_2_0_bps": 0.530797445140074,
        "profit_loss_ratio_2_0_bps": 0.921075475306776,
        "annual_return_2_5_bps": 0.006112936274436502,
        "annual_volatility_2_5_bps": 0.07155249710276651,
        "sharpe_ratio_2_5_bps": 0.16556949732861304,
        "downside_risk_2_5_bps": 0.0526788640648735,
        "sortino_ratio_2_5_bps": 0.2587424559725725,
        "max_drawdown_2_5_bps": 0.07724533879179801,
        "calmar_ratio_2_5_bps": 0.3099111733437345,
        "perc_pos_return_2_5_bps": 0.528805413267564,
        "profit_loss_ratio_2_5_bps": 0.923766108007281,
        "annual_return_3_0_bps": 0.0040088951174575005,
        "annual_volatility_3_0_bps": 0.071561485341808,
        "sharpe_ratio_3_0_bps": 0.1347973750953845,
        "downside_risk_3_0_bps": 0.052741448551257,
        "sortino_ratio_3_0_bps": 0.21472347889241103,
        "max_drawdown_3_0_bps": 0.0776968902002455,
        "calmar_ratio_3_0_bps": 0.2645934230849195,
        "perc_pos_return_3_0_bps": 0.526821286283437,
        "profit_loss_ratio_3_0_bps": 0.9246460837154755,
        "annual_return_rescaled": 0.03089526106048479,
        "annual_volatility_rescaled": 0.14999999999999997,
        "downside_risk_rescaled": 0.10985185013057044,
        "max_drawdown_rescaled": 0.15134140581964722,
        "annual_return_rescaled_0_5_bps": 0.026281359168026597,
        "annual_volatility_rescaled_0_5_bps": 0.15000000000000052,
        "downside_risk_rescaled_0_5_bps": 0.10996771389222013,
        "max_drawdown_rescaled_0_5_bps": 0.15218652590864543,
        "annual_return_rescaled_1_0_bps": 0.021693108776126457,
        "annual_volatility_rescaled_1_0_bps": 0.1500000000000002,
        "downside_risk_rescaled_1_0_bps": 0.11008384818009855,
        "max_drawdown_rescaled_1_0_bps": 0.15305566638207974,
        "annual_return_rescaled_1_5_bps": 0.01713038274224704,
        "annual_volatility_rescaled_1_5_bps": 0.1500000000000009,
        "downside_risk_rescaled_1_5_bps": 0.11020027320789638,
        "max_drawdown_rescaled_1_5_bps": 0.15392326989773836,
        "annual_return_rescaled_2_0_bps": 0.012593054235172596,
        "annual_volatility_rescaled_2_0_bps": 0.1500000000000009,
        "downside_risk_rescaled_2_0_bps": 0.1103169970818958,
        "max_drawdown_rescaled_2_0_bps": 0.15478933337601436,
        "annual_return_rescaled_2_5_bps": 0.008080996738203172,
        "annual_volatility_rescaled_2_5_bps": 0.15000000000000024,
        "downside_risk_rescaled_2_5_bps": 0.11043401599782357,
        "max_drawdown_rescaled_2_5_bps": 0.15565385377742594,
        "annual_return_rescaled_3_0_bps": 0.0035940840523133732,
        "annual_volatility_rescaled_3_0_bps": 0.15000000000000016,
        "downside_risk_rescaled_3_0_bps": 0.11055132862183123,
        "max_drawdown_rescaled_3_0_bps": 0.15651682810265022,
        "sharpe_ratio_years": 0.31384405978462754,
        "sharpe_ratio_years_0_5_bps": 0.283120514348969,
        "sharpe_ratio_years_1_0_bps": 0.2524040066097755,
        "sharpe_ratio_years_1_5_bps": 0.22169487608705252,
        "sharpe_ratio_years_2_0_bps": 0.19099346168999803,
        "sharpe_ratio_years_2_5_bps": 0.16030010169486703,
        "sharpe_ratio_years_3_0_bps": 0.129615133722948,
        "sharpe_ratio_years_std": 0.5348137453177175,
        "sharpe_ratio_years_std_0_5_bps": 0.517948285024823,
        "sharpe_ratio_years_std_1_0_bps": 0.5010878176708946,
        "sharpe_ratio_years_std_1_5_bps": 0.4842326613751545,
        "sharpe_ratio_years_std_2_0_bps": 0.46738313366481204,
        "sharpe_ratio_years_std_2_5_bps": 0.45053955145309105,
        "sharpe_ratio_years_std_3_0_bps": 0.43370223101736205
    },
    "COMB": {
        "annual_return": 0.016712971810639,
        "annual_volatility": 0.071510100863113,
        "sharpe_ratio": 0.319554012994352,
        "downside_risk": 0.052370112552244504,
        "sortino_ratio": 0.4810915004346036,
        "max_drawdown": 0.075029166147848,
        "calmar_ratio": 0.55629238335265,
        "perc_pos_return": 0.5387576677417311,
        "profit_loss_ratio": 0.9121846218463965,
        "annual_return_0_5_bps": 0.014582271414953999,
        "annual_volatility_0_5_bps": 0.07151824049869,
        "sharpe_ratio_0_5_bps": 0.2887417341954405,
        "downside_risk_0_5_bps": 0.05243131606156601,
        "sortino_ratio_0_5_bps": 0.4363220807725725,
        "max_drawdown_0_5_bps": 0.07543666978247,
        "calmar_ratio_0_5_bps": 0.5051080777178905,
        "perc_pos_return_0_5_bps": 0.5387576677417311,
        "profit_loss_ratio_0_5_bps": 0.9066968258976271,
        "annual_return_1_0_bps": 0.012456932502689,
        "annual_volatility_1_0_bps": 0.071526550023861,
        "sharpe_ratio_1_0_bps": 0.25793679908502054,
        "downside_risk_1_0_bps": 0.05249278582448601,
        "sortino_ratio_1_0_bps": 0.3917023007409475,
        "max_drawdown_1_0_bps": 0.07588920682469251,
        "calmar_ratio_1_0_bps": 0.454092620158562,
        "perc_pos_return_1_0_bps": 0.534773603996711,
        "profit_loss_ratio_1_0_bps": 0.9175458302907364,
        "annual_return_1_5_bps": 0.010336940213250002,
        "annual_volatility_1_5_bps": 0.0715350293562435,
        "sharpe_ratio_1_5_bps": 0.22713955213276005,
        "downside_risk_1_5_bps": 0.05255453185995251,
        "sortino_ratio_1_5_bps": 0.347232240120906,
        "max_drawdown_1_5_bps": 0.0763414972457605,
        "calmar_ratio_1_5_bps": 0.4045990299198485,
        "perc_pos_return_1_5_bps": 0.5327815721242011,
        "profit_loss_ratio_1_5_bps": 0.9202539331864914,
        "annual_return_2_0_bps": 0.008222279728861,
        "annual_volatility_2_0_bps": 0.07154367841138501,
        "sharpe_ratio_2_0_bps": 0.19635033716230604,
        "downside_risk_2_0_bps": 0.052616558416912,
        "sortino_ratio_2_0_bps": 0.30291216050489855,
        "max_drawdown_2_0_bps": 0.07679354118753501,
        "calmar_ratio_2_0_bps": 0.3565597430707235,
        "perc_pos_return_2_0_bps": 0.530797445140074,
        "profit_loss_ratio_2_0_bps": 0.921075475306776,
        "annual_return_2_5_bps": 0.006112936274436502,
        "annual_volatility_2_5_bps": 0.07155249710276651,
        "sharpe_ratio_2_5_bps": 0.16556949732861304,
        "downside_risk_2_5_bps": 0.0526788640648735,
        "sortino_ratio_2_5_bps": 0.2587424559725725,
        "max_drawdown_2_5_bps": 0.07724533879179801,
        "calmar_ratio_2_5_bps": 0.3099111733437345,
        "perc_pos_return_2_5_bps": 0.528805413267564,
        "profit_loss_ratio_2_5_bps": 0.923766108007281,
        "annual_return_3_0_bps": 0.0040088951174575005,
        "annual_volatility_3_0_bps": 0.071561485341808,
        "sharpe_ratio_3_0_bps": 0.1347973750953845,
        "downside_risk_3_0_bps": 0.052741448551257,
        "sortino_ratio_3_0_bps": 0.21472347889241103,
        "max_drawdown_3_0_bps": 0.0776968902002455,
        "calmar_ratio_3_0_bps": 0.2645934230849195,
        "perc_pos_return_3_0_bps": 0.526821286283437,
        "profit_loss_ratio_3_0_bps": 0.9246460837154755,
        "annual_return_rescaled": 0.03089526106048479,
        "annual_volatility_rescaled": 0.14999999999999997,
        "downside_risk_rescaled": 0.10985185013057044,
        "max_drawdown_rescaled": 0.15134140581964722,
        "annual_return_rescaled_0_5_bps": 0.026281359168026597,
        "annual_volatility_rescaled_0_5_bps": 0.15000000000000052,
        "downside_risk_rescaled_0_5_bps": 0.10996771389222013,
        "max_drawdown_rescaled_0_5_bps": 0.15218652590864543,
        "annual_return_rescaled_1_0_bps": 0.021693108776126457,
        "annual_volatility_rescaled_1_0_bps": 0.1500000000000002,
        "downside_risk_rescaled_1_0_bps": 0.11008384818009855,
        "max_drawdown_rescaled_1_0_bps": 0.15305566638207974,
        "annual_return_rescaled_1_5_bps": 0.01713038274224704,
        "annual_volatility_rescaled_1_5_bps": 0.1500000000000009,
        "downside_risk_rescaled_1_5_bps": 0.11020027320789638,
        "max_drawdown_rescaled_1_5_bps": 0.15392326989773836,
        "annual_return_rescaled_2_0_bps": 0.012593054235172596,
        "annual_volatility_rescaled_2_0_bps": 0.1500000000000009,
        "downside_risk_rescaled_2_0_bps": 0.1103169970818958,
        "max_drawdown_rescaled_2_0_bps": 0.15478933337601436,
        "annual_return_rescaled_2_5_bps": 0.008080996738203172,
        "annual_volatility_rescaled_2_5_bps": 0.15000000000000024,
        "downside_risk_rescaled_2_5_bps": 0.11043401599782357,
        "max_drawdown_rescaled_2_5_bps": 0.15565385377742594,
        "annual_return_rescaled_3_0_bps": 0.0035940840523133732,
        "annual_volatility_rescaled_3_0_bps": 0.15000000000000016,
        "downside_risk_rescaled_3_0_bps": 0.11055132862183123,
        "max_drawdown_rescaled_3_0_bps": 0.15651682810265022,
        "sharpe_ratio_years": 0.31384405978462754,
        "sharpe_ratio_years_0_5_bps": 0.283120514348969,
        "sharpe_ratio_years_1_0_bps": 0.2524040066097755,
        "sharpe_ratio_years_1_5_bps": 0.22169487608705252,
        "sharpe_ratio_years_2_0_bps": 0.19099346168999803,
        "sharpe_ratio_years_2_5_bps": 0.16030010169486703,
        "sharpe_ratio_years_3_0_bps": 0.129615133722948,
        "sharpe_ratio_years_std": 0.5348137453177175,
        "sharpe_ratio_years_std_0_5_bps": 0.517948285024823,
        "sharpe_ratio_years_std_1_0_bps": 0.5010878176708946,
        "sharpe_ratio_years_std_1_5_bps": 0.4842326613751545,
        "sharpe_ratio_years_std_2_0_bps": 0.46738313366481204,
        "sharpe_ratio_years_std_2_5_bps": 0.45053955145309105,
        "sharpe_ratio_years_std_3_0_bps": 0.43370223101736205
    }
}