{
    "ALL": {
        "annual_return": [
            -0.020535761677812,
            0.05396170529909
        ],
        "annual_volatility": [
            0.079576411121794,
            0.063443790604432
        ],
        "sharpe_ratio": [
            -0.22096968553309002,
            0.860077711521794
        ],
        "downside_risk": [
            0.061087989229059,
            0.043652235875430004
        ],
        "sortino_ratio": [
            -0.287846674335617,
            1.250029675204824
        ],
        "max_drawdown": [
            0.108602754330196,
            0.0414555779655
        ],
        "calmar_ratio": [
            -0.18909061565211902,
            1.301675382357419
        ],
        "perc_pos_return": [
            0.543650793650793,
            0.5338645418326691
        ],
        "profit_loss_ratio": [
            0.803850616093007,
            1.020518627599786
        ],
        "annual_return_0_5_bps": [
            -0.021617095721707003,
            0.050781638551615
        ],
        "annual_volatility_0_5_bps": [
            0.079581907175905,
            0.063454573821475
        ],
        "sharpe_ratio_0_5_bps": [
            -0.23482777067585403,
            0.8123112390667351
        ],
        "downside_risk_0_5_bps": [
            0.061121166280717,
            0.043741465842415006
        ],
        "sortino_ratio_0_5_bps": [
            -0.305754012651202,
            1.178398174196347
        ],
        "max_drawdown_0_5_bps": [
            0.108862956302225,
            0.042010383262715
        ],
        "calmar_ratio_0_5_bps": [
            -0.198571639573098,
            1.208787795008879
        ],
        "perc_pos_return_0_5_bps": [
            0.543650793650793,
            0.5338645418326691
        ],
        "profit_loss_ratio_0_5_bps": [
            0.801665348796296,
            1.011728302998958
        ],
        "annual_return_1_0_bps": [
            -0.022697243991016,
            0.047611108996394
        ],
        "annual_volatility_1_0_bps": [
            0.079587445079817,
            0.063465654967905
        ],
        "sharpe_ratio_1_0_bps": [
            -0.24868381106111903,
            0.7645574092311601
        ],
        "downside_risk_1_0_bps": [
            0.061154397213694006,
            0.043831174435278
        ],
        "sortino_ratio_1_0_bps": [
            -0.323641635872987,
            1.107046237354882
        ],
        "max_drawdown_1_0_bps": [
            0.10912308453669901,
            0.042655329112686005
        ],
        "calmar_ratio_1_0_bps": [
            -0.207996723034189,
            1.116181963351313
        ],
        "perc_pos_return_1_0_bps": [
            0.543650793650793,
            0.525896414342629
        ],
        "profit_loss_ratio_1_0_bps": [
            0.7994856044035471,
            1.035606056177926
        ],
        "annual_return_1_5_bps": [
            -0.023776207777305002,
            0.044450088203805006
        ],
        "annual_volatility_1_5_bps": [
            0.07959302482479301,
            0.063477033887694
        ],
        "sharpe_ratio_1_5_bps": [
            -0.262537785288102,
            0.7168168895536221
        ],
        "downside_risk_1_5_bps": [
            0.06118768194020201,
            0.043921381779703006
        ],
        "sortino_ratio_1_5_bps": [
            -0.341509529357621,
            1.035974009599433
        ],
        "max_drawdown_1_5_bps": [
            0.10938313905390501,
            0.043299855437616004
        ],
        "calmar_ratio_1_5_bps": [
            -0.217366295966224,
            1.026564355805921
        ],
        "perc_pos_return_1_5_bps": [
            0.543650793650793,
            0.521912350597609
        ],
        "profit_loss_ratio_1_5_bps": [
            0.797311362003836,
            1.043196504369147
        ],
        "annual_return_2_0_bps": [
            -0.024853988370742004,
            0.041298547828464004
        ],
        "annual_volatility_2_0_bps": [
            0.07959864640203601,
            0.06348871042073401
        ],
        "sharpe_ratio_2_0_bps": [
            -0.276389671974814,
            0.6690903462994261
        ],
        "downside_risk_2_0_bps": [
            0.061221020399015,
            0.044012096434809
        ],
        "sortino_ratio_2_0_bps": [
            -0.359357678544213,
            0.9651819995540101
        ],
        "max_drawdown_2_0_bps": [
            0.10964311987412101,
            0.043943962500949
        ],
        "calmar_ratio_2_0_bps": [
            -0.22668078397693503,
            0.9398002701183821
        ],
        "perc_pos_return_2_0_bps": [
            0.539682539682539,
            0.521912350597609
        ],
        "profit_loss_ratio_2_0_bps": [
            0.8079545556908031,
            1.034196394922749
        ],
        "annual_return_2_5_bps": [
            -0.025930587060094,
            0.038156459608967006
        ],
        "annual_volatility_2_5_bps": [
            0.079604309802683,
            0.06350068440285
        ],
        "sharpe_ratio_2_5_bps": [
            -0.290239449758224,
            0.6213784444154501
        ],
        "downside_risk_2_5_bps": [
            0.06125441265019901,
            0.044103315479548
        ],
        "sortino_ratio_2_5_bps": [
            -0.37718606833198604,
            0.8946709802771311
        ],
        "max_drawdown_2_5_bps": [
            0.10990302701762501,
            0.044587650565971006
        ],
        "calmar_ratio_2_5_bps": [
            -0.23594060840503903,
            0.8557629550925081
        ],
        "perc_pos_return_2_5_bps": [
            0.539682539682539,
            0.5179282868525891
        ],
        "profit_loss_ratio_2_5_bps": [
            0.8057568005614331,
            1.041775415453129
        ],
        "annual_return_3_0_bps": [
            -0.027006005132738,
            0.035023795367653
        ],
        "annual_volatility_3_0_bps": [
            0.07961001501780701,
            0.063512955665809
        ],
        "sharpe_ratio_3_0_bps": [
            -0.304087097294414,
            0.573681847485183
        ],
        "downside_risk_3_0_bps": [
            0.0612878589481,
            0.044195038154414
        ],
        "sortino_ratio_3_0_bps": [
            -0.394994682435064,
            0.8244416402198861
        ],
        "max_drawdown_3_0_bps": [
            0.110162860504684,
            0.045230919895807006
        ],
        "calmar_ratio_3_0_bps": [
            -0.24514618637367602,
            0.774333032543515
        ],
        "perc_pos_return_3_0_bps": [
            0.535714285714285,
            0.5179282868525891
        ],
        "profit_loss_ratio_3_0_bps": [
            0.8164962838140191,
            1.032795883616932
        ],
        "annual_return_rescaled": [
            -0.04960003917524891,
            0.1113905612962185
        ],
        "annual_volatility_rescaled": [
            0.16691993892049228,
            0.13308006107950768
        ],
        "downside_risk_rescaled": [
            0.1281385185276043,
            0.0915651817335366
        ],
        "max_drawdown_rescaled": [
            0.2171579559132617,
            0.08552485572603277
        ],
        "annual_return_rescaled_0_5_bps": [
            -0.051793701604539,
            0.1043564199405922
        ],
        "annual_volatility_rescaled_0_5_bps": [
            0.16691246866740825,
            0.13308753133259277
        ],
        "downside_risk_rescaled_0_5_bps": [
            0.12819351927814093,
            0.09174190850629932
        ],
        "max_drawdown_rescaled_0_5_bps": [
            0.21761626143227095,
            0.08675679038501992
        ],
        "annual_return_rescaled_1_0_bps": [
            -0.05398168082065402,
            0.09736789837290694
        ],
        "annual_volatility_rescaled_1_0_bps": [
            0.16690469144660275,
            0.13309530855339766
        ],
        "downside_risk_rescaled_1_0_bps": [
            0.12824831589100802,
            0.09191938046918907
        ],
        "max_drawdown_rescaled_1_0_bps": [
            0.2180737324493996,
            0.08803760031475988
        ],
        "annual_return_rescaled_1_5_bps": [
            -0.05616397755288538,
            0.09042474303737946
        ],
        "annual_volatility_rescaled_1_5_bps": [
            0.1668966075943467,
            0.13310339240565514
        ],
        "downside_risk_rescaled_1_5_bps": [
            0.1283029080106089,
            0.09209763840518385
        ],
        "max_drawdown_rescaled_1_5_bps": [
            0.21853036726930716,
            0.08931617252616954
        ],
        "annual_return_rescaled_2_0_bps": [
            -0.0583405926513455,
            0.0835267011216907
        ],
        "annual_volatility_rescaled_2_0_bps": [
            0.16688821745577812,
            0.13311178254422373
        ],
        "downside_risk_rescaled_2_0_bps": [
            0.12835729534408397,
            0.09227669881970764
        ],
        "max_drawdown_rescaled_2_0_bps": [
            0.21898616421817468,
            0.09059250253385406
        ],
        "annual_return_rescaled_2_5_bps": [
            -0.06051152708653906,
            0.07667352056294541
        ],
        "annual_volatility_rescaled_2_5_bps": [
            0.16687952138487686,
            0.1331204786151236
        ],
        "downside_risk_rescaled_2_5_bps": [
            0.12841147785986518,
            0.09245655413578197
        ],
        "max_drawdown_rescaled_2_5_bps": [
            0.21944112164373877,
            0.09186658591111312
        ],
        "annual_return_rescaled_3_0_bps": [
            -0.06267678194890791,
            0.06986495005353466
        ],
        "annual_volatility_rescaled_3_0_bps": [
            0.16687051974443265,
            0.13312948025556767
        ],
        "downside_risk_rescaled_3_0_bps": [
            0.12846545594050326,
            0.09263720130315918
        ],
        "max_drawdown_rescaled_3_0_bps": [
            0.21989523791531723,
            0.09313841828998322
        ],
        "sharpe_ratio_years": [
            -0.22096968553309002,
            0.8486578051023451
        ],
        "sharpe_ratio_years_0_5_bps": [
            -0.23482777067585403,
            0.801068799373792
        ],
        "sharpe_ratio_years_1_0_bps": [
            -0.24868381106111903,
            0.7534918242806701
        ],
        "sharpe_ratio_years_1_5_bps": [
            -0.262537785288102,
            0.705927537462207
        ],
        "sharpe_ratio_years_2_0_bps": [
            -0.276389671974814,
            0.6583765953548101
        ],
        "sharpe_ratio_years_2_5_bps": [
            -0.290239449758224,
            0.6108396531479581
        ],
        "sharpe_ratio_years_3_0_bps": [
            -0.304087097294414,
            0.56331736474031
        ]
    },
    "COMB": {
        "annual_return": [
            -0.020535761677812,
            0.05396170529909
        ],
        "annual_volatility": [
            0.079576411121794,
            0.063443790604432
        ],
        "sharpe_ratio": [
            -0.22096968553309002,
            0.860077711521794
        ],
        "downside_risk": [
            0.061087989229059,
            0.043652235875430004
        ],
        "sortino_ratio": [
            -0.287846674335617,
            1.250029675204824
        ],
        "max_drawdown": [
            0.108602754330196,
            0.0414555779655
        ],
        "calmar_ratio": [
            -0.18909061565211902,
            1.301675382357419
        ],
        "perc_pos_return": [
            0.543650793650793,
            0.5338645418326691
        ],
        "profit_loss_ratio": [
            0.803850616093007,
            1.020518627599786
        ],
        "annual_return_0_5_bps": [
            -0.021617095721707003,
            0.050781638551615
        ],
        "annual_volatility_0_5_bps": [
            0.079581907175905,
            0.063454573821475
        ],
        "sharpe_ratio_0_5_bps": [
            -0.23482777067585403,
            0.8123112390667351
        ],
        "downside_risk_0_5_bps": [
            0.061121166280717,
            0.043741465842415006
        ],
        "sortino_ratio_0_5_bps": [
            -0.305754012651202,
            1.178398174196347
        ],
        "max_drawdown_0_5_bps": [
            0.108862956302225,
            0.042010383262715
        ],
        "calmar_ratio_0_5_bps": [
            -0.198571639573098,
            1.208787795008879
        ],
        "perc_pos_return_0_5_bps": [
            0.543650793650793,
            0.5338645418326691
        ],
        "profit_loss_ratio_0_5_bps": [
            0.801665348796296,
            1.011728302998958
        ],
        "annual_return_1_0_bps": [
            -0.022697243991016,
            0.047611108996394
        ],
        "annual_volatility_1_0_bps": [
            0.079587445079817,
            0.063465654967905
        ],
        "sharpe_ratio_1_0_bps": [
            -0.24868381106111903,
            0.7645574092311601
        ],
        "downside_risk_1_0_bps": [
            0.061154397213694006,
            0.043831174435278
        ],
        "sortino_ratio_1_0_bps": [
            -0.323641635872987,
            1.107046237354882
        ],
        "max_drawdown_1_0_bps": [
            0.10912308453669901,
            0.042655329112686005
        ],
        "calmar_ratio_1_0_bps": [
            -0.207996723034189,
            1.116181963351313
        ],
        "perc_pos_return_1_0_bps": [
            0.543650793650793,
            0.525896414342629
        ],
        "profit_loss_ratio_1_0_bps": [
            0.7994856044035471,
            1.035606056177926
        ],
        "annual_return_1_5_bps": [
            -0.023776207777305002,
            0.044450088203805006
        ],
        "annual_volatility_1_5_bps": [
            0.07959302482479301,
            0.063477033887694
        ],
        "sharpe_ratio_1_5_bps": [
            -0.262537785288102,
            0.7168168895536221
        ],
        "downside_risk_1_5_bps": [
            0.06118768194020201,
            0.043921381779703006
        ],
        "sortino_ratio_1_5_bps": [
            -0.341509529357621,
            1.035974009599433
        ],
        "max_drawdown_1_5_bps": [
            0.10938313905390501,
            0.043299855437616004
        ],
        "calmar_ratio_1_5_bps": [
            -0.217366295966224,
            1.026564355805921
        ],
        "perc_pos_return_1_5_bps": [
            0.543650793650793,
            0.521912350597609
        ],
        "profit_loss_ratio_1_5_bps": [
            0.797311362003836,
            1.043196504369147
        ],
        "annual_return_2_0_bps": [
            -0.024853988370742004,
            0.041298547828464004
        ],
        "annual_volatility_2_0_bps": [
            0.07959864640203601,
            0.06348871042073401
        ],
        "sharpe_ratio_2_0_bps": [
            -0.276389671974814,
            0.6690903462994261
        ],
        "downside_risk_2_0_bps": [
            0.061221020399015,
            0.044012096434809
        ],
        "sortino_ratio_2_0_bps": [
            -0.359357678544213,
            0.9651819995540101
        ],
        "max_drawdown_2_0_bps": [
            0.10964311987412101,
            0.043943962500949
        ],
        "calmar_ratio_2_0_bps": [
            -0.22668078397693503,
            0.9398002701183821
        ],
        "perc_pos_return_2_0_bps": [
            0.539682539682539,
            0.521912350597609
        ],
        "profit_loss_ratio_2_0_bps": [
            0.8079545556908031,
            1.034196394922749
        ],
        "annual_return_2_5_bps": [
            -0.025930587060094,
            0.038156459608967006
        ],
        "annual_volatility_2_5_bps": [
            0.079604309802683,
            0.06350068440285
        ],
        "sharpe_ratio_2_5_bps": [
            -0.290239449758224,
            0.6213784444154501
        ],
        "downside_risk_2_5_bps": [
            0.06125441265019901,
            0.044103315479548
        ],
        "sortino_ratio_2_5_bps": [
            -0.37718606833198604,
            0.8946709802771311
        ],
        "max_drawdown_2_5_bps": [
            0.10990302701762501,
            0.044587650565971006
        ],
        "calmar_ratio_2_5_bps": [
            -0.23594060840503903,
            0.8557629550925081
        ],
        "perc_pos_return_2_5_bps": [
            0.539682539682539,
            0.5179282868525891
        ],
        "profit_loss_ratio_2_5_bps": [
            0.8057568005614331,
            1.041775415453129
        ],
        "annual_return_3_0_bps": [
            -0.027006005132738,
            0.035023795367653
        ],
        "annual_volatility_3_0_bps": [
            0.07961001501780701,
            0.063512955665809
        ],
        "sharpe_ratio_3_0_bps": [
            -0.304087097294414,
            0.573681847485183
        ],
        "downside_risk_3_0_bps": [
            0.0612878589481,
            0.044195038154414
        ],
        "sortino_ratio_3_0_bps": [
            -0.394994682435064,
            0.8244416402198861
        ],
        "max_drawdown_3_0_bps": [
            0.110162860504684,
            0.045230919895807006
        ],
        "calmar_ratio_3_0_bps": [
            -0.24514618637367602,
            0.774333032543515
        ],
        "perc_pos_return_3_0_bps": [
            0.535714285714285,
            0.5179282868525891
        ],
        "profit_loss_ratio_3_0_bps": [
            0.8164962838140191,
            1.032795883616932
        ],
        "annual_return_rescaled": [
            -0.04960003917524891,
            0.1113905612962185
        ],
        "annual_volatility_rescaled": [
            0.16691993892049228,
            0.13308006107950768
        ],
        "downside_risk_rescaled": [
            0.1281385185276043,
            0.0915651817335366
        ],
        "max_drawdown_rescaled": [
            0.2171579559132617,
            0.08552485572603277
        ],
        "annual_return_rescaled_0_5_bps": [
            -0.051793701604539,
            0.1043564199405922
        ],
        "annual_volatility_rescaled_0_5_bps": [
            0.16691246866740825,
            0.13308753133259277
        ],
        "downside_risk_rescaled_0_5_bps": [
            0.12819351927814093,
            0.09174190850629932
        ],
        "max_drawdown_rescaled_0_5_bps": [
            0.21761626143227095,
            0.08675679038501992
        ],
        "annual_return_rescaled_1_0_bps": [
            -0.05398168082065402,
            0.09736789837290694
        ],
        "annual_volatility_rescaled_1_0_bps": [
            0.16690469144660275,
            0.13309530855339766
        ],
        "downside_risk_rescaled_1_0_bps": [
            0.12824831589100802,
            0.09191938046918907
        ],
        "max_drawdown_rescaled_1_0_bps": [
            0.2180737324493996,
            0.08803760031475988
        ],
        "annual_return_rescaled_1_5_bps": [
            -0.05616397755288538,
            0.09042474303737946
        ],
        "annual_volatility_rescaled_1_5_bps": [
            0.1668966075943467,
            0.13310339240565514
        ],
        "downside_risk_rescaled_1_5_bps": [
            0.1283029080106089,
            0.09209763840518385
        ],
        "max_drawdown_rescaled_1_5_bps": [
            0.21853036726930716,
            0.08931617252616954
        ],
        "annual_return_rescaled_2_0_bps": [
            -0.0583405926513455,
            0.0835267011216907
        ],
        "annual_volatility_rescaled_2_0_bps": [
            0.16688821745577812,
            0.13311178254422373
        ],
        "downside_risk_rescaled_2_0_bps": [
            0.12835729534408397,
            0.09227669881970764
        ],
        "max_drawdown_rescaled_2_0_bps": [
            0.21898616421817468,
            0.09059250253385406
        ],
        "annual_return_rescaled_2_5_bps": [
            -0.06051152708653906,
            0.07667352056294541
        ],
        "annual_volatility_rescaled_2_5_bps": [
            0.16687952138487686,
            0.1331204786151236
        ],
        "downside_risk_rescaled_2_5_bps": [
            0.12841147785986518,
            0.09245655413578197
        ],
        "max_drawdown_rescaled_2_5_bps": [
            0.21944112164373877,
            0.09186658591111312
        ],
        "annual_return_rescaled_3_0_bps": [
            -0.06267678194890791,
            0.06986495005353466
        ],
        "annual_volatility_rescaled_3_0_bps": [
            0.16687051974443265,
            0.13312948025556767
        ],
        "downside_risk_rescaled_3_0_bps": [
            0.12846545594050326,
            0.09263720130315918
        ],
        "max_drawdown_rescaled_3_0_bps": [
            0.21989523791531723,
            0.09313841828998322
        ],
        "sharpe_ratio_years": [
            -0.22096968553309002,
            0.8486578051023451
        ],
        "sharpe_ratio_years_0_5_bps": [
            -0.23482777067585403,
            0.801068799373792
        ],
        "sharpe_ratio_years_1_0_bps": [
            -0.24868381106111903,
            0.7534918242806701
        ],
        "sharpe_ratio_years_1_5_bps": [
            -0.262537785288102,
            0.705927537462207
        ],
        "sharpe_ratio_years_2_0_bps": [
            -0.276389671974814,
            0.6583765953548101
        ],
        "sharpe_ratio_years_2_5_bps": [
            -0.290239449758224,
            0.6108396531479581
        ],
        "sharpe_ratio_years_3_0_bps": [
            -0.304087097294414,
            0.56331736474031
        ]
    }
}