{
    "ALL": {
        "annual_return": 0.031958270924433,
        "annual_volatility": 0.06773501116403802,
        "sharpe_ratio": 0.411645546265134,
        "downside_risk": 0.04881363792950601,
        "sortino_ratio": 0.7325970318030051,
        "max_drawdown": 0.094860072492396,
        "calmar_ratio": 0.7322209462898606,
        "perc_pos_return": 0.4980620155038755,
        "profit_loss_ratio": 1.0889742770316055,
        "annual_return_0_5_bps": 0.030595441784626504,
        "annual_volatility_0_5_bps": 0.06773089050693051,
        "sharpe_ratio_0_5_bps": 0.3910405121569425,
        "downside_risk_0_5_bps": 0.048848182568719506,
        "sortino_ratio_0_5_bps": 0.7051684832869869,
        "max_drawdown_0_5_bps": 0.09545170124129301,
        "calmar_ratio_0_5_bps": 0.7193040908384936,
        "perc_pos_return_0_5_bps": 0.4980620155038755,
        "profit_loss_ratio_0_5_bps": 1.085257645470606,
        "annual_return_1_0_bps": 0.029234765059658004,
        "annual_volatility_1_0_bps": 0.0677268743810725,
        "sharpe_ratio_1_0_bps": 0.370432183287759,
        "downside_risk_1_0_bps": 0.048882874246167,
        "sortino_ratio_1_0_bps": 0.677782056163484,
        "max_drawdown_1_0_bps": 0.0960425440674275,
        "calmar_ratio_1_0_bps": 0.7065070830049356,
        "perc_pos_return_1_0_bps": 0.4980620155038755,
        "profit_loss_ratio_1_0_bps": 1.081558094372695,
        "annual_return_1_5_bps": 0.027876236956547,
        "annual_volatility_1_5_bps": 0.06772296280671751,
        "sharpe_ratio_1_5_bps": 0.34982066489301256,
        "downside_risk_1_5_bps": 0.048917712615594,
        "sortino_ratio_1_5_bps": 0.6504379075362536,
        "max_drawdown_1_5_bps": 0.0966326020124875,
        "calmar_ratio_1_5_bps": 0.6938267363090506,
        "perc_pos_return_1_5_bps": 0.4980620155038755,
        "profit_loss_ratio_1_5_bps": 1.0778754901512482,
        "annual_return_2_0_bps": 0.0265198536893645,
        "annual_volatility_2_0_bps": 0.06771915580362001,
        "sharpe_ratio_2_0_bps": 0.3292060623025605,
        "downside_risk_2_0_bps": 0.04895269735485,
        "sortino_ratio_2_0_bps": 0.6231361926451029,
        "max_drawdown_2_0_bps": 0.097221876116791,
        "calmar_ratio_2_0_bps": 0.6812599828395375,
        "perc_pos_return_2_0_bps": 0.49612403100775104,
        "profit_loss_ratio_2_0_bps": 1.080960458602682,
        "annual_return_2_5_bps": 0.025165611479184,
        "annual_volatility_2_5_bps": 0.067715453391036,
        "sharpe_ratio_2_5_bps": 0.30858848093796404,
        "downside_risk_2_5_bps": 0.0489878285044055,
        "sortino_ratio_2_5_bps": 0.5958770713966455,
        "max_drawdown_2_5_bps": 0.09781036741928902,
        "calmar_ratio_2_5_bps": 0.6688038677778826,
        "perc_pos_return_2_5_bps": 0.49612403100775104,
        "profit_loss_ratio_2_5_bps": 1.0772738936912,
        "annual_return_3_0_bps": 0.023813506554090005,
        "annual_volatility_3_0_bps": 0.0677118555877185,
        "sharpe_ratio_3_0_bps": 0.287968026309751,
        "downside_risk_3_0_bps": 0.04902310587854951,
        "sortino_ratio_3_0_bps": 0.5686606980162999,
        "max_drawdown_3_0_bps": 0.09839807695757001,
        "calmar_ratio_3_0_bps": 0.6564555442239656,
        "perc_pos_return_3_0_bps": 0.494186046511627,
        "profit_loss_ratio_3_0_bps": 1.0803825223538166,
        "annual_return_rescaled": 0.07293791908254565,
        "annual_volatility_rescaled": 0.15000000000000008,
        "downside_risk_rescaled": 0.10809839053091334,
        "max_drawdown_rescaled": 0.1984760268792355,
        "annual_return_rescaled_0_5_bps": 0.06993117939386823,
        "annual_volatility_rescaled_0_5_bps": 0.1500000000000007,
        "downside_risk_rescaled_0_5_bps": 0.1081814712676517,
        "max_drawdown_rescaled_0_5_bps": 0.19958882344510204,
        "annual_return_rescaled_1_0_bps": 0.06693417919392408,
        "annual_volatility_rescaled_1_0_bps": 0.15000000000000055,
        "downside_risk_rescaled_1_0_bps": 0.10826472067304332,
        "max_drawdown_rescaled_1_0_bps": 0.20069819590581967,
        "annual_return_rescaled_1_5_bps": 0.06394689648977048,
        "annual_volatility_rescaled_1_5_bps": 0.15000000000000058,
        "downside_risk_rescaled_1_5_bps": 0.10834813759228071,
        "max_drawdown_rescaled_1_5_bps": 0.20180414922771062,
        "annual_return_rescaled_2_0_bps": 0.060969309251779735,
        "annual_volatility_rescaled_2_0_bps": 0.15000000000000122,
        "downside_risk_rescaled_2_0_bps": 0.1084317209228273,
        "max_drawdown_rescaled_2_0_bps": 0.20290668840698575,
        "annual_return_rescaled_2_5_bps": 0.05800139541436111,
        "annual_volatility_rescaled_2_5_bps": 0.15000000000000013,
        "downside_risk_rescaled_2_5_bps": 0.10851547036431186,
        "max_drawdown_rescaled_2_5_bps": 0.20400581846951343,
        "annual_return_rescaled_3_0_bps": 0.055043132876685,
        "annual_volatility_rescaled_3_0_bps": 0.15000000000000105,
        "downside_risk_rescaled_3_0_bps": 0.10859938511441798,
        "max_drawdown_rescaled_3_0_bps": 0.2051015444706084,
        "sharpe_ratio_years": 0.40735347048292153,
        "sharpe_ratio_years_0_5_bps": 0.3879913947238604,
        "sharpe_ratio_years_1_0_bps": 0.36862713423527704,
        "sharpe_ratio_years_1_5_bps": 0.34926077321437654,
        "sharpe_ratio_years_2_0_bps": 0.3298923959093775,
        "sharpe_ratio_years_2_5_bps": 0.31052208661766,
        "sharpe_ratio_years_3_0_bps": 0.2911499296839051,
        "sharpe_ratio_years_std": 1.2498276840130695,
        "sharpe_ratio_years_std_0_5_bps": 1.2589600573286475,
        "sharpe_ratio_years_std_1_0_bps": 1.26809229020582,
        "sharpe_ratio_years_std_1_5_bps": 1.2772243319300585,
        "sharpe_ratio_years_std_2_0_bps": 1.2863561317633325,
        "sharpe_ratio_years_std_2_5_bps": 1.295487638945422,
        "sharpe_ratio_years_std_3_0_bps": 1.304618802695229
    },
    "COMB": {
        "annual_return": 0.031958270924433,
        "annual_volatility": 0.06773501116403802,
        "sharpe_ratio": 0.411645546265134,
        "downside_risk": 0.04881363792950601,
        "sortino_ratio": 0.7325970318030051,
        "max_drawdown": 0.094860072492396,
        "calmar_ratio": 0.7322209462898606,
        "perc_pos_return": 0.4980620155038755,
        "profit_loss_ratio": 1.0889742770316055,
        "annual_return_0_5_bps": 0.030595441784626504,
        "annual_volatility_0_5_bps": 0.06773089050693051,
        "sharpe_ratio_0_5_bps": 0.3910405121569425,
        "downside_risk_0_5_bps": 0.048848182568719506,
        "sortino_ratio_0_5_bps": 0.7051684832869869,
        "max_drawdown_0_5_bps": 0.09545170124129301,
        "calmar_ratio_0_5_bps": 0.7193040908384936,
        "perc_pos_return_0_5_bps": 0.4980620155038755,
        "profit_loss_ratio_0_5_bps": 1.085257645470606,
        "annual_return_1_0_bps": 0.029234765059658004,
        "annual_volatility_1_0_bps": 0.0677268743810725,
        "sharpe_ratio_1_0_bps": 0.370432183287759,
        "downside_risk_1_0_bps": 0.048882874246167,
        "sortino_ratio_1_0_bps": 0.677782056163484,
        "max_drawdown_1_0_bps": 0.0960425440674275,
        "calmar_ratio_1_0_bps": 0.7065070830049356,
        "perc_pos_return_1_0_bps": 0.4980620155038755,
        "profit_loss_ratio_1_0_bps": 1.081558094372695,
        "annual_return_1_5_bps": 0.027876236956547,
        "annual_volatility_1_5_bps": 0.06772296280671751,
        "sharpe_ratio_1_5_bps": 0.34982066489301256,
        "downside_risk_1_5_bps": 0.048917712615594,
        "sortino_ratio_1_5_bps": 0.6504379075362536,
        "max_drawdown_1_5_bps": 0.0966326020124875,
        "calmar_ratio_1_5_bps": 0.6938267363090506,
        "perc_pos_return_1_5_bps": 0.4980620155038755,
        "profit_loss_ratio_1_5_bps": 1.0778754901512482,
        "annual_return_2_0_bps": 0.0265198536893645,
        "annual_volatility_2_0_bps": 0.06771915580362001,
        "sharpe_ratio_2_0_bps": 0.3292060623025605,
        "downside_risk_2_0_bps": 0.04895269735485,
        "sortino_ratio_2_0_bps": 0.6231361926451029,
        "max_drawdown_2_0_bps": 0.097221876116791,
        "calmar_ratio_2_0_bps": 0.6812599828395375,
        "perc_pos_return_2_0_bps": 0.49612403100775104,
        "profit_loss_ratio_2_0_bps": 1.080960458602682,
        "annual_return_2_5_bps": 0.025165611479184,
        "annual_volatility_2_5_bps": 0.067715453391036,
        "sharpe_ratio_2_5_bps": 0.30858848093796404,
        "downside_risk_2_5_bps": 0.0489878285044055,
        "sortino_ratio_2_5_bps": 0.5958770713966455,
        "max_drawdown_2_5_bps": 0.09781036741928902,
        "calmar_ratio_2_5_bps": 0.6688038677778826,
        "perc_pos_return_2_5_bps": 0.49612403100775104,
        "profit_loss_ratio_2_5_bps": 1.0772738936912,
        "annual_return_3_0_bps": 0.023813506554090005,
        "annual_volatility_3_0_bps": 0.0677118555877185,
        "sharpe_ratio_3_0_bps": 0.287968026309751,
        "downside_risk_3_0_bps": 0.04902310587854951,
        "sortino_ratio_3_0_bps": 0.5686606980162999,
        "max_drawdown_3_0_bps": 0.09839807695757001,
        "calmar_ratio_3_0_bps": 0.6564555442239656,
        "perc_pos_return_3_0_bps": 0.494186046511627,
        "profit_loss_ratio_3_0_bps": 1.0803825223538166,
        "annual_return_rescaled": 0.07293791908254565,
        "annual_volatility_rescaled": 0.15000000000000008,
        "downside_risk_rescaled": 0.10809839053091334,
        "max_drawdown_rescaled": 0.1984760268792355,
        "annual_return_rescaled_0_5_bps": 0.06993117939386823,
        "annual_volatility_rescaled_0_5_bps": 0.1500000000000007,
        "downside_risk_rescaled_0_5_bps": 0.1081814712676517,
        "max_drawdown_rescaled_0_5_bps": 0.19958882344510204,
        "annual_return_rescaled_1_0_bps": 0.06693417919392408,
        "annual_volatility_rescaled_1_0_bps": 0.15000000000000055,
        "downside_risk_rescaled_1_0_bps": 0.10826472067304332,
        "max_drawdown_rescaled_1_0_bps": 0.20069819590581967,
        "annual_return_rescaled_1_5_bps": 0.06394689648977048,
        "annual_volatility_rescaled_1_5_bps": 0.15000000000000058,
        "downside_risk_rescaled_1_5_bps": 0.10834813759228071,
        "max_drawdown_rescaled_1_5_bps": 0.20180414922771062,
        "annual_return_rescaled_2_0_bps": 0.060969309251779735,
        "annual_volatility_rescaled_2_0_bps": 0.15000000000000122,
        "downside_risk_rescaled_2_0_bps": 0.1084317209228273,
        "max_drawdown_rescaled_2_0_bps": 0.20290668840698575,
        "annual_return_rescaled_2_5_bps": 0.05800139541436111,
        "annual_volatility_rescaled_2_5_bps": 0.15000000000000013,
        "downside_risk_rescaled_2_5_bps": 0.10851547036431186,
        "max_drawdown_rescaled_2_5_bps": 0.20400581846951343,
        "annual_return_rescaled_3_0_bps": 0.055043132876685,
        "annual_volatility_rescaled_3_0_bps": 0.15000000000000105,
        "downside_risk_rescaled_3_0_bps": 0.10859938511441798,
        "max_drawdown_rescaled_3_0_bps": 0.2051015444706084,
        "sharpe_ratio_years": 0.40735347048292153,
        "sharpe_ratio_years_0_5_bps": 0.3879913947238604,
        "sharpe_ratio_years_1_0_bps": 0.36862713423527704,
        "sharpe_ratio_years_1_5_bps": 0.34926077321437654,
        "sharpe_ratio_years_2_0_bps": 0.3298923959093775,
        "sharpe_ratio_years_2_5_bps": 0.31052208661766,
        "sharpe_ratio_years_3_0_bps": 0.2911499296839051,
        "sharpe_ratio_years_std": 1.2498276840130695,
        "sharpe_ratio_years_std_0_5_bps": 1.2589600573286475,
        "sharpe_ratio_years_std_1_0_bps": 1.26809229020582,
        "sharpe_ratio_years_std_1_5_bps": 1.2772243319300585,
        "sharpe_ratio_years_std_2_0_bps": 1.2863561317633325,
        "sharpe_ratio_years_std_2_5_bps": 1.295487638945422,
        "sharpe_ratio_years_std_3_0_bps": 1.304618802695229
    }
}