{
    "ALL": {
        "annual_return": [
            0.10680891883243701,
            -0.042892376983571005
        ],
        "annual_volatility": [
            0.07080403499674101,
            0.06466598733133501
        ],
        "sharpe_ratio": [
            1.468794526924102,
            -0.6455034343938341
        ],
        "downside_risk": [
            0.045801003201676,
            0.051826272657336005
        ],
        "sortino_ratio": [
            2.270617930123183,
            -0.805423866517173
        ],
        "max_drawdown": [
            0.05953924123657801,
            0.130180903748214
        ],
        "calmar_ratio": [
            1.7939247564145782,
            -0.32948286383485703
        ],
        "perc_pos_return": [
            0.49612403100775104,
            0.5
        ],
        "profit_loss_ratio": [
            1.293684409841201,
            0.88426414422201
        ],
        "annual_return_0_5_bps": [
            0.10596217054086801,
            -0.044771286971615004
        ],
        "annual_volatility_0_5_bps": [
            0.070801470322764,
            0.06466031069109701
        ],
        "sharpe_ratio_0_5_bps": [
            1.458031410748237,
            -0.675950386434352
        ],
        "downside_risk_0_5_bps": [
            0.045821537531261,
            0.051874827606178
        ],
        "sortino_ratio_0_5_bps": [
            2.252887467761693,
            -0.842550501187719
        ],
        "max_drawdown_0_5_bps": [
            0.05954776195564,
            0.131355640526946
        ],
        "calmar_ratio_0_5_bps": [
            1.779448413523984,
            -0.340840231846997
        ],
        "perc_pos_return_0_5_bps": [
            0.49612403100775104,
            0.5
        ],
        "profit_loss_ratio_0_5_bps": [
            1.291350130510658,
            0.879165160430554
        ],
        "annual_return_1_0_bps": [
            0.10511606065439101,
            -0.046646530535075004
        ],
        "annual_volatility_1_0_bps": [
            0.070798993237543,
            0.06465475552460201
        ],
        "sharpe_ratio_1_0_bps": [
            1.447265724307057,
            -0.706401357731539
        ],
        "downside_risk_1_0_bps": [
            0.045842164092226,
            0.051923584400108004
        ],
        "sortino_ratio_1_0_bps": [
            2.235168392617832,
            -0.879604280290864
        ],
        "max_drawdown_1_0_bps": [
            0.059556282611513,
            0.132528805523342
        ],
        "calmar_ratio_1_0_bps": [
            1.764986934125251,
            -0.35197276811538003
        ],
        "perc_pos_return_1_0_bps": [
            0.49612403100775104,
            0.5
        ],
        "profit_loss_ratio_1_0_bps": [
            1.289020695518064,
            0.874095493227326
        ],
        "annual_return_1_5_bps": [
            0.104270588698605,
            -0.048518114785511005
        ],
        "annual_volatility_1_5_bps": [
            0.07079660375027201,
            0.06464932186316301
        ],
        "sharpe_ratio_1_5_bps": [
            1.4364975071017811,
            -0.736856177315756
        ],
        "downside_risk_1_5_bps": [
            0.04586288276013,
            0.051972542471058
        ],
        "sortino_ratio_1_5_bps": [
            2.2174608022448092,
            -0.9165849871723021
        ],
        "max_drawdown_1_5_bps": [
            0.059564803204197006,
            0.133700400820778
        ],
        "calmar_ratio_1_5_bps": [
            1.7505403038292382,
            -0.362886831211137
        ],
        "perc_pos_return_1_5_bps": [
            0.49612403100775104,
            0.5
        ],
        "profit_loss_ratio_1_5_bps": [
            1.286696089798843,
            0.869054890503653
        ],
        "annual_return_2_0_bps": [
            0.10342575419949,
            -0.050386046820761005
        ],
        "annual_volatility_2_0_bps": [
            0.07079430186981901,
            0.064644009737421
        ],
        "sharpe_ratio_2_0_bps": [
            1.425726798669959,
            -0.7673146740648381
        ],
        "downside_risk_2_0_bps": [
            0.045883693410201,
            0.052021701299499006
        ],
        "sortino_ratio_2_0_bps": [
            2.199764793705367,
            -0.953492408415161
        ],
        "max_drawdown_2_0_bps": [
            0.05957332373369201,
            0.13487042849989
        ],
        "calmar_ratio_2_0_bps": [
            1.736108508261653,
            -0.373588542582578
        ],
        "perc_pos_return_2_0_bps": [
            0.49612403100775104,
            0.49612403100775104
        ],
        "profit_loss_ratio_2_0_bps": [
            1.284376298350817,
            0.877544618854547
        ],
        "annual_return_2_5_bps": [
            0.102581556683353,
            -0.052250333724985006
        ],
        "annual_volatility_2_5_bps": [
            0.070792087604732,
            0.06463881917734
        ],
        "sharpe_ratio_2_5_bps": [
            1.414953638584756,
            -0.797776676708828
        ],
        "downside_risk_2_5_bps": [
            0.04590459591734,
            0.052071061091471006
        ],
        "sortino_ratio_2_5_bps": [
            2.182080463570482,
            -0.9903263207771911
        ],
        "max_drawdown_2_5_bps": [
            0.059581844200000005,
            0.13603889063857802
        ],
        "calmar_ratio_2_5_bps": [
            1.7216915330618852,
            -0.38408379750612004
        ],
        "perc_pos_return_2_5_bps": [
            0.49612403100775104,
            0.49612403100775104
        ],
        "profit_loss_ratio_2_5_bps": [
            1.282061306233885,
            0.872486481148515
        ],
        "annual_return_3_0_bps": [
            0.10173799567685801,
            -0.054110982568678
        ],
        "annual_volatility_3_0_bps": [
            0.07078996096323101,
            0.064633750212206
        ],
        "sharpe_ratio_3_0_bps": [
            1.404178066454226,
            -0.8282420138347241
        ],
        "downside_risk_3_0_bps": [
            0.045925590156124005,
            0.052120621600975005
        ],
        "sortino_ratio_3_0_bps": [
            2.164407907918074,
            -1.027086511885474
        ],
        "max_drawdown_3_0_bps": [
            0.059590364603119006,
            0.13720578931202101
        ],
        "calmar_ratio_3_0_bps": [
            1.7072893638837021,
            -0.39437827543577103
        ],
        "perc_pos_return_3_0_bps": [
            0.49612403100775104,
            0.49224806201550303
        ],
        "profit_loss_ratio_3_0_bps": [
            1.279751098569698,
            0.881013946137935
        ],
        "annual_return_rescaled": [
            0.24356279420248184,
            -0.09768695603739053
        ],
        "annual_volatility_rescaled": [
            0.15679639033040968,
            0.1432036096695905
        ],
        "downside_risk_rescaled": [
            0.10142687455404134,
            0.11476990650778535
        ],
        "max_drawdown_rescaled": [
            0.12801560098416467,
            0.2689364527743063
        ],
        "annual_return_rescaled_0_5_bps": [
            0.24147387898395545,
            -0.101611520196219
        ],
        "annual_volatility_rescaled_0_5_bps": [
            0.15680024976680315,
            0.1431997502331982
        ],
        "downside_risk_rescaled_0_5_bps": [
            0.10147852151723677,
            0.11488442101806662
        ],
        "max_drawdown_rescaled_0_5_bps": [
            0.12804059511199348,
            0.2711370517782106
        ],
        "annual_return_rescaled_1_0_bps": [
            0.23938778079731082,
            -0.10551942240946266
        ],
        "annual_volatility_rescaled_1_0_bps": [
            0.15680406164734298,
            0.14319593835265812
        ],
        "downside_risk_rescaled_1_0_bps": [
            0.10153022233306604,
            0.1149992190130206
        ],
        "max_drawdown_rescaled_1_0_bps": [
            0.12806540465980093,
            0.2733309871518384
        ],
        "annual_return_rescaled_1_5_bps": [
            0.23730450665742908,
            -0.10941071367788813
        ],
        "annual_volatility_rescaled_1_5_bps": [
            0.15680782591938563,
            0.14319217408061555
        ],
        "downside_risk_rescaled_1_5_bps": [
            0.10158197646570145,
            0.11511429871885996
        ],
        "max_drawdown_rescaled_1_5_bps": [
            0.12809002945745548,
            0.2755182689979658
        ],
        "annual_return_rescaled_2_0_bps": [
            0.235224063528225,
            -0.11328544502466553
        ],
        "annual_volatility_rescaled_2_0_bps": [
            0.15681154253114976,
            0.14318845746885267
        ],
        "downside_risk_rescaled_2_0_bps": [
            0.10163378337865105,
            0.11522965846700355
        ],
        "max_drawdown_rescaled_2_0_bps": [
            0.12811446933727666,
            0.27769890747669485
        ],
        "annual_return_rescaled_2_5_bps": [
            0.23314645832252,
            -0.11714366749379779
        ],
        "annual_volatility_rescaled_2_5_bps": [
            0.15681521143171587,
            0.1431847885682844
        ],
        "downside_risk_rescaled_2_5_bps": [
            0.10168564253477502,
            0.1153452981938487
        ],
        "max_drawdown_rescaled_2_5_bps": [
            0.1281387241340378,
            0.2798729128049891
        ],
        "annual_return_rescaled_3_0_bps": [
            0.23107169790196136,
            -0.12098543214859137
        ],
        "annual_volatility_rescaled_3_0_bps": [
            0.15681883257103785,
            0.14318116742896425
        ],
        "downside_risk_rescaled_3_0_bps": [
            0.10173755339630924,
            0.11546121683252672
        ],
        "max_drawdown_rescaled_3_0_bps": [
            0.12816279368497951,
            0.2820402952562373
        ],
        "sharpe_ratio_years": [
            1.6571811544959911,
            -0.8424742135301481
        ],
        "sharpe_ratio_years_0_5_bps": [
            1.646951452052508,
            -0.8709686626047871
        ],
        "sharpe_ratio_years_1_0_bps": [
            1.6367194244410972,
            -0.8994651559705431
        ],
        "sharpe_ratio_years_1_5_bps": [
            1.6264851051444351,
            -0.927963558715682
        ],
        "sharpe_ratio_years_2_0_bps": [
            1.61624852767271,
            -0.956463735853955
        ],
        "sharpe_ratio_years_2_5_bps": [
            1.606009725563082,
            -0.9849655523277621
        ],
        "sharpe_ratio_years_3_0_bps": [
            1.595768732379134,
            -1.013468873011324
        ]
    },
    "COMB": {
        "annual_return": [
            0.10680891883243701,
            -0.042892376983571005
        ],
        "annual_volatility": [
            0.07080403499674101,
            0.06466598733133501
        ],
        "sharpe_ratio": [
            1.468794526924102,
            -0.6455034343938341
        ],
        "downside_risk": [
            0.045801003201676,
            0.051826272657336005
        ],
        "sortino_ratio": [
            2.270617930123183,
            -0.805423866517173
        ],
        "max_drawdown": [
            0.05953924123657801,
            0.130180903748214
        ],
        "calmar_ratio": [
            1.7939247564145782,
            -0.32948286383485703
        ],
        "perc_pos_return": [
            0.49612403100775104,
            0.5
        ],
        "profit_loss_ratio": [
            1.293684409841201,
            0.88426414422201
        ],
        "annual_return_0_5_bps": [
            0.10596217054086801,
            -0.044771286971615004
        ],
        "annual_volatility_0_5_bps": [
            0.070801470322764,
            0.06466031069109701
        ],
        "sharpe_ratio_0_5_bps": [
            1.458031410748237,
            -0.675950386434352
        ],
        "downside_risk_0_5_bps": [
            0.045821537531261,
            0.051874827606178
        ],
        "sortino_ratio_0_5_bps": [
            2.252887467761693,
            -0.842550501187719
        ],
        "max_drawdown_0_5_bps": [
            0.05954776195564,
            0.131355640526946
        ],
        "calmar_ratio_0_5_bps": [
            1.779448413523984,
            -0.340840231846997
        ],
        "perc_pos_return_0_5_bps": [
            0.49612403100775104,
            0.5
        ],
        "profit_loss_ratio_0_5_bps": [
            1.291350130510658,
            0.879165160430554
        ],
        "annual_return_1_0_bps": [
            0.10511606065439101,
            -0.046646530535075004
        ],
        "annual_volatility_1_0_bps": [
            0.070798993237543,
            0.06465475552460201
        ],
        "sharpe_ratio_1_0_bps": [
            1.447265724307057,
            -0.706401357731539
        ],
        "downside_risk_1_0_bps": [
            0.045842164092226,
            0.051923584400108004
        ],
        "sortino_ratio_1_0_bps": [
            2.235168392617832,
            -0.879604280290864
        ],
        "max_drawdown_1_0_bps": [
            0.059556282611513,
            0.132528805523342
        ],
        "calmar_ratio_1_0_bps": [
            1.764986934125251,
            -0.35197276811538003
        ],
        "perc_pos_return_1_0_bps": [
            0.49612403100775104,
            0.5
        ],
        "profit_loss_ratio_1_0_bps": [
            1.289020695518064,
            0.874095493227326
        ],
        "annual_return_1_5_bps": [
            0.104270588698605,
            -0.048518114785511005
        ],
        "annual_volatility_1_5_bps": [
            0.07079660375027201,
            0.06464932186316301
        ],
        "sharpe_ratio_1_5_bps": [
            1.4364975071017811,
            -0.736856177315756
        ],
        "downside_risk_1_5_bps": [
            0.04586288276013,
            0.051972542471058
        ],
        "sortino_ratio_1_5_bps": [
            2.2174608022448092,
            -0.9165849871723021
        ],
        "max_drawdown_1_5_bps": [
            0.059564803204197006,
            0.133700400820778
        ],
        "calmar_ratio_1_5_bps": [
            1.7505403038292382,
            -0.362886831211137
        ],
        "perc_pos_return_1_5_bps": [
            0.49612403100775104,
            0.5
        ],
        "profit_loss_ratio_1_5_bps": [
            1.286696089798843,
            0.869054890503653
        ],
        "annual_return_2_0_bps": [
            0.10342575419949,
            -0.050386046820761005
        ],
        "annual_volatility_2_0_bps": [
            0.07079430186981901,
            0.064644009737421
        ],
        "sharpe_ratio_2_0_bps": [
            1.425726798669959,
            -0.7673146740648381
        ],
        "downside_risk_2_0_bps": [
            0.045883693410201,
            0.052021701299499006
        ],
        "sortino_ratio_2_0_bps": [
            2.199764793705367,
            -0.953492408415161
        ],
        "max_drawdown_2_0_bps": [
            0.05957332373369201,
            0.13487042849989
        ],
        "calmar_ratio_2_0_bps": [
            1.736108508261653,
            -0.373588542582578
        ],
        "perc_pos_return_2_0_bps": [
            0.49612403100775104,
            0.49612403100775104
        ],
        "profit_loss_ratio_2_0_bps": [
            1.284376298350817,
            0.877544618854547
        ],
        "annual_return_2_5_bps": [
            0.102581556683353,
            -0.052250333724985006
        ],
        "annual_volatility_2_5_bps": [
            0.070792087604732,
            0.06463881917734
        ],
        "sharpe_ratio_2_5_bps": [
            1.414953638584756,
            -0.797776676708828
        ],
        "downside_risk_2_5_bps": [
            0.04590459591734,
            0.052071061091471006
        ],
        "sortino_ratio_2_5_bps": [
            2.182080463570482,
            -0.9903263207771911
        ],
        "max_drawdown_2_5_bps": [
            0.059581844200000005,
            0.13603889063857802
        ],
        "calmar_ratio_2_5_bps": [
            1.7216915330618852,
            -0.38408379750612004
        ],
        "perc_pos_return_2_5_bps": [
            0.49612403100775104,
            0.49612403100775104
        ],
        "profit_loss_ratio_2_5_bps": [
            1.282061306233885,
            0.872486481148515
        ],
        "annual_return_3_0_bps": [
            0.10173799567685801,
            -0.054110982568678
        ],
        "annual_volatility_3_0_bps": [
            0.07078996096323101,
            0.064633750212206
        ],
        "sharpe_ratio_3_0_bps": [
            1.404178066454226,
            -0.8282420138347241
        ],
        "downside_risk_3_0_bps": [
            0.045925590156124005,
            0.052120621600975005
        ],
        "sortino_ratio_3_0_bps": [
            2.164407907918074,
            -1.027086511885474
        ],
        "max_drawdown_3_0_bps": [
            0.059590364603119006,
            0.13720578931202101
        ],
        "calmar_ratio_3_0_bps": [
            1.7072893638837021,
            -0.39437827543577103
        ],
        "perc_pos_return_3_0_bps": [
            0.49612403100775104,
            0.49224806201550303
        ],
        "profit_loss_ratio_3_0_bps": [
            1.279751098569698,
            0.881013946137935
        ],
        "annual_return_rescaled": [
            0.24356279420248184,
            -0.09768695603739053
        ],
        "annual_volatility_rescaled": [
            0.15679639033040968,
            0.1432036096695905
        ],
        "downside_risk_rescaled": [
            0.10142687455404134,
            0.11476990650778535
        ],
        "max_drawdown_rescaled": [
            0.12801560098416467,
            0.2689364527743063
        ],
        "annual_return_rescaled_0_5_bps": [
            0.24147387898395545,
            -0.101611520196219
        ],
        "annual_volatility_rescaled_0_5_bps": [
            0.15680024976680315,
            0.1431997502331982
        ],
        "downside_risk_rescaled_0_5_bps": [
            0.10147852151723677,
            0.11488442101806662
        ],
        "max_drawdown_rescaled_0_5_bps": [
            0.12804059511199348,
            0.2711370517782106
        ],
        "annual_return_rescaled_1_0_bps": [
            0.23938778079731082,
            -0.10551942240946266
        ],
        "annual_volatility_rescaled_1_0_bps": [
            0.15680406164734298,
            0.14319593835265812
        ],
        "downside_risk_rescaled_1_0_bps": [
            0.10153022233306604,
            0.1149992190130206
        ],
        "max_drawdown_rescaled_1_0_bps": [
            0.12806540465980093,
            0.2733309871518384
        ],
        "annual_return_rescaled_1_5_bps": [
            0.23730450665742908,
            -0.10941071367788813
        ],
        "annual_volatility_rescaled_1_5_bps": [
            0.15680782591938563,
            0.14319217408061555
        ],
        "downside_risk_rescaled_1_5_bps": [
            0.10158197646570145,
            0.11511429871885996
        ],
        "max_drawdown_rescaled_1_5_bps": [
            0.12809002945745548,
            0.2755182689979658
        ],
        "annual_return_rescaled_2_0_bps": [
            0.235224063528225,
            -0.11328544502466553
        ],
        "annual_volatility_rescaled_2_0_bps": [
            0.15681154253114976,
            0.14318845746885267
        ],
        "downside_risk_rescaled_2_0_bps": [
            0.10163378337865105,
            0.11522965846700355
        ],
        "max_drawdown_rescaled_2_0_bps": [
            0.12811446933727666,
            0.27769890747669485
        ],
        "annual_return_rescaled_2_5_bps": [
            0.23314645832252,
            -0.11714366749379779
        ],
        "annual_volatility_rescaled_2_5_bps": [
            0.15681521143171587,
            0.1431847885682844
        ],
        "downside_risk_rescaled_2_5_bps": [
            0.10168564253477502,
            0.1153452981938487
        ],
        "max_drawdown_rescaled_2_5_bps": [
            0.1281387241340378,
            0.2798729128049891
        ],
        "annual_return_rescaled_3_0_bps": [
            0.23107169790196136,
            -0.12098543214859137
        ],
        "annual_volatility_rescaled_3_0_bps": [
            0.15681883257103785,
            0.14318116742896425
        ],
        "downside_risk_rescaled_3_0_bps": [
            0.10173755339630924,
            0.11546121683252672
        ],
        "max_drawdown_rescaled_3_0_bps": [
            0.12816279368497951,
            0.2820402952562373
        ],
        "sharpe_ratio_years": [
            1.6571811544959911,
            -0.8424742135301481
        ],
        "sharpe_ratio_years_0_5_bps": [
            1.646951452052508,
            -0.8709686626047871
        ],
        "sharpe_ratio_years_1_0_bps": [
            1.6367194244410972,
            -0.8994651559705431
        ],
        "sharpe_ratio_years_1_5_bps": [
            1.6264851051444351,
            -0.927963558715682
        ],
        "sharpe_ratio_years_2_0_bps": [
            1.61624852767271,
            -0.956463735853955
        ],
        "sharpe_ratio_years_2_5_bps": [
            1.606009725563082,
            -0.9849655523277621
        ],
        "sharpe_ratio_years_3_0_bps": [
            1.595768732379134,
            -1.013468873011324
        ]
    }
}