{
    "ALL": {
        "annual_return": -0.0771670508582115,
        "annual_volatility": 0.0359960378031235,
        "sharpe_ratio": -2.1650713808350495,
        "downside_risk": 0.028807996342639502,
        "sortino_ratio": -2.7023840654900995,
        "max_drawdown": 0.08976874589107,
        "calmar_ratio": -0.8383705276970261,
        "perc_pos_return": 0.449612403100775,
        "profit_loss_ratio": 0.8562577699924846,
        "annual_return_0_5_bps": -0.0820496949806915,
        "annual_volatility_0_5_bps": 0.035990685994291005,
        "sharpe_ratio_0_5_bps": -2.3197974696115446,
        "downside_risk_0_5_bps": 0.029002855271037,
        "sortino_ratio_0_5_bps": -2.8780488652506215,
        "max_drawdown_0_5_bps": 0.09387580062686152,
        "calmar_ratio_0_5_bps": -0.8573335014446086,
        "perc_pos_return_0_5_bps": 0.44573643410852704,
        "profit_loss_ratio_0_5_bps": 0.8510699923264071,
        "annual_return_1_0_bps": -0.08690452194522451,
        "annual_volatility_1_0_bps": 0.0359864107841415,
        "sharpe_ratio_1_0_bps": -2.474524120076015,
        "downside_risk_1_0_bps": 0.029199379567893504,
        "sortino_ratio_1_0_bps": -3.0506047615253946,
        "max_drawdown_1_0_bps": 0.097964020699183,
        "calmar_ratio_1_0_bps": -0.8740380811171575,
        "perc_pos_return_1_0_bps": 0.44573643410852704,
        "profit_loss_ratio_1_0_bps": 0.8297066248399616,
        "annual_return_1_5_bps": -0.09173169947040301,
        "annual_volatility_1_5_bps": 0.035983212778746,
        "sharpe_ratio_1_5_bps": -2.6292341597067903,
        "downside_risk_1_5_bps": 0.029397530582230002,
        "sortino_ratio_1_5_bps": -3.220101082422911,
        "max_drawdown_1_5_bps": 0.10203349374995101,
        "calmar_ratio_1_5_bps": -0.8888559921648631,
        "perc_pos_return_1_5_bps": 0.44573643410852704,
        "profit_loss_ratio_1_5_bps": 0.8089127554905866,
        "annual_return_2_0_bps": -0.09653139422489151,
        "annual_volatility_2_0_bps": 0.035981092469864,
        "sharpe_ratio_2_0_bps": -2.7839103920209975,
        "downside_risk_2_0_bps": 0.029597283336036,
        "sortino_ratio_2_0_bps": -3.386586569777955,
        "max_drawdown_2_0_bps": 0.106287579807439,
        "calmar_ratio_2_0_bps": -0.9003237270791395,
        "perc_pos_return_2_0_bps": 0.43992248062015454,
        "profit_loss_ratio_2_0_bps": 0.8075479389430316,
        "annual_return_2_5_bps": -0.10130377183415301,
        "annual_volatility_2_5_bps": 0.0359800502345965,
        "sharpe_ratio_2_5_bps": -2.938535607084702,
        "downside_risk_2_5_bps": 0.029798630544458,
        "sortino_ratio_2_5_bps": -3.550108305073947,
        "max_drawdown_2_5_bps": 0.11073598376913152,
        "calmar_ratio_2_5_bps": -0.908741870217048,
        "perc_pos_return_2_5_bps": 0.43604651162790653,
        "profit_loss_ratio_2_5_bps": 0.8000315648878901,
        "annual_return_3_0_bps": -0.106048996887115,
        "annual_volatility_3_0_bps": 0.0359800863351105,
        "sharpe_ratio_3_0_bps": -3.093092592064524,
        "downside_risk_3_0_bps": 0.030001564999931,
        "sortino_ratio_3_0_bps": -3.710713122987275,
        "max_drawdown_3_0_bps": 0.1151612089692215,
        "calmar_ratio_3_0_bps": -0.9162267567910606,
        "perc_pos_return_3_0_bps": 0.43604651162790653,
        "profit_loss_ratio_3_0_bps": 0.780232958040715,
        "annual_return_rescaled": -0.28740158249309433,
        "annual_volatility_rescaled": 0.1500000000000019,
        "downside_risk_rescaled": 0.1200465305384528,
        "max_drawdown_rescaled": 0.3286922190265127,
        "annual_return_rescaled_0_5_bps": -0.30339691859562473,
        "annual_volatility_rescaled_0_5_bps": 0.15000000000000208,
        "downside_risk_rescaled_0_5_bps": 0.12087650375282268,
        "max_drawdown_rescaled_0_5_bps": 0.34137500161630524,
        "annual_return_rescaled_1_0_bps": -0.31900466219315265,
        "annual_volatility_rescaled_1_0_bps": 0.15000000000000246,
        "downside_risk_rescaled_1_0_bps": 0.12171002441605572,
        "max_drawdown_rescaled_1_0_bps": 0.35380953815380656,
        "annual_return_rescaled_1_5_bps": -0.3342333241925729,
        "annual_volatility_rescaled_1_5_bps": 0.15000000000000147,
        "downside_risk_rescaled_1_5_bps": 0.12254685579213068,
        "max_drawdown_rescaled_1_5_bps": 0.36599973261152896,
        "annual_return_rescaled_2_0_bps": -0.34909128682141244,
        "annual_volatility_rescaled_2_0_bps": 0.14999999999999988,
        "downside_risk_rescaled_2_0_bps": 0.12338681778836541,
        "max_drawdown_rescaled_2_0_bps": 0.37891896150698595,
        "annual_return_rescaled_2_5_bps": -0.3635868028879481,
        "annual_volatility_rescaled_2_5_bps": 0.15000000000000185,
        "downside_risk_rescaled_2_5_bps": 0.1242298038086345,
        "max_drawdown_rescaled_2_5_bps": 0.3918470429503347,
        "annual_return_rescaled_3_0_bps": -0.3777279951745395,
        "annual_volatility_rescaled_3_0_bps": 0.15000000000000158,
        "downside_risk_rescaled_3_0_bps": 0.12507570738089777,
        "max_drawdown_rescaled_3_0_bps": 0.40448521627818257,
        "sharpe_ratio_years": -2.3004365423541624,
        "sharpe_ratio_years_0_5_bps": -2.436626491103238,
        "sharpe_ratio_years_1_0_bps": -2.572792734928111,
        "sharpe_ratio_years_1_5_bps": -2.708924141987997,
        "sharpe_ratio_years_2_0_bps": -2.8450095799342723,
        "sharpe_ratio_years_2_5_bps": -2.9810379207442015,
        "sharpe_ratio_years_3_0_bps": -3.116998045557136,
        "sharpe_ratio_years_std": 0.35196648054278945,
        "sharpe_ratio_years_std_0_5_bps": 0.30557314693930815,
        "sharpe_ratio_years_std_1_0_bps": 0.25916230885689995,
        "sharpe_ratio_years_std_1_5_bps": 0.2127403982036702,
        "sharpe_ratio_years_std_2_0_bps": 0.16631385405518562,
        "sharpe_ratio_years_std_2_5_bps": 0.11988911904826849,
        "sharpe_ratio_years_std_3_0_bps": 0.07347263576896479
    },
    "COMB": {
        "annual_return": -0.0771670508582115,
        "annual_volatility": 0.0359960378031235,
        "sharpe_ratio": -2.1650713808350495,
        "downside_risk": 0.028807996342639502,
        "sortino_ratio": -2.7023840654900995,
        "max_drawdown": 0.08976874589107,
        "calmar_ratio": -0.8383705276970261,
        "perc_pos_return": 0.449612403100775,
        "profit_loss_ratio": 0.8562577699924846,
        "annual_return_0_5_bps": -0.0820496949806915,
        "annual_volatility_0_5_bps": 0.035990685994291005,
        "sharpe_ratio_0_5_bps": -2.3197974696115446,
        "downside_risk_0_5_bps": 0.029002855271037,
        "sortino_ratio_0_5_bps": -2.8780488652506215,
        "max_drawdown_0_5_bps": 0.09387580062686152,
        "calmar_ratio_0_5_bps": -0.8573335014446086,
        "perc_pos_return_0_5_bps": 0.44573643410852704,
        "profit_loss_ratio_0_5_bps": 0.8510699923264071,
        "annual_return_1_0_bps": -0.08690452194522451,
        "annual_volatility_1_0_bps": 0.0359864107841415,
        "sharpe_ratio_1_0_bps": -2.474524120076015,
        "downside_risk_1_0_bps": 0.029199379567893504,
        "sortino_ratio_1_0_bps": -3.0506047615253946,
        "max_drawdown_1_0_bps": 0.097964020699183,
        "calmar_ratio_1_0_bps": -0.8740380811171575,
        "perc_pos_return_1_0_bps": 0.44573643410852704,
        "profit_loss_ratio_1_0_bps": 0.8297066248399616,
        "annual_return_1_5_bps": -0.09173169947040301,
        "annual_volatility_1_5_bps": 0.035983212778746,
        "sharpe_ratio_1_5_bps": -2.6292341597067903,
        "downside_risk_1_5_bps": 0.029397530582230002,
        "sortino_ratio_1_5_bps": -3.220101082422911,
        "max_drawdown_1_5_bps": 0.10203349374995101,
        "calmar_ratio_1_5_bps": -0.8888559921648631,
        "perc_pos_return_1_5_bps": 0.44573643410852704,
        "profit_loss_ratio_1_5_bps": 0.8089127554905866,
        "annual_return_2_0_bps": -0.09653139422489151,
        "annual_volatility_2_0_bps": 0.035981092469864,
        "sharpe_ratio_2_0_bps": -2.7839103920209975,
        "downside_risk_2_0_bps": 0.029597283336036,
        "sortino_ratio_2_0_bps": -3.386586569777955,
        "max_drawdown_2_0_bps": 0.106287579807439,
        "calmar_ratio_2_0_bps": -0.9003237270791395,
        "perc_pos_return_2_0_bps": 0.43992248062015454,
        "profit_loss_ratio_2_0_bps": 0.8075479389430316,
        "annual_return_2_5_bps": -0.10130377183415301,
        "annual_volatility_2_5_bps": 0.0359800502345965,
        "sharpe_ratio_2_5_bps": -2.938535607084702,
        "downside_risk_2_5_bps": 0.029798630544458,
        "sortino_ratio_2_5_bps": -3.550108305073947,
        "max_drawdown_2_5_bps": 0.11073598376913152,
        "calmar_ratio_2_5_bps": -0.908741870217048,
        "perc_pos_return_2_5_bps": 0.43604651162790653,
        "profit_loss_ratio_2_5_bps": 0.8000315648878901,
        "annual_return_3_0_bps": -0.106048996887115,
        "annual_volatility_3_0_bps": 0.0359800863351105,
        "sharpe_ratio_3_0_bps": -3.093092592064524,
        "downside_risk_3_0_bps": 0.030001564999931,
        "sortino_ratio_3_0_bps": -3.710713122987275,
        "max_drawdown_3_0_bps": 0.1151612089692215,
        "calmar_ratio_3_0_bps": -0.9162267567910606,
        "perc_pos_return_3_0_bps": 0.43604651162790653,
        "profit_loss_ratio_3_0_bps": 0.780232958040715,
        "annual_return_rescaled": -0.28740158249309433,
        "annual_volatility_rescaled": 0.1500000000000019,
        "downside_risk_rescaled": 0.1200465305384528,
        "max_drawdown_rescaled": 0.3286922190265127,
        "annual_return_rescaled_0_5_bps": -0.30339691859562473,
        "annual_volatility_rescaled_0_5_bps": 0.15000000000000208,
        "downside_risk_rescaled_0_5_bps": 0.12087650375282268,
        "max_drawdown_rescaled_0_5_bps": 0.34137500161630524,
        "annual_return_rescaled_1_0_bps": -0.31900466219315265,
        "annual_volatility_rescaled_1_0_bps": 0.15000000000000246,
        "downside_risk_rescaled_1_0_bps": 0.12171002441605572,
        "max_drawdown_rescaled_1_0_bps": 0.35380953815380656,
        "annual_return_rescaled_1_5_bps": -0.3342333241925729,
        "annual_volatility_rescaled_1_5_bps": 0.15000000000000147,
        "downside_risk_rescaled_1_5_bps": 0.12254685579213068,
        "max_drawdown_rescaled_1_5_bps": 0.36599973261152896,
        "annual_return_rescaled_2_0_bps": -0.34909128682141244,
        "annual_volatility_rescaled_2_0_bps": 0.14999999999999988,
        "downside_risk_rescaled_2_0_bps": 0.12338681778836541,
        "max_drawdown_rescaled_2_0_bps": 0.37891896150698595,
        "annual_return_rescaled_2_5_bps": -0.3635868028879481,
        "annual_volatility_rescaled_2_5_bps": 0.15000000000000185,
        "downside_risk_rescaled_2_5_bps": 0.1242298038086345,
        "max_drawdown_rescaled_2_5_bps": 0.3918470429503347,
        "annual_return_rescaled_3_0_bps": -0.3777279951745395,
        "annual_volatility_rescaled_3_0_bps": 0.15000000000000158,
        "downside_risk_rescaled_3_0_bps": 0.12507570738089777,
        "max_drawdown_rescaled_3_0_bps": 0.40448521627818257,
        "sharpe_ratio_years": -2.3004365423541624,
        "sharpe_ratio_years_0_5_bps": -2.436626491103238,
        "sharpe_ratio_years_1_0_bps": -2.572792734928111,
        "sharpe_ratio_years_1_5_bps": -2.708924141987997,
        "sharpe_ratio_years_2_0_bps": -2.8450095799342723,
        "sharpe_ratio_years_2_5_bps": -2.9810379207442015,
        "sharpe_ratio_years_3_0_bps": -3.116998045557136,
        "sharpe_ratio_years_std": 0.35196648054278945,
        "sharpe_ratio_years_std_0_5_bps": 0.30557314693930815,
        "sharpe_ratio_years_std_1_0_bps": 0.25916230885689995,
        "sharpe_ratio_years_std_1_5_bps": 0.2127403982036702,
        "sharpe_ratio_years_std_2_0_bps": 0.16631385405518562,
        "sharpe_ratio_years_std_2_5_bps": 0.11988911904826849,
        "sharpe_ratio_years_std_3_0_bps": 0.07347263576896479
    }
}