{
    "ALL": {
        "annual_return": [
            -0.10115471641456801,
            -0.053179385301855
        ],
        "annual_volatility": [
            0.040676555250576,
            0.031315520355671
        ],
        "sharpe_ratio": [
            -2.600934933545267,
            -1.729207828124832
        ],
        "downside_risk": [
            0.033152761567192005,
            0.024463231118087
        ],
        "sortino_ratio": [
            -3.191199421293644,
            -2.213568709686555
        ],
        "max_drawdown": [
            0.10343412554348201,
            0.076103366238658
        ],
        "calmar_ratio": [
            -0.9779626973502511,
            -0.6987783580438011
        ],
        "perc_pos_return": [
            0.441860465116279,
            0.457364341085271
        ],
        "profit_loss_ratio": [
            0.8206397078024481,
            0.8918758321825211
        ],
        "annual_return_0_5_bps": [
            -0.104509640725769,
            -0.059589749235614005
        ],
        "annual_volatility_0_5_bps": [
            0.040676628147982,
            0.0313047438406
        ],
        "sharpe_ratio_0_5_bps": [
            -2.6928218459843443,
            -1.946773093238745
        ],
        "downside_risk_0_5_bps": [
            0.033294097404835,
            0.024711613137239002
        ],
        "sortino_ratio_0_5_bps": [
            -3.289919878769878,
            -2.466177851731365
        ],
        "max_drawdown_0_5_bps": [
            0.10686006616090601,
            0.080891535092817
        ],
        "calmar_ratio_0_5_bps": [
            -0.9780046417751751,
            -0.736662361114042
        ],
        "perc_pos_return_0_5_bps": [
            0.437984496124031,
            0.45348837209302306
        ],
        "profit_loss_ratio_0_5_bps": [
            0.8209925758060941,
            0.88114740884672
        ],
        "annual_return_1_0_bps": [
            -0.10785211962373902,
            -0.06595692426671
        ],
        "annual_volatility_1_0_bps": [
            0.040677455002232,
            0.031295366566051
        ],
        "sharpe_ratio_1_0_bps": [
            -2.7846568144937143,
            -2.164391425658316
        ],
        "downside_risk_1_0_bps": [
            0.033436302776629005,
            0.024962456359158003
        ],
        "sortino_ratio_1_0_bps": [
            -3.387717626106746,
            -2.713491896944044
        ],
        "max_drawdown_1_0_bps": [
            0.11027299403661,
            0.08565504736175601
        ],
        "calmar_ratio_1_0_bps": [
            -0.9780465341127241,
            -0.770029628121591
        ],
        "perc_pos_return_1_0_bps": [
            0.437984496124031,
            0.45348837209302306
        ],
        "profit_loss_ratio_1_0_bps": [
            0.8085195740276521,
            0.850893675652271
        ],
        "annual_return_1_5_bps": [
            -0.11118219899201101,
            -0.072281199948795
        ],
        "annual_volatility_1_5_bps": [
            0.040679035767351004,
            0.031287389790141
        ],
        "sharpe_ratio_1_5_bps": [
            -2.876434739205368,
            -2.382033580208213
        ],
        "downside_risk_1_5_bps": [
            0.033579367490203,
            0.025215693674257002
        ],
        "sortino_ratio_1_5_bps": [
            -3.484597846362855,
            -2.9556043184829672
        ],
        "max_drawdown_1_5_bps": [
            0.11367295830000901,
            0.090394029199893
        ],
        "calmar_ratio_1_5_bps": [
            -0.9780883743570371,
            -0.7996236099726891
        ],
        "perc_pos_return_1_5_bps": [
            0.437984496124031,
            0.45348837209302306
        ],
        "profit_loss_ratio_1_5_bps": [
            0.796217582681328,
            0.8216079282998451
        ],
        "annual_return_2_0_bps": [
            -0.11449992454599901,
            -0.078562863903784
        ],
        "annual_volatility_2_0_bps": [
            0.040681370355455,
            0.031280814584273
        ],
        "sharpe_ratio_2_0_bps": [
            -2.968150530670516,
            -2.599670253371479
        ],
        "downside_risk_2_0_bps": [
            0.033723295518449,
            0.025471271153623003
        ],
        "sortino_ratio_2_0_bps": [
            -3.5805643888773933,
            -3.192608750678516
        ],
        "max_drawdown_2_0_bps": [
            0.117060007896153,
            0.095515151718725
        ],
        "calmar_ratio_2_0_bps": [
            -0.978130162502418,
            -0.8225172916558611
        ],
        "perc_pos_return_2_0_bps": [
            0.43023255813953404,
            0.44961240310077505
        ],
        "profit_loss_ratio_2_0_bps": [
            0.8092869279501931,
            0.80580894993587
        ],
        "annual_return_2_5_bps": [
            -0.11780534183360801,
            -0.08480220183469801
        ],
        "annual_volatility_2_5_bps": [
            0.040684458636773,
            0.03127564183242
        ],
        "sharpe_ratio_2_5_bps": [
            -3.059799111270181,
            -2.817272102899223
        ],
        "downside_risk_2_5_bps": [
            0.033868101698958,
            0.025729159389958
        ],
        "sortino_ratio_2_5_bps": [
            -3.67561995312943,
            -3.424596657018464
        ],
        "max_drawdown_2_5_bps": [
            0.12043419158640802,
            0.10103777595185501
        ],
        "calmar_ratio_2_5_bps": [
            -0.9781718985433291,
            -0.839311841890767
        ],
        "perc_pos_return_2_5_bps": [
            0.426356589147286,
            0.44573643410852704
        ],
        "profit_loss_ratio_2_5_bps": [
            0.8097638931933101,
            0.79029923658247
        ],
        "annual_return_3_0_bps": [
            -0.12109849623584501,
            -0.090999497538385
        ],
        "annual_volatility_3_0_bps": [
            0.040688300439688005,
            0.031271872230533
        ],
        "sharpe_ratio_3_0_bps": [
            -3.151375416619622,
            -3.034809767509426
        ],
        "downside_risk_3_0_bps": [
            0.034013783205209,
            0.025989346794653003
        ],
        "sortino_ratio_3_0_bps": [
            -3.769769124947805,
            -3.6516571210267452
        ],
        "max_drawdown_3_0_bps": [
            0.123795557949139,
            0.106526859989304
        ],
        "calmar_ratio_3_0_bps": [
            -0.978213582474405,
            -0.8542399311077161
        ],
        "perc_pos_return_3_0_bps": [
            0.426356589147286,
            0.44573643410852704
        ],
        "profit_loss_ratio_3_0_bps": [
            0.7975022183425631,
            0.7629636977388671
        ],
        "annual_return_rescaled": [
            -0.36595768579872356,
            -0.2088454791874651
        ],
        "annual_volatility_rescaled": [
            0.16950430269458908,
            0.13049569730541474
        ],
        "downside_risk_rescaled": [
            0.13815171164886605,
            0.10194134942803952
        ],
        "max_drawdown_rescaled": [
            0.3727989567989547,
            0.2845854812540707
        ],
        "annual_return_rescaled_0_5_bps": [
            -0.37582069918602257,
            -0.2309731380052269
        ],
        "annual_volatility_rescaled_0_5_bps": [
            0.16952981177311297,
            0.13047018822689116
        ],
        "downside_risk_rescaled_0_5_bps": [
            0.1387613065090648,
            0.10299170099658056
        ],
        "max_drawdown_rescaled_0_5_bps": [
            0.38278598953873855,
            0.29996401369387193
        ],
        "annual_return_rescaled_1_0_bps": [
            -0.38552485230411193,
            -0.2524844720821934
        ],
        "annual_volatility_rescaled_1_0_bps": [
            0.16955339855742863,
            0.13044660144257633
        ],
        "downside_risk_rescaled_1_0_bps": [
            0.13937053757816203,
            0.1040495112539494
        ],
        "max_drawdown_rescaled_1_0_bps": [
            0.3926084982072558,
            0.3150105781003574
        ],
        "annual_return_rescaled_1_5_bps": [
            -0.3950719258290033,
            -0.2733947225561425
        ],
        "annual_volatility_rescaled_1_5_bps": [
            0.16957505719741908,
            0.13042494280258388
        ],
        "downside_risk_rescaled_1_5_bps": [
            0.13997930519716026,
            0.1051144063871011
        ],
        "max_drawdown_rescaled_1_5_bps": [
            0.4022684081036169,
            0.32973105711944095
        ],
        "annual_return_rescaled_2_0_bps": [
            -0.4044637096802889,
            -0.293718863962536
        ],
        "annual_volatility_rescaled_2_0_bps": [
            0.16959478254945062,
            0.13040521745054914
        ],
        "downside_risk_rescaled_2_0_bps": [
            0.14058756920746995,
            0.10618606636926088
        ],
        "max_drawdown_rescaled_2_0_bps": [
            0.41176765200340926,
            0.34607027101056265
        ],
        "annual_return_rescaled_2_5_bps": [
            -0.4137020019718459,
            -0.31347160380405026
        ],
        "annual_volatility_rescaled_2_5_bps": [
            0.16961257018057177,
            0.13038742981943194
        ],
        "downside_risk_rescaled_2_5_bps": [
            0.14119533524049574,
            0.10726427237677327
        ],
        "max_drawdown_rescaled_2_5_bps": [
            0.4211081690661036,
            0.3625859168345657
        ],
        "annual_return_rescaled_3_0_bps": [
            -0.4227886079755159,
            -0.3326673823735631
        ],
        "annual_volatility_rescaled_3_0_bps": [
            0.169628416372017,
            0.13037158362798612
        ],
        "downside_risk_rescaled_3_0_bps": [
            0.14180253580444224,
            0.1083488789573533
        ],
        "max_drawdown_rescaled_3_0_bps": [
            0.43029190375812376,
            0.3786785287982414
        ],
        "sharpe_ratio_years": [
            -2.652403022896952,
            -1.948470061811373
        ],
        "sharpe_ratio_years_0_5_bps": [
            -2.742199638042546,
            -2.13105334416393
        ],
        "sharpe_ratio_years_1_0_bps": [
            -2.831955043785011,
            -2.313630426071211
        ],
        "sharpe_ratio_years_1_5_bps": [
            -2.921664540191667,
            -2.496183743784327
        ],
        "sharpe_ratio_years_2_0_bps": [
            -3.011323433989458,
            -2.678695725879087
        ],
        "sharpe_ratio_years_2_5_bps": [
            -3.10092703979247,
            -2.861148801695933
        ],
        "sharpe_ratio_years_3_0_bps": [
            -3.190470681326101,
            -3.043525409788171
        ]
    },
    "COMB": {
        "annual_return": [
            -0.10115471641456801,
            -0.053179385301855
        ],
        "annual_volatility": [
            0.040676555250576,
            0.031315520355671
        ],
        "sharpe_ratio": [
            -2.600934933545267,
            -1.729207828124832
        ],
        "downside_risk": [
            0.033152761567192005,
            0.024463231118087
        ],
        "sortino_ratio": [
            -3.191199421293644,
            -2.213568709686555
        ],
        "max_drawdown": [
            0.10343412554348201,
            0.076103366238658
        ],
        "calmar_ratio": [
            -0.9779626973502511,
            -0.6987783580438011
        ],
        "perc_pos_return": [
            0.441860465116279,
            0.457364341085271
        ],
        "profit_loss_ratio": [
            0.8206397078024481,
            0.8918758321825211
        ],
        "annual_return_0_5_bps": [
            -0.104509640725769,
            -0.059589749235614005
        ],
        "annual_volatility_0_5_bps": [
            0.040676628147982,
            0.0313047438406
        ],
        "sharpe_ratio_0_5_bps": [
            -2.6928218459843443,
            -1.946773093238745
        ],
        "downside_risk_0_5_bps": [
            0.033294097404835,
            0.024711613137239002
        ],
        "sortino_ratio_0_5_bps": [
            -3.289919878769878,
            -2.466177851731365
        ],
        "max_drawdown_0_5_bps": [
            0.10686006616090601,
            0.080891535092817
        ],
        "calmar_ratio_0_5_bps": [
            -0.9780046417751751,
            -0.736662361114042
        ],
        "perc_pos_return_0_5_bps": [
            0.437984496124031,
            0.45348837209302306
        ],
        "profit_loss_ratio_0_5_bps": [
            0.8209925758060941,
            0.88114740884672
        ],
        "annual_return_1_0_bps": [
            -0.10785211962373902,
            -0.06595692426671
        ],
        "annual_volatility_1_0_bps": [
            0.040677455002232,
            0.031295366566051
        ],
        "sharpe_ratio_1_0_bps": [
            -2.7846568144937143,
            -2.164391425658316
        ],
        "downside_risk_1_0_bps": [
            0.033436302776629005,
            0.024962456359158003
        ],
        "sortino_ratio_1_0_bps": [
            -3.387717626106746,
            -2.713491896944044
        ],
        "max_drawdown_1_0_bps": [
            0.11027299403661,
            0.08565504736175601
        ],
        "calmar_ratio_1_0_bps": [
            -0.9780465341127241,
            -0.770029628121591
        ],
        "perc_pos_return_1_0_bps": [
            0.437984496124031,
            0.45348837209302306
        ],
        "profit_loss_ratio_1_0_bps": [
            0.8085195740276521,
            0.850893675652271
        ],
        "annual_return_1_5_bps": [
            -0.11118219899201101,
            -0.072281199948795
        ],
        "annual_volatility_1_5_bps": [
            0.040679035767351004,
            0.031287389790141
        ],
        "sharpe_ratio_1_5_bps": [
            -2.876434739205368,
            -2.382033580208213
        ],
        "downside_risk_1_5_bps": [
            0.033579367490203,
            0.025215693674257002
        ],
        "sortino_ratio_1_5_bps": [
            -3.484597846362855,
            -2.9556043184829672
        ],
        "max_drawdown_1_5_bps": [
            0.11367295830000901,
            0.090394029199893
        ],
        "calmar_ratio_1_5_bps": [
            -0.9780883743570371,
            -0.7996236099726891
        ],
        "perc_pos_return_1_5_bps": [
            0.437984496124031,
            0.45348837209302306
        ],
        "profit_loss_ratio_1_5_bps": [
            0.796217582681328,
            0.8216079282998451
        ],
        "annual_return_2_0_bps": [
            -0.11449992454599901,
            -0.078562863903784
        ],
        "annual_volatility_2_0_bps": [
            0.040681370355455,
            0.031280814584273
        ],
        "sharpe_ratio_2_0_bps": [
            -2.968150530670516,
            -2.599670253371479
        ],
        "downside_risk_2_0_bps": [
            0.033723295518449,
            0.025471271153623003
        ],
        "sortino_ratio_2_0_bps": [
            -3.5805643888773933,
            -3.192608750678516
        ],
        "max_drawdown_2_0_bps": [
            0.117060007896153,
            0.095515151718725
        ],
        "calmar_ratio_2_0_bps": [
            -0.978130162502418,
            -0.8225172916558611
        ],
        "perc_pos_return_2_0_bps": [
            0.43023255813953404,
            0.44961240310077505
        ],
        "profit_loss_ratio_2_0_bps": [
            0.8092869279501931,
            0.80580894993587
        ],
        "annual_return_2_5_bps": [
            -0.11780534183360801,
            -0.08480220183469801
        ],
        "annual_volatility_2_5_bps": [
            0.040684458636773,
            0.03127564183242
        ],
        "sharpe_ratio_2_5_bps": [
            -3.059799111270181,
            -2.817272102899223
        ],
        "downside_risk_2_5_bps": [
            0.033868101698958,
            0.025729159389958
        ],
        "sortino_ratio_2_5_bps": [
            -3.67561995312943,
            -3.424596657018464
        ],
        "max_drawdown_2_5_bps": [
            0.12043419158640802,
            0.10103777595185501
        ],
        "calmar_ratio_2_5_bps": [
            -0.9781718985433291,
            -0.839311841890767
        ],
        "perc_pos_return_2_5_bps": [
            0.426356589147286,
            0.44573643410852704
        ],
        "profit_loss_ratio_2_5_bps": [
            0.8097638931933101,
            0.79029923658247
        ],
        "annual_return_3_0_bps": [
            -0.12109849623584501,
            -0.090999497538385
        ],
        "annual_volatility_3_0_bps": [
            0.040688300439688005,
            0.031271872230533
        ],
        "sharpe_ratio_3_0_bps": [
            -3.151375416619622,
            -3.034809767509426
        ],
        "downside_risk_3_0_bps": [
            0.034013783205209,
            0.025989346794653003
        ],
        "sortino_ratio_3_0_bps": [
            -3.769769124947805,
            -3.6516571210267452
        ],
        "max_drawdown_3_0_bps": [
            0.123795557949139,
            0.106526859989304
        ],
        "calmar_ratio_3_0_bps": [
            -0.978213582474405,
            -0.8542399311077161
        ],
        "perc_pos_return_3_0_bps": [
            0.426356589147286,
            0.44573643410852704
        ],
        "profit_loss_ratio_3_0_bps": [
            0.7975022183425631,
            0.7629636977388671
        ],
        "annual_return_rescaled": [
            -0.36595768579872356,
            -0.2088454791874651
        ],
        "annual_volatility_rescaled": [
            0.16950430269458908,
            0.13049569730541474
        ],
        "downside_risk_rescaled": [
            0.13815171164886605,
            0.10194134942803952
        ],
        "max_drawdown_rescaled": [
            0.3727989567989547,
            0.2845854812540707
        ],
        "annual_return_rescaled_0_5_bps": [
            -0.37582069918602257,
            -0.2309731380052269
        ],
        "annual_volatility_rescaled_0_5_bps": [
            0.16952981177311297,
            0.13047018822689116
        ],
        "downside_risk_rescaled_0_5_bps": [
            0.1387613065090648,
            0.10299170099658056
        ],
        "max_drawdown_rescaled_0_5_bps": [
            0.38278598953873855,
            0.29996401369387193
        ],
        "annual_return_rescaled_1_0_bps": [
            -0.38552485230411193,
            -0.2524844720821934
        ],
        "annual_volatility_rescaled_1_0_bps": [
            0.16955339855742863,
            0.13044660144257633
        ],
        "downside_risk_rescaled_1_0_bps": [
            0.13937053757816203,
            0.1040495112539494
        ],
        "max_drawdown_rescaled_1_0_bps": [
            0.3926084982072558,
            0.3150105781003574
        ],
        "annual_return_rescaled_1_5_bps": [
            -0.3950719258290033,
            -0.2733947225561425
        ],
        "annual_volatility_rescaled_1_5_bps": [
            0.16957505719741908,
            0.13042494280258388
        ],
        "downside_risk_rescaled_1_5_bps": [
            0.13997930519716026,
            0.1051144063871011
        ],
        "max_drawdown_rescaled_1_5_bps": [
            0.4022684081036169,
            0.32973105711944095
        ],
        "annual_return_rescaled_2_0_bps": [
            -0.4044637096802889,
            -0.293718863962536
        ],
        "annual_volatility_rescaled_2_0_bps": [
            0.16959478254945062,
            0.13040521745054914
        ],
        "downside_risk_rescaled_2_0_bps": [
            0.14058756920746995,
            0.10618606636926088
        ],
        "max_drawdown_rescaled_2_0_bps": [
            0.41176765200340926,
            0.34607027101056265
        ],
        "annual_return_rescaled_2_5_bps": [
            -0.4137020019718459,
            -0.31347160380405026
        ],
        "annual_volatility_rescaled_2_5_bps": [
            0.16961257018057177,
            0.13038742981943194
        ],
        "downside_risk_rescaled_2_5_bps": [
            0.14119533524049574,
            0.10726427237677327
        ],
        "max_drawdown_rescaled_2_5_bps": [
            0.4211081690661036,
            0.3625859168345657
        ],
        "annual_return_rescaled_3_0_bps": [
            -0.4227886079755159,
            -0.3326673823735631
        ],
        "annual_volatility_rescaled_3_0_bps": [
            0.169628416372017,
            0.13037158362798612
        ],
        "downside_risk_rescaled_3_0_bps": [
            0.14180253580444224,
            0.1083488789573533
        ],
        "max_drawdown_rescaled_3_0_bps": [
            0.43029190375812376,
            0.3786785287982414
        ],
        "sharpe_ratio_years": [
            -2.652403022896952,
            -1.948470061811373
        ],
        "sharpe_ratio_years_0_5_bps": [
            -2.742199638042546,
            -2.13105334416393
        ],
        "sharpe_ratio_years_1_0_bps": [
            -2.831955043785011,
            -2.313630426071211
        ],
        "sharpe_ratio_years_1_5_bps": [
            -2.921664540191667,
            -2.496183743784327
        ],
        "sharpe_ratio_years_2_0_bps": [
            -3.011323433989458,
            -2.678695725879087
        ],
        "sharpe_ratio_years_2_5_bps": [
            -3.10092703979247,
            -2.861148801695933
        ],
        "sharpe_ratio_years_3_0_bps": [
            -3.190470681326101,
            -3.043525409788171
        ]
    }
}