{
    "ALL": {
        "annual_return": -0.015411721680539003,
        "annual_volatility": 0.049148929920176006,
        "sharpe_ratio": -0.31941520427405157,
        "downside_risk": 0.035466893666796506,
        "sortino_ratio": -0.410623819441762,
        "max_drawdown": 0.0732985647839605,
        "calmar_ratio": -0.07338100561626,
        "perc_pos_return": 0.49612403100775154,
        "profit_loss_ratio": 0.9651738102908136,
        "annual_return_0_5_bps": -0.020764218312778002,
        "annual_volatility_0_5_bps": 0.0491513045187455,
        "sharpe_ratio_0_5_bps": -0.43047407052941006,
        "downside_risk_0_5_bps": 0.0356482298304055,
        "sortino_ratio_0_5_bps": -0.5615537413799234,
        "max_drawdown_0_5_bps": 0.074486395813964,
        "calmar_ratio_0_5_bps": -0.16109403309263304,
        "perc_pos_return_0_5_bps": 0.49612403100775154,
        "profit_loss_ratio_0_5_bps": 0.9503023795410105,
        "annual_return_1_0_bps": -0.026087772997152002,
        "annual_volatility_1_0_bps": 0.04915464943072301,
        "sharpe_ratio_1_0_bps": -0.541514102421741,
        "downside_risk_1_0_bps": 0.035830925383245504,
        "sortino_ratio_1_0_bps": -0.7109291583818065,
        "max_drawdown_1_0_bps": 0.07574094234999801,
        "calmar_ratio_1_0_bps": -0.24580782510082502,
        "perc_pos_return_1_0_bps": 0.49224806201550353,
        "profit_loss_ratio_1_0_bps": 0.9489877737648436,
        "annual_return_1_5_bps": -0.031382541387833,
        "annual_volatility_1_5_bps": 0.049158964475967,
        "sharpe_ratio_1_5_bps": -0.652528731730744,
        "downside_risk_1_5_bps": 0.03601497529485401,
        "sortino_ratio_1_5_bps": -0.8587570811339351,
        "max_drawdown_1_5_bps": 0.078172700447071,
        "calmar_ratio_1_5_bps": -0.324120572661849,
        "perc_pos_return_1_5_bps": 0.488372093023255,
        "profit_loss_ratio_1_5_bps": 0.9437530582880691,
        "annual_return_2_0_bps": -0.0366486783063705,
        "annual_volatility_2_0_bps": 0.049164249417388506,
        "sharpe_ratio_2_0_bps": -0.7635113968509455,
        "downside_risk_2_0_bps": 0.036200371944931004,
        "sortino_ratio_2_0_bps": -1.0050447002705947,
        "max_drawdown_2_0_bps": 0.08102446416789301,
        "calmar_ratio_2_0_bps": -0.39231087738606957,
        "perc_pos_return_2_0_bps": 0.488372093023255,
        "profit_loss_ratio_2_0_bps": 0.9260079112907975,
        "annual_return_2_5_bps": -0.041886337746117004,
        "annual_volatility_2_5_bps": 0.049170503961018006,
        "sharpe_ratio_2_5_bps": -0.8744555447148945,
        "downside_risk_2_5_bps": 0.036387110301371,
        "sortino_ratio_2_5_bps": -1.1497995682793365,
        "max_drawdown_2_5_bps": 0.0838669439962075,
        "calmar_ratio_2_5_bps": -0.4525547630910095,
        "perc_pos_return_2_5_bps": 0.48449612403100706,
        "profit_loss_ratio_2_5_bps": 0.9228037668453,
        "annual_return_3_0_bps": -0.04709567287665,
        "annual_volatility_3_0_bps": 0.0491777277560865,
        "sharpe_ratio_3_0_bps": -0.9853546327110496,
        "downside_risk_3_0_bps": 0.036575221094042,
        "sortino_ratio_3_0_bps": -1.2930275628573942,
        "max_drawdown_3_0_bps": 0.08670017143543951,
        "calmar_ratio_3_0_bps": -0.5063209057000221,
        "perc_pos_return_3_0_bps": 0.48062015503875904,
        "profit_loss_ratio_3_0_bps": 0.9178989279471136,
        "annual_return_rescaled": -0.0515016684455214,
        "annual_volatility_rescaled": 0.15000000000000147,
        "downside_risk_rescaled": 0.10824313079979378,
        "max_drawdown_rescaled": 0.2064192810544775,
        "annual_return_rescaled_0_5_bps": -0.0671628346778137,
        "annual_volatility_rescaled_0_5_bps": 0.15000000000000077,
        "downside_risk_rescaled_0_5_bps": 0.1087913032404159,
        "max_drawdown_rescaled_0_5_bps": 0.20939670536292687,
        "annual_return_rescaled_1_0_bps": -0.08256359282566272,
        "annual_volatility_rescaled_1_0_bps": 0.15000000000000147,
        "downside_risk_rescaled_1_0_bps": 0.10934141265846614,
        "max_drawdown_rescaled_1_0_bps": 0.21294219805216086,
        "annual_return_rescaled_1_5_bps": -0.09770741256386795,
        "annual_volatility_rescaled_1_5_bps": 0.1500000000000004,
        "downside_risk_rescaled_1_5_bps": 0.10989341113703124,
        "max_drawdown_rescaled_1_5_bps": 0.22047384487245622,
        "annual_return_rescaled_2_0_bps": -0.11259774963840358,
        "annual_volatility_rescaled_2_0_bps": 0.15000000000000047,
        "downside_risk_rescaled_2_0_bps": 0.11044724278490077,
        "max_drawdown_rescaled_2_0_bps": 0.2279245639397809,
        "annual_return_rescaled_2_5_bps": -0.12723804484701579,
        "annual_volatility_rescaled_2_5_bps": 0.15000000000000174,
        "downside_risk_rescaled_2_5_bps": 0.11100285955036893,
        "max_drawdown_rescaled_2_5_bps": 0.2352948545108913,
        "annual_return_rescaled_3_0_bps": -0.14163172305068422,
        "annual_volatility_rescaled_3_0_bps": 0.15000000000000124,
        "downside_risk_rescaled_3_0_bps": 0.11156032241500455,
        "max_drawdown_rescaled_3_0_bps": 0.242585223204311,
        "sharpe_ratio_years": -0.2121221498594585,
        "sharpe_ratio_years_0_5_bps": -0.3165963338075875,
        "sharpe_ratio_years_1_0_bps": -0.421034895787777,
        "sharpe_ratio_years_1_5_bps": -0.5254305999938435,
        "sharpe_ratio_years_2_0_bps": -0.629776225313093,
        "sharpe_ratio_years_2_5_bps": -0.7340645678313711,
        "sharpe_ratio_years_3_0_bps": -0.8382884433248321,
        "sharpe_ratio_years_std": 0.9453679418883245,
        "sharpe_ratio_years_std_0_5_bps": 0.9504034768147516,
        "sharpe_ratio_years_std_1_0_bps": 0.955443490879164,
        "sharpe_ratio_years_std_1_5_bps": 0.9604869220643265,
        "sharpe_ratio_years_std_2_0_bps": 0.96553270368731,
        "sharpe_ratio_years_std_2_5_bps": 0.970579765031742,
        "sharpe_ratio_years_std_3_0_bps": 0.975627031983562
    },
    "COMB": {
        "annual_return": -0.015411721680539003,
        "annual_volatility": 0.049148929920176006,
        "sharpe_ratio": -0.31941520427405157,
        "downside_risk": 0.035466893666796506,
        "sortino_ratio": -0.410623819441762,
        "max_drawdown": 0.0732985647839605,
        "calmar_ratio": -0.07338100561626,
        "perc_pos_return": 0.49612403100775154,
        "profit_loss_ratio": 0.9651738102908136,
        "annual_return_0_5_bps": -0.020764218312778002,
        "annual_volatility_0_5_bps": 0.0491513045187455,
        "sharpe_ratio_0_5_bps": -0.43047407052941006,
        "downside_risk_0_5_bps": 0.0356482298304055,
        "sortino_ratio_0_5_bps": -0.5615537413799234,
        "max_drawdown_0_5_bps": 0.074486395813964,
        "calmar_ratio_0_5_bps": -0.16109403309263304,
        "perc_pos_return_0_5_bps": 0.49612403100775154,
        "profit_loss_ratio_0_5_bps": 0.9503023795410105,
        "annual_return_1_0_bps": -0.026087772997152002,
        "annual_volatility_1_0_bps": 0.04915464943072301,
        "sharpe_ratio_1_0_bps": -0.541514102421741,
        "downside_risk_1_0_bps": 0.035830925383245504,
        "sortino_ratio_1_0_bps": -0.7109291583818065,
        "max_drawdown_1_0_bps": 0.07574094234999801,
        "calmar_ratio_1_0_bps": -0.24580782510082502,
        "perc_pos_return_1_0_bps": 0.49224806201550353,
        "profit_loss_ratio_1_0_bps": 0.9489877737648436,
        "annual_return_1_5_bps": -0.031382541387833,
        "annual_volatility_1_5_bps": 0.049158964475967,
        "sharpe_ratio_1_5_bps": -0.652528731730744,
        "downside_risk_1_5_bps": 0.03601497529485401,
        "sortino_ratio_1_5_bps": -0.8587570811339351,
        "max_drawdown_1_5_bps": 0.078172700447071,
        "calmar_ratio_1_5_bps": -0.324120572661849,
        "perc_pos_return_1_5_bps": 0.488372093023255,
        "profit_loss_ratio_1_5_bps": 0.9437530582880691,
        "annual_return_2_0_bps": -0.0366486783063705,
        "annual_volatility_2_0_bps": 0.049164249417388506,
        "sharpe_ratio_2_0_bps": -0.7635113968509455,
        "downside_risk_2_0_bps": 0.036200371944931004,
        "sortino_ratio_2_0_bps": -1.0050447002705947,
        "max_drawdown_2_0_bps": 0.08102446416789301,
        "calmar_ratio_2_0_bps": -0.39231087738606957,
        "perc_pos_return_2_0_bps": 0.488372093023255,
        "profit_loss_ratio_2_0_bps": 0.9260079112907975,
        "annual_return_2_5_bps": -0.041886337746117004,
        "annual_volatility_2_5_bps": 0.049170503961018006,
        "sharpe_ratio_2_5_bps": -0.8744555447148945,
        "downside_risk_2_5_bps": 0.036387110301371,
        "sortino_ratio_2_5_bps": -1.1497995682793365,
        "max_drawdown_2_5_bps": 0.0838669439962075,
        "calmar_ratio_2_5_bps": -0.4525547630910095,
        "perc_pos_return_2_5_bps": 0.48449612403100706,
        "profit_loss_ratio_2_5_bps": 0.9228037668453,
        "annual_return_3_0_bps": -0.04709567287665,
        "annual_volatility_3_0_bps": 0.0491777277560865,
        "sharpe_ratio_3_0_bps": -0.9853546327110496,
        "downside_risk_3_0_bps": 0.036575221094042,
        "sortino_ratio_3_0_bps": -1.2930275628573942,
        "max_drawdown_3_0_bps": 0.08670017143543951,
        "calmar_ratio_3_0_bps": -0.5063209057000221,
        "perc_pos_return_3_0_bps": 0.48062015503875904,
        "profit_loss_ratio_3_0_bps": 0.9178989279471136,
        "annual_return_rescaled": -0.0515016684455214,
        "annual_volatility_rescaled": 0.15000000000000147,
        "downside_risk_rescaled": 0.10824313079979378,
        "max_drawdown_rescaled": 0.2064192810544775,
        "annual_return_rescaled_0_5_bps": -0.0671628346778137,
        "annual_volatility_rescaled_0_5_bps": 0.15000000000000077,
        "downside_risk_rescaled_0_5_bps": 0.1087913032404159,
        "max_drawdown_rescaled_0_5_bps": 0.20939670536292687,
        "annual_return_rescaled_1_0_bps": -0.08256359282566272,
        "annual_volatility_rescaled_1_0_bps": 0.15000000000000147,
        "downside_risk_rescaled_1_0_bps": 0.10934141265846614,
        "max_drawdown_rescaled_1_0_bps": 0.21294219805216086,
        "annual_return_rescaled_1_5_bps": -0.09770741256386795,
        "annual_volatility_rescaled_1_5_bps": 0.1500000000000004,
        "downside_risk_rescaled_1_5_bps": 0.10989341113703124,
        "max_drawdown_rescaled_1_5_bps": 0.22047384487245622,
        "annual_return_rescaled_2_0_bps": -0.11259774963840358,
        "annual_volatility_rescaled_2_0_bps": 0.15000000000000047,
        "downside_risk_rescaled_2_0_bps": 0.11044724278490077,
        "max_drawdown_rescaled_2_0_bps": 0.2279245639397809,
        "annual_return_rescaled_2_5_bps": -0.12723804484701579,
        "annual_volatility_rescaled_2_5_bps": 0.15000000000000174,
        "downside_risk_rescaled_2_5_bps": 0.11100285955036893,
        "max_drawdown_rescaled_2_5_bps": 0.2352948545108913,
        "annual_return_rescaled_3_0_bps": -0.14163172305068422,
        "annual_volatility_rescaled_3_0_bps": 0.15000000000000124,
        "downside_risk_rescaled_3_0_bps": 0.11156032241500455,
        "max_drawdown_rescaled_3_0_bps": 0.242585223204311,
        "sharpe_ratio_years": -0.2121221498594585,
        "sharpe_ratio_years_0_5_bps": -0.3165963338075875,
        "sharpe_ratio_years_1_0_bps": -0.421034895787777,
        "sharpe_ratio_years_1_5_bps": -0.5254305999938435,
        "sharpe_ratio_years_2_0_bps": -0.629776225313093,
        "sharpe_ratio_years_2_5_bps": -0.7340645678313711,
        "sharpe_ratio_years_3_0_bps": -0.8382884433248321,
        "sharpe_ratio_years_std": 0.9453679418883245,
        "sharpe_ratio_years_std_0_5_bps": 0.9504034768147516,
        "sharpe_ratio_years_std_1_0_bps": 0.955443490879164,
        "sharpe_ratio_years_std_1_5_bps": 0.9604869220643265,
        "sharpe_ratio_years_std_2_0_bps": 0.96553270368731,
        "sharpe_ratio_years_std_2_5_bps": 0.970579765031742,
        "sharpe_ratio_years_std_3_0_bps": 0.975627031983562
    }
}