{
    "ALL": {
        "annual_return": [
            0.010298355386181,
            -0.041121798747259006
        ],
        "annual_volatility": [
            0.05104235184908101,
            0.047255507991271005
        ],
        "sharpe_ratio": [
            0.226149618990432,
            -0.8649800275385351
        ],
        "downside_risk": [
            0.035328048679129004,
            0.035605738654464
        ],
        "sortino_ratio": [
            0.326743447618285,
            -1.147991086501809
        ],
        "max_drawdown": [
            0.041876822546016004,
            0.104720307021905
        ],
        "calmar_ratio": [
            0.24592017159051102,
            -0.392682182823031
        ],
        "perc_pos_return": [
            0.488372093023255,
            0.5038759689922481
        ],
        "profit_loss_ratio": [
            1.088569002508215,
            0.841778618073412
        ],
        "annual_return_0_5_bps": [
            0.004731803016322001,
            -0.046260239641878004
        ],
        "annual_volatility_0_5_bps": [
            0.051054897003586,
            0.047247712033905
        ],
        "sharpe_ratio_0_5_bps": [
            0.117886070299725,
            -0.9788342113585451
        ],
        "downside_risk_0_5_bps": [
            0.035516753397416,
            0.035779706263395
        ],
        "sortino_ratio_0_5_bps": [
            0.16945977888136002,
            -1.292567261641207
        ],
        "max_drawdown_0_5_bps": [
            0.042357565370278,
            0.10661522625765
        ],
        "calmar_ratio_0_5_bps": [
            0.11171092991201001,
            -0.43389899609727606
        ],
        "perc_pos_return_0_5_bps": [
            0.488372093023255,
            0.5038759689922481
        ],
        "profit_loss_ratio_0_5_bps": [
            1.068765368163279,
            0.831839390918742
        ],
        "annual_return_1_0_bps": [
            -0.0008042496868770001,
            -0.051371296307427004
        ],
        "annual_volatility_1_0_bps": [
            0.051068421259555005,
            0.047240877601891
        ],
        "sharpe_ratio_1_0_bps": [
            0.009675527838688,
            -1.09270373268217
        ],
        "downside_risk_1_0_bps": [
            0.035706975161445005,
            0.035954875605046004
        ],
        "sortino_ratio_1_0_bps": [
            0.013838022664776002,
            -1.435696339428389
        ],
        "max_drawdown_1_0_bps": [
            0.042838080905274,
            0.10864380379472201
        ],
        "calmar_ratio_1_0_bps": [
            -0.018774176384224,
            -0.47284147381742603
        ],
        "perc_pos_return_1_0_bps": [
            0.48062015503875904,
            0.5038759689922481
        ],
        "profit_loss_ratio_1_0_bps": [
            1.082418824375556,
            0.8155567231541311
        ],
        "annual_return_1_5_bps": [
            -0.00630996889932,
            -0.056455113876346004
        ],
        "annual_volatility_1_5_bps": [
            0.05108292383933401,
            0.0472350051126
        ],
        "sharpe_ratio_1_5_bps": [
            -0.09847582980924001,
            -1.206581633652248
        ],
        "downside_risk_1_5_bps": [
            0.035898717168084,
            0.036131233421624005
        ],
        "sortino_ratio_1_5_bps": [
            -0.140128497923956,
            -1.5773856643439141
        ],
        "max_drawdown_1_5_bps": [
            0.045657623555132004,
            0.11068777733901
        ],
        "calmar_ratio_1_5_bps": [
            -0.13820186877884402,
            -0.510039276544854
        ],
        "perc_pos_return_1_5_bps": [
            0.48062015503875904,
            0.49612403100775104
        ],
        "profit_loss_ratio_1_5_bps": [
            1.062761060464966,
            0.8247450561111721
        ],
        "annual_return_2_0_bps": [
            -0.011785519896578,
            -0.061511836716163004
        ],
        "annual_volatility_2_0_bps": [
            0.051098403909928,
            0.047230094924849
        ],
        "sharpe_ratio_2_0_bps": [
            -0.206561844446286,
            -1.320460949255605
        ],
        "downside_risk_2_0_bps": [
            0.036091970986684,
            0.036308772903178
        ],
        "sortino_ratio_2_0_bps": [
            -0.292446776148361,
            -1.7176426243928282
        ],
        "max_drawdown_2_0_bps": [
            0.049321800617444005,
            0.11272712771834201
        ],
        "calmar_ratio_2_0_bps": [
            -0.238951533582296,
            -0.5456702211898431
        ],
        "perc_pos_return_2_0_bps": [
            0.48062015503875904,
            0.49612403100775104
        ],
        "profit_loss_ratio_2_0_bps": [
            1.043476516300813,
            0.8085393062807821
        ],
        "annual_return_2_5_bps": [
            -0.017231067058755,
            -0.066541608433479
        ],
        "annual_volatility_2_5_bps": [
            0.051114860583241,
            0.047226147338795
        ],
        "sharpe_ratio_2_5_bps": [
            -0.314576379983379,
            -1.43433470944641
        ],
        "downside_risk_2_5_bps": [
            0.036286737001828,
            0.036487483600914
        ],
        "sortino_ratio_2_5_bps": [
            -0.44312410357594,
            -1.856475032982733
        ],
        "max_drawdown_2_5_bps": [
            0.052972022745968,
            0.114761865246447
        ],
        "calmar_ratio_2_5_bps": [
            -0.325286182507852,
            -0.579823343674167
        ],
        "perc_pos_return_2_5_bps": [
            0.47674418604651103,
            0.49224806201550303
        ],
        "profit_loss_ratio_2_5_bps": [
            1.040600136684591,
            0.8050073970060091
        ],
        "annual_return_3_0_bps": [
            -0.02264677387531,
            -0.07154457187799
        ],
        "annual_volatility_3_0_bps": [
            0.05113229291633101,
            0.04722316259584201
        ],
        "sharpe_ratio_3_0_bps": [
            -0.42251332414757303,
            -1.548195941274526
        ],
        "downside_risk_3_0_bps": [
            0.036483015935386005,
            0.036667426252698004
        ],
        "sortino_ratio_3_0_bps": [
            -0.5921680129084951,
            -1.9938871128062932
        ],
        "max_drawdown_3_0_bps": [
            0.05660834265650701,
            0.11679200021437201
        ],
        "calmar_ratio_3_0_bps": [
            -0.40006071212381006,
            -0.612581099276234
        ],
        "perc_pos_return_3_0_bps": [
            0.47674418604651103,
            0.48449612403100706
        ],
        "profit_loss_ratio_3_0_bps": [
            1.021752772748794,
            0.8140450831454331
        ],
        "annual_return_rescaled": [
            0.02341879376963374,
            -0.12642213066067653
        ],
        "annual_volatility_rescaled": [
            0.15577862610227902,
            0.14422137389772394
        ],
        "downside_risk_rescaled": [
            0.10781938305627388,
            0.10866687854331368
        ],
        "max_drawdown_rescaled": [
            0.1240070275888479,
            0.28883153452010707
        ],
        "annual_return_rescaled_0_5_bps": [
            0.006302556670401582,
            -0.14062822602602898
        ],
        "annual_volatility_rescaled_0_5_bps": [
            0.15580938543792383,
            0.1441906145620777
        ],
        "downside_risk_rescaled_0_5_bps": [
            0.10839006333149666,
            0.10919254314933514
        ],
        "max_drawdown_rescaled_0_5_bps": [
            0.12534762501504632,
            0.2934457857108074
        ],
        "annual_return_rescaled_1_0_bps": [
            -0.01052694072644167,
            -0.15460024492488378
        ],
        "annual_volatility_rescaled_1_0_bps": [
            0.15584005333471973,
            0.14415994666528323
        ],
        "downside_risk_rescaled_1_0_bps": [
            0.10896316698922873,
            0.10971965832770357
        ],
        "max_drawdown_rescaled_1_0_bps": [
            0.12751313454384275,
            0.298371261560479
        ],
        "annual_return_rescaled_1_5_bps": [
            -0.027073538223142513,
            -0.16834128690459338
        ],
        "annual_volatility_rescaled_1_5_bps": [
            0.15587062619364397,
            0.14412937380635685
        ],
        "downside_risk_rescaled_1_5_bps": [
            0.10953866975463283,
            0.11024815251942967
        ],
        "max_drawdown_rescaled_1_5_bps": [
            0.13769052340273774,
            0.3032571663421747
        ],
        "annual_return_rescaled_2_0_bps": [
            -0.04334106035909158,
            -0.18185443891771558
        ],
        "annual_volatility_rescaled_2_0_bps": [
            0.15590110044023722,
            0.14409889955976368
        ],
        "downside_risk_rescaled_2_0_bps": [
            0.11011651173683677,
            0.11077797383296477
        ],
        "max_drawdown_rescaled_2_0_bps": [
            0.14774556357389884,
            0.30810356430566294
        ],
        "annual_return_rescaled_2_5_bps": [
            -0.05933331526226959,
            -0.19514277443176198
        ],
        "annual_volatility_rescaled_2_5_bps": [
            0.15593147252598358,
            0.1440685274740199
        ],
        "downside_risk_rescaled_2_5_bps": [
            0.11069665982251253,
            0.11130905927822533
        ],
        "max_drawdown_rescaled_2_5_bps": [
            0.1576791836190614,
            0.3129105254027212
        ],
        "annual_return_rescaled_3_0_bps": [
            -0.07505409353548942,
            -0.20820935256587902
        ],
        "annual_volatility_rescaled_3_0_bps": [
            0.15596173892968185,
            0.1440382610703206
        ],
        "downside_risk_rescaled_3_0_bps": [
            0.11127908181220587,
            0.11184156301780324
        ],
        "max_drawdown_rescaled_3_0_bps": [
            0.16749232120499102,
            0.317678125203631
        ],
        "sharpe_ratio_years": [
            0.7332457920288661,
            -1.157490091747783
        ],
        "sharpe_ratio_years_0_5_bps": [
            0.633807143007164,
            -1.266999810622339
        ],
        "sharpe_ratio_years_1_0_bps": [
            0.534408595091387,
            -1.376478386666941
        ],
        "sharpe_ratio_years_1_5_bps": [
            0.43505632207048306,
            -1.48591752205817
        ],
        "sharpe_ratio_years_2_0_bps": [
            0.335756478374217,
            -1.595308929000403
        ],
        "sharpe_ratio_years_2_5_bps": [
            0.236515197200371,
            -1.7046443328631131
        ],
        "sharpe_ratio_years_3_0_bps": [
            0.13733858865873,
            -1.8139154753083941
        ]
    },
    "COMB": {
        "annual_return": [
            0.010298355386181,
            -0.041121798747259006
        ],
        "annual_volatility": [
            0.05104235184908101,
            0.047255507991271005
        ],
        "sharpe_ratio": [
            0.226149618990432,
            -0.8649800275385351
        ],
        "downside_risk": [
            0.035328048679129004,
            0.035605738654464
        ],
        "sortino_ratio": [
            0.326743447618285,
            -1.147991086501809
        ],
        "max_drawdown": [
            0.041876822546016004,
            0.104720307021905
        ],
        "calmar_ratio": [
            0.24592017159051102,
            -0.392682182823031
        ],
        "perc_pos_return": [
            0.488372093023255,
            0.5038759689922481
        ],
        "profit_loss_ratio": [
            1.088569002508215,
            0.841778618073412
        ],
        "annual_return_0_5_bps": [
            0.004731803016322001,
            -0.046260239641878004
        ],
        "annual_volatility_0_5_bps": [
            0.051054897003586,
            0.047247712033905
        ],
        "sharpe_ratio_0_5_bps": [
            0.117886070299725,
            -0.9788342113585451
        ],
        "downside_risk_0_5_bps": [
            0.035516753397416,
            0.035779706263395
        ],
        "sortino_ratio_0_5_bps": [
            0.16945977888136002,
            -1.292567261641207
        ],
        "max_drawdown_0_5_bps": [
            0.042357565370278,
            0.10661522625765
        ],
        "calmar_ratio_0_5_bps": [
            0.11171092991201001,
            -0.43389899609727606
        ],
        "perc_pos_return_0_5_bps": [
            0.488372093023255,
            0.5038759689922481
        ],
        "profit_loss_ratio_0_5_bps": [
            1.068765368163279,
            0.831839390918742
        ],
        "annual_return_1_0_bps": [
            -0.0008042496868770001,
            -0.051371296307427004
        ],
        "annual_volatility_1_0_bps": [
            0.051068421259555005,
            0.047240877601891
        ],
        "sharpe_ratio_1_0_bps": [
            0.009675527838688,
            -1.09270373268217
        ],
        "downside_risk_1_0_bps": [
            0.035706975161445005,
            0.035954875605046004
        ],
        "sortino_ratio_1_0_bps": [
            0.013838022664776002,
            -1.435696339428389
        ],
        "max_drawdown_1_0_bps": [
            0.042838080905274,
            0.10864380379472201
        ],
        "calmar_ratio_1_0_bps": [
            -0.018774176384224,
            -0.47284147381742603
        ],
        "perc_pos_return_1_0_bps": [
            0.48062015503875904,
            0.5038759689922481
        ],
        "profit_loss_ratio_1_0_bps": [
            1.082418824375556,
            0.8155567231541311
        ],
        "annual_return_1_5_bps": [
            -0.00630996889932,
            -0.056455113876346004
        ],
        "annual_volatility_1_5_bps": [
            0.05108292383933401,
            0.0472350051126
        ],
        "sharpe_ratio_1_5_bps": [
            -0.09847582980924001,
            -1.206581633652248
        ],
        "downside_risk_1_5_bps": [
            0.035898717168084,
            0.036131233421624005
        ],
        "sortino_ratio_1_5_bps": [
            -0.140128497923956,
            -1.5773856643439141
        ],
        "max_drawdown_1_5_bps": [
            0.045657623555132004,
            0.11068777733901
        ],
        "calmar_ratio_1_5_bps": [
            -0.13820186877884402,
            -0.510039276544854
        ],
        "perc_pos_return_1_5_bps": [
            0.48062015503875904,
            0.49612403100775104
        ],
        "profit_loss_ratio_1_5_bps": [
            1.062761060464966,
            0.8247450561111721
        ],
        "annual_return_2_0_bps": [
            -0.011785519896578,
            -0.061511836716163004
        ],
        "annual_volatility_2_0_bps": [
            0.051098403909928,
            0.047230094924849
        ],
        "sharpe_ratio_2_0_bps": [
            -0.206561844446286,
            -1.320460949255605
        ],
        "downside_risk_2_0_bps": [
            0.036091970986684,
            0.036308772903178
        ],
        "sortino_ratio_2_0_bps": [
            -0.292446776148361,
            -1.7176426243928282
        ],
        "max_drawdown_2_0_bps": [
            0.049321800617444005,
            0.11272712771834201
        ],
        "calmar_ratio_2_0_bps": [
            -0.238951533582296,
            -0.5456702211898431
        ],
        "perc_pos_return_2_0_bps": [
            0.48062015503875904,
            0.49612403100775104
        ],
        "profit_loss_ratio_2_0_bps": [
            1.043476516300813,
            0.8085393062807821
        ],
        "annual_return_2_5_bps": [
            -0.017231067058755,
            -0.066541608433479
        ],
        "annual_volatility_2_5_bps": [
            0.051114860583241,
            0.047226147338795
        ],
        "sharpe_ratio_2_5_bps": [
            -0.314576379983379,
            -1.43433470944641
        ],
        "downside_risk_2_5_bps": [
            0.036286737001828,
            0.036487483600914
        ],
        "sortino_ratio_2_5_bps": [
            -0.44312410357594,
            -1.856475032982733
        ],
        "max_drawdown_2_5_bps": [
            0.052972022745968,
            0.114761865246447
        ],
        "calmar_ratio_2_5_bps": [
            -0.325286182507852,
            -0.579823343674167
        ],
        "perc_pos_return_2_5_bps": [
            0.47674418604651103,
            0.49224806201550303
        ],
        "profit_loss_ratio_2_5_bps": [
            1.040600136684591,
            0.8050073970060091
        ],
        "annual_return_3_0_bps": [
            -0.02264677387531,
            -0.07154457187799
        ],
        "annual_volatility_3_0_bps": [
            0.05113229291633101,
            0.04722316259584201
        ],
        "sharpe_ratio_3_0_bps": [
            -0.42251332414757303,
            -1.548195941274526
        ],
        "downside_risk_3_0_bps": [
            0.036483015935386005,
            0.036667426252698004
        ],
        "sortino_ratio_3_0_bps": [
            -0.5921680129084951,
            -1.9938871128062932
        ],
        "max_drawdown_3_0_bps": [
            0.05660834265650701,
            0.11679200021437201
        ],
        "calmar_ratio_3_0_bps": [
            -0.40006071212381006,
            -0.612581099276234
        ],
        "perc_pos_return_3_0_bps": [
            0.47674418604651103,
            0.48449612403100706
        ],
        "profit_loss_ratio_3_0_bps": [
            1.021752772748794,
            0.8140450831454331
        ],
        "annual_return_rescaled": [
            0.02341879376963374,
            -0.12642213066067653
        ],
        "annual_volatility_rescaled": [
            0.15577862610227902,
            0.14422137389772394
        ],
        "downside_risk_rescaled": [
            0.10781938305627388,
            0.10866687854331368
        ],
        "max_drawdown_rescaled": [
            0.1240070275888479,
            0.28883153452010707
        ],
        "annual_return_rescaled_0_5_bps": [
            0.006302556670401582,
            -0.14062822602602898
        ],
        "annual_volatility_rescaled_0_5_bps": [
            0.15580938543792383,
            0.1441906145620777
        ],
        "downside_risk_rescaled_0_5_bps": [
            0.10839006333149666,
            0.10919254314933514
        ],
        "max_drawdown_rescaled_0_5_bps": [
            0.12534762501504632,
            0.2934457857108074
        ],
        "annual_return_rescaled_1_0_bps": [
            -0.01052694072644167,
            -0.15460024492488378
        ],
        "annual_volatility_rescaled_1_0_bps": [
            0.15584005333471973,
            0.14415994666528323
        ],
        "downside_risk_rescaled_1_0_bps": [
            0.10896316698922873,
            0.10971965832770357
        ],
        "max_drawdown_rescaled_1_0_bps": [
            0.12751313454384275,
            0.298371261560479
        ],
        "annual_return_rescaled_1_5_bps": [
            -0.027073538223142513,
            -0.16834128690459338
        ],
        "annual_volatility_rescaled_1_5_bps": [
            0.15587062619364397,
            0.14412937380635685
        ],
        "downside_risk_rescaled_1_5_bps": [
            0.10953866975463283,
            0.11024815251942967
        ],
        "max_drawdown_rescaled_1_5_bps": [
            0.13769052340273774,
            0.3032571663421747
        ],
        "annual_return_rescaled_2_0_bps": [
            -0.04334106035909158,
            -0.18185443891771558
        ],
        "annual_volatility_rescaled_2_0_bps": [
            0.15590110044023722,
            0.14409889955976368
        ],
        "downside_risk_rescaled_2_0_bps": [
            0.11011651173683677,
            0.11077797383296477
        ],
        "max_drawdown_rescaled_2_0_bps": [
            0.14774556357389884,
            0.30810356430566294
        ],
        "annual_return_rescaled_2_5_bps": [
            -0.05933331526226959,
            -0.19514277443176198
        ],
        "annual_volatility_rescaled_2_5_bps": [
            0.15593147252598358,
            0.1440685274740199
        ],
        "downside_risk_rescaled_2_5_bps": [
            0.11069665982251253,
            0.11130905927822533
        ],
        "max_drawdown_rescaled_2_5_bps": [
            0.1576791836190614,
            0.3129105254027212
        ],
        "annual_return_rescaled_3_0_bps": [
            -0.07505409353548942,
            -0.20820935256587902
        ],
        "annual_volatility_rescaled_3_0_bps": [
            0.15596173892968185,
            0.1440382610703206
        ],
        "downside_risk_rescaled_3_0_bps": [
            0.11127908181220587,
            0.11184156301780324
        ],
        "max_drawdown_rescaled_3_0_bps": [
            0.16749232120499102,
            0.317678125203631
        ],
        "sharpe_ratio_years": [
            0.7332457920288661,
            -1.157490091747783
        ],
        "sharpe_ratio_years_0_5_bps": [
            0.633807143007164,
            -1.266999810622339
        ],
        "sharpe_ratio_years_1_0_bps": [
            0.534408595091387,
            -1.376478386666941
        ],
        "sharpe_ratio_years_1_5_bps": [
            0.43505632207048306,
            -1.48591752205817
        ],
        "sharpe_ratio_years_2_0_bps": [
            0.335756478374217,
            -1.595308929000403
        ],
        "sharpe_ratio_years_2_5_bps": [
            0.236515197200371,
            -1.7046443328631131
        ],
        "sharpe_ratio_years_3_0_bps": [
            0.13733858865873,
            -1.8139154753083941
        ]
    }
}