{
    "ALL": {
        "annual_return": -0.034261559866583004,
        "annual_volatility": 0.064188154092509,
        "sharpe_ratio": -0.7554791274287795,
        "downside_risk": 0.0504357774263295,
        "sortino_ratio": -0.7906049444065204,
        "max_drawdown": 0.10047273736010101,
        "calmar_ratio": -0.11150875376577302,
        "perc_pos_return": 0.5048336500467525,
        "profit_loss_ratio": 0.843208246605391,
        "annual_return_0_5_bps": -0.035251301902394006,
        "annual_volatility_0_5_bps": 0.0641803261271955,
        "sharpe_ratio_0_5_bps": -0.7692493399268581,
        "downside_risk_0_5_bps": 0.050462860989557504,
        "sortino_ratio_0_5_bps": -0.8093029670754504,
        "max_drawdown_0_5_bps": 0.10061140773627701,
        "calmar_ratio_0_5_bps": -0.12659667129649851,
        "perc_pos_return_0_5_bps": 0.5048336500467525,
        "profit_loss_ratio_0_5_bps": 0.8408883339823474,
        "annual_return_1_0_bps": -0.036239580313788,
        "annual_volatility_1_0_bps": 0.06417265441926301,
        "sharpe_ratio_1_0_bps": -0.7830246070239186,
        "downside_risk_1_0_bps": 0.050490061373198,
        "sortino_ratio_1_0_bps": -0.8279728960600465,
        "max_drawdown_1_0_bps": 0.100750056655383,
        "calmar_ratio_1_0_bps": -0.1415749265700245,
        "perc_pos_return_1_0_bps": 0.5048336500467525,
        "profit_loss_ratio_1_0_bps": 0.838575400174056,
        "annual_return_1_5_bps": -0.037226397443837,
        "annual_volatility_1_5_bps": 0.064165139052051,
        "sharpe_ratio_1_5_bps": -0.7968047940581451,
        "downside_risk_1_5_bps": 0.05051737826460301,
        "sortino_ratio_1_5_bps": -0.8466145993483939,
        "max_drawdown_1_5_bps": 0.10088868412056601,
        "calmar_ratio_1_5_bps": -0.15644454972787702,
        "perc_pos_return_1_5_bps": 0.5028881247549241,
        "profit_loss_ratio_1_5_bps": 0.841511073901513,
        "annual_return_2_0_bps": -0.038211755631841,
        "annual_volatility_2_0_bps": 0.064157780107035,
        "sharpe_ratio_2_0_bps": -0.8105897660471024,
        "downside_risk_2_0_bps": 0.050544811364771,
        "sortino_ratio_2_0_bps": -0.865227946170078,
        "max_drawdown_2_0_bps": 0.1010272901349695,
        "calmar_ratio_2_0_bps": -0.17120655831239304,
        "perc_pos_return_2_0_bps": 0.5028881247549241,
        "profit_loss_ratio_2_0_bps": 0.839206795230096,
        "annual_return_2_5_bps": -0.039195657213341006,
        "annual_volatility_2_5_bps": 0.06415057766382351,
        "sharpe_ratio_2_5_bps": -0.8243793876956456,
        "downside_risk_2_5_bps": 0.05057236037410451,
        "sortino_ratio_2_5_bps": -0.8838128076622935,
        "max_drawdown_2_5_bps": 0.101165874701738,
        "calmar_ratio_2_5_bps": -0.18586195745835699,
        "perc_pos_return_2_5_bps": 0.5028881247549241,
        "profit_loss_ratio_2_5_bps": 0.8369094012618956,
        "annual_return_3_0_bps": -0.040178104520125,
        "annual_volatility_3_0_bps": 0.0641435318001505,
        "sharpe_ratio_3_0_bps": -0.8381735234038741,
        "downside_risk_3_0_bps": 0.0506000251178905,
        "sortino_ratio_3_0_bps": -0.902369058652947,
        "max_drawdown_3_0_bps": 0.1013044378240175,
        "calmar_ratio_3_0_bps": -0.200411740081181,
        "perc_pos_return_3_0_bps": 0.5009501402588,
        "profit_loss_ratio_3_0_bps": 0.8423817991640741,
        "annual_return_rescaled": -0.07800556723107005,
        "annual_volatility_rescaled": 0.1500000000000008,
        "downside_risk_rescaled": 0.11786234891637727,
        "max_drawdown_rescaled": 0.21907874207925804,
        "annual_return_rescaled_0_5_bps": -0.08035169147841348,
        "annual_volatility_rescaled_0_5_bps": 0.15000000000000077,
        "downside_risk_rescaled_0_5_bps": 0.11794002313781059,
        "max_drawdown_rescaled_0_5_bps": 0.21938880034009883,
        "annual_return_rescaled_1_0_bps": -0.08268999952457617,
        "annual_volatility_rescaled_1_0_bps": 0.1500000000000003,
        "downside_risk_rescaled_1_0_bps": 0.11801770200277564,
        "max_drawdown_rescaled_1_0_bps": 0.2196983429441166,
        "annual_return_rescaled_1_5_bps": -0.08502049892378583,
        "annual_volatility_rescaled_1_5_bps": 0.1499999999999997,
        "downside_risk_rescaled_1_5_bps": 0.11809538406117327,
        "max_drawdown_rescaled_1_5_bps": 0.22000736768758342,
        "annual_return_rescaled_2_0_bps": -0.08734319737434487,
        "annual_volatility_rescaled_2_0_bps": 0.15000000000000024,
        "downside_risk_rescaled_2_0_bps": 0.11817306789709817,
        "max_drawdown_rescaled_2_0_bps": 0.2203158723784585,
        "annual_return_rescaled_2_5_bps": -0.08965810271794539,
        "annual_volatility_rescaled_2_5_bps": 0.1500000000000002,
        "downside_risk_rescaled_2_5_bps": 0.11825075209562196,
        "max_drawdown_rescaled_2_5_bps": 0.22062385483647845,
        "annual_return_rescaled_3_0_bps": -0.091965222939003,
        "annual_volatility_rescaled_3_0_bps": 0.1500000000000004,
        "downside_risk_rescaled_3_0_bps": 0.11832843553628214,
        "max_drawdown_rescaled_3_0_bps": 0.22093131289327933,
        "sharpe_ratio_years": -0.6252279840199451,
        "sharpe_ratio_years_0_5_bps": -0.639172690492042,
        "sharpe_ratio_years_1_0_bps": -0.653124867651871,
        "sharpe_ratio_years_1_5_bps": -0.6670843130140154,
        "sharpe_ratio_years_2_0_bps": -0.6810508234586186,
        "sharpe_ratio_years_2_5_bps": -0.695024195248898,
        "sharpe_ratio_years_3_0_bps": -0.709004224048785,
        "sharpe_ratio_years_std": 1.6035227283273772,
        "sharpe_ratio_years_std_0_5_bps": 1.594626821855842,
        "sharpe_ratio_years_std_1_0_bps": 1.5857234385443901,
        "sharpe_ratio_years_std_1_5_bps": 1.5768127801862766,
        "sharpe_ratio_years_std_2_0_bps": 1.5678950492091586,
        "sharpe_ratio_years_std_2_5_bps": 1.558970448657588,
        "sharpe_ratio_years_std_3_0_bps": 1.55003918217536
    },
    "COMB": {
        "annual_return": -0.034261559866583004,
        "annual_volatility": 0.064188154092509,
        "sharpe_ratio": -0.7554791274287795,
        "downside_risk": 0.0504357774263295,
        "sortino_ratio": -0.7906049444065204,
        "max_drawdown": 0.10047273736010101,
        "calmar_ratio": -0.11150875376577302,
        "perc_pos_return": 0.5048336500467525,
        "profit_loss_ratio": 0.843208246605391,
        "annual_return_0_5_bps": -0.035251301902394006,
        "annual_volatility_0_5_bps": 0.0641803261271955,
        "sharpe_ratio_0_5_bps": -0.7692493399268581,
        "downside_risk_0_5_bps": 0.050462860989557504,
        "sortino_ratio_0_5_bps": -0.8093029670754504,
        "max_drawdown_0_5_bps": 0.10061140773627701,
        "calmar_ratio_0_5_bps": -0.12659667129649851,
        "perc_pos_return_0_5_bps": 0.5048336500467525,
        "profit_loss_ratio_0_5_bps": 0.8408883339823474,
        "annual_return_1_0_bps": -0.036239580313788,
        "annual_volatility_1_0_bps": 0.06417265441926301,
        "sharpe_ratio_1_0_bps": -0.7830246070239186,
        "downside_risk_1_0_bps": 0.050490061373198,
        "sortino_ratio_1_0_bps": -0.8279728960600465,
        "max_drawdown_1_0_bps": 0.100750056655383,
        "calmar_ratio_1_0_bps": -0.1415749265700245,
        "perc_pos_return_1_0_bps": 0.5048336500467525,
        "profit_loss_ratio_1_0_bps": 0.838575400174056,
        "annual_return_1_5_bps": -0.037226397443837,
        "annual_volatility_1_5_bps": 0.064165139052051,
        "sharpe_ratio_1_5_bps": -0.7968047940581451,
        "downside_risk_1_5_bps": 0.05051737826460301,
        "sortino_ratio_1_5_bps": -0.8466145993483939,
        "max_drawdown_1_5_bps": 0.10088868412056601,
        "calmar_ratio_1_5_bps": -0.15644454972787702,
        "perc_pos_return_1_5_bps": 0.5028881247549241,
        "profit_loss_ratio_1_5_bps": 0.841511073901513,
        "annual_return_2_0_bps": -0.038211755631841,
        "annual_volatility_2_0_bps": 0.064157780107035,
        "sharpe_ratio_2_0_bps": -0.8105897660471024,
        "downside_risk_2_0_bps": 0.050544811364771,
        "sortino_ratio_2_0_bps": -0.865227946170078,
        "max_drawdown_2_0_bps": 0.1010272901349695,
        "calmar_ratio_2_0_bps": -0.17120655831239304,
        "perc_pos_return_2_0_bps": 0.5028881247549241,
        "profit_loss_ratio_2_0_bps": 0.839206795230096,
        "annual_return_2_5_bps": -0.039195657213341006,
        "annual_volatility_2_5_bps": 0.06415057766382351,
        "sharpe_ratio_2_5_bps": -0.8243793876956456,
        "downside_risk_2_5_bps": 0.05057236037410451,
        "sortino_ratio_2_5_bps": -0.8838128076622935,
        "max_drawdown_2_5_bps": 0.101165874701738,
        "calmar_ratio_2_5_bps": -0.18586195745835699,
        "perc_pos_return_2_5_bps": 0.5028881247549241,
        "profit_loss_ratio_2_5_bps": 0.8369094012618956,
        "annual_return_3_0_bps": -0.040178104520125,
        "annual_volatility_3_0_bps": 0.0641435318001505,
        "sharpe_ratio_3_0_bps": -0.8381735234038741,
        "downside_risk_3_0_bps": 0.0506000251178905,
        "sortino_ratio_3_0_bps": -0.902369058652947,
        "max_drawdown_3_0_bps": 0.1013044378240175,
        "calmar_ratio_3_0_bps": -0.200411740081181,
        "perc_pos_return_3_0_bps": 0.5009501402588,
        "profit_loss_ratio_3_0_bps": 0.8423817991640741,
        "annual_return_rescaled": -0.07800556723107005,
        "annual_volatility_rescaled": 0.1500000000000008,
        "downside_risk_rescaled": 0.11786234891637727,
        "max_drawdown_rescaled": 0.21907874207925804,
        "annual_return_rescaled_0_5_bps": -0.08035169147841348,
        "annual_volatility_rescaled_0_5_bps": 0.15000000000000077,
        "downside_risk_rescaled_0_5_bps": 0.11794002313781059,
        "max_drawdown_rescaled_0_5_bps": 0.21938880034009883,
        "annual_return_rescaled_1_0_bps": -0.08268999952457617,
        "annual_volatility_rescaled_1_0_bps": 0.1500000000000003,
        "downside_risk_rescaled_1_0_bps": 0.11801770200277564,
        "max_drawdown_rescaled_1_0_bps": 0.2196983429441166,
        "annual_return_rescaled_1_5_bps": -0.08502049892378583,
        "annual_volatility_rescaled_1_5_bps": 0.1499999999999997,
        "downside_risk_rescaled_1_5_bps": 0.11809538406117327,
        "max_drawdown_rescaled_1_5_bps": 0.22000736768758342,
        "annual_return_rescaled_2_0_bps": -0.08734319737434487,
        "annual_volatility_rescaled_2_0_bps": 0.15000000000000024,
        "downside_risk_rescaled_2_0_bps": 0.11817306789709817,
        "max_drawdown_rescaled_2_0_bps": 0.2203158723784585,
        "annual_return_rescaled_2_5_bps": -0.08965810271794539,
        "annual_volatility_rescaled_2_5_bps": 0.1500000000000002,
        "downside_risk_rescaled_2_5_bps": 0.11825075209562196,
        "max_drawdown_rescaled_2_5_bps": 0.22062385483647845,
        "annual_return_rescaled_3_0_bps": -0.091965222939003,
        "annual_volatility_rescaled_3_0_bps": 0.1500000000000004,
        "downside_risk_rescaled_3_0_bps": 0.11832843553628214,
        "max_drawdown_rescaled_3_0_bps": 0.22093131289327933,
        "sharpe_ratio_years": -0.6252279840199451,
        "sharpe_ratio_years_0_5_bps": -0.639172690492042,
        "sharpe_ratio_years_1_0_bps": -0.653124867651871,
        "sharpe_ratio_years_1_5_bps": -0.6670843130140154,
        "sharpe_ratio_years_2_0_bps": -0.6810508234586186,
        "sharpe_ratio_years_2_5_bps": -0.695024195248898,
        "sharpe_ratio_years_3_0_bps": -0.709004224048785,
        "sharpe_ratio_years_std": 1.6035227283273772,
        "sharpe_ratio_years_std_0_5_bps": 1.594626821855842,
        "sharpe_ratio_years_std_1_0_bps": 1.5857234385443901,
        "sharpe_ratio_years_std_1_5_bps": 1.5768127801862766,
        "sharpe_ratio_years_std_2_0_bps": 1.5678950492091586,
        "sharpe_ratio_years_std_2_5_bps": 1.558970448657588,
        "sharpe_ratio_years_std_3_0_bps": 1.55003918217536
    }
}