{
    "ALL": {
        "annual_return": [
            0.031872942834979004,
            -0.10039606256814501
        ],
        "annual_volatility": [
            0.075273621177969,
            0.053102687007049
        ],
        "sharpe_ratio": [
            0.45436824599956904,
            -1.9653265008571281
        ],
        "downside_risk": [
            0.053796538377929005,
            0.04707501647473
        ],
        "sortino_ratio": [
            0.6357647584012941,
            -2.216974647214335
        ],
        "max_drawdown": [
            0.063085870634627,
            0.13785960408557502
        ],
        "calmar_ratio": [
            0.505231084462275,
            -0.7282485919938211
        ],
        "perc_pos_return": [
            0.515503875968992,
            0.49416342412451303
        ],
        "profit_loss_ratio": [
            1.015900489890141,
            0.6705160033206411
        ],
        "annual_return_0_5_bps": [
            0.030145264803966003,
            -0.10064786860875401
        ],
        "annual_volatility_0_5_bps": [
            0.075259859444014,
            0.053100792810377
        ],
        "sharpe_ratio_0_5_bps": [
            0.43216956812774204,
            -1.9706682479814581
        ],
        "downside_risk_0_5_bps": [
            0.05384505631208401,
            0.047080665667031
        ],
        "sortino_ratio_0_5_bps": [
            0.604048415601241,
            -2.222654349752142
        ],
        "max_drawdown_0_5_bps": [
            0.063275135046227,
            0.13794768042632702
        ],
        "calmar_ratio_0_5_bps": [
            0.47641565335171204,
            -0.7296089959447091
        ],
        "perc_pos_return_0_5_bps": [
            0.515503875968992,
            0.49416342412451303
        ],
        "profit_loss_ratio_0_5_bps": [
            1.012047206723916,
            0.669729461240779
        ],
        "annual_return_1_0_bps": [
            0.028420443926988004,
            -0.10089960455456401
        ],
        "annual_volatility_1_0_bps": [
            0.075246408012154,
            0.053098900826372
        ],
        "sharpe_ratio_1_0_bps": [
            0.40996107982849905,
            -1.9760102938763362
        ],
        "downside_risk_1_0_bps": [
            0.053893804428882,
            0.047086318317514
        ],
        "sortino_ratio_1_0_bps": [
            0.5723867336659351,
            -2.228332525786028
        ],
        "max_drawdown_1_0_bps": [
            0.063464365409586,
            0.13803574790118
        ],
        "calmar_ratio_1_0_bps": [
            0.44781734983984706,
            -0.730967202979896
        ],
        "perc_pos_return_1_0_bps": [
            0.515503875968992,
            0.49416342412451303
        ],
        "profit_loss_ratio_1_0_bps": [
            1.008207168092469,
            0.668943632255643
        ],
        "annual_return_1_5_bps": [
            0.026698475537316003,
            -0.10115127042499
        ],
        "annual_volatility_1_5_bps": [
            0.075233267048831,
            0.053097011055271
        ],
        "sharpe_ratio_1_5_bps": [
            0.38774304978074003,
            -1.98135263789703
        ],
        "downside_risk_1_5_bps": [
            0.053942782104272,
            0.047091974424934006
        ],
        "sortino_ratio_1_5_bps": [
            0.5407799759770271,
            -2.234009174673815
        ],
        "max_drawdown_1_5_bps": [
            0.06365356173011401,
            0.13812380651101802
        ],
        "calmar_ratio_1_5_bps": [
            0.419434118243297,
            -0.7323232176990511
        ],
        "perc_pos_return_1_5_bps": [
            0.515503875968992,
            0.49027237354085607
        ],
        "profit_loss_ratio_1_5_bps": [
            1.004380305826629,
            0.6786418419763971
        ],
        "annual_return_2_0_bps": [
            0.02497935497574,
            -0.101402866239422
        ],
        "annual_volatility_2_0_bps": [
            0.075220436716761,
            0.05309512349730901
        ],
        "sharpe_ratio_2_0_bps": [
            0.36551574730435105,
            -1.986695279398556
        ],
        "downside_risk_2_0_bps": [
            0.053991988713539,
            0.047097634016003004
        ],
        "sortino_ratio_2_0_bps": [
            0.509228402105367,
            -2.239684294445523
        ],
        "max_drawdown_2_0_bps": [
            0.06384272401322401,
            0.138211856256715
        ],
        "calmar_ratio_2_0_bps": [
            0.39126392806431703,
            -0.7336770446891031
        ],
        "perc_pos_return_2_0_bps": [
            0.515503875968992,
            0.49027237354085607
        ],
        "profit_loss_ratio_2_0_bps": [
            1.000566552224244,
            0.677847038235948
        ],
        "annual_return_2_5_bps": [
            0.023263077590575002,
            -0.10165439201725701
        ],
        "annual_volatility_2_5_bps": [
            0.075207917174925,
            0.053093238152722
        ],
        "sharpe_ratio_2_5_bps": [
            0.343279442344384,
            -1.9920382177356752
        ],
        "downside_risk_2_5_bps": [
            0.054041423631325004,
            0.047103297116884005
        ],
        "sortino_ratio_2_5_bps": [
            0.47773226782141404,
            -2.245357883146001
        ],
        "max_drawdown_2_5_bps": [
            0.064031852264326,
            0.13829989713915
        ],
        "calmar_ratio_2_5_bps": [
            0.36330477360774305,
            -0.735028688524457
        ],
        "perc_pos_return_2_5_bps": [
            0.515503875968992,
            0.49027237354085607
        ],
        "profit_loss_ratio_2_5_bps": [
            0.9967658400461861,
            0.677052962477605
        ],
        "annual_return_3_0_bps": [
            0.021549638737634002,
            -0.101905847777884
        ],
        "annual_volatility_3_0_bps": [
            0.07519570857855401,
            0.05309135502174701
        ],
        "sharpe_ratio_3_0_bps": [
            0.32103440545515205,
            -1.9973814522629
        ],
        "downside_risk_3_0_bps": [
            0.054091086509470004,
            0.047108963726311
        ],
        "sortino_ratio_3_0_bps": [
            0.446291822813887,
            -2.251029940119781
        ],
        "max_drawdown_3_0_bps": [
            0.064220946488828,
            0.138387929159207
        ],
        "calmar_ratio_3_0_bps": [
            0.33555467360455904,
            -0.7363781537669211
        ],
        "perc_pos_return_3_0_bps": [
            0.511627906976744,
            0.49027237354085607
        ],
        "profit_loss_ratio_3_0_bps": [
            1.008503984626489,
            0.6762596137016591
        ],
        "annual_return_rescaled": [
            0.06659760921623481,
            -0.2226087436783749
        ],
        "annual_volatility_rescaled": [
            0.17590540398501933,
            0.12409459601498227
        ],
        "downside_risk_rescaled": [
            0.125716043260249,
            0.11000865457250555
        ],
        "max_drawdown_rescaled": [
            0.14214490350102402,
            0.2960125806574921
        ],
        "annual_return_rescaled_0_5_bps": [
            0.06243851258025068,
            -0.22314189553707764
        ],
        "annual_volatility_rescaled_0_5_bps": [
            0.17589469542783467,
            0.12410530457216688
        ],
        "downside_risk_rescaled_0_5_bps": [
            0.12584477104098526,
            0.11003527523463591
        ],
        "max_drawdown_rescaled_0_5_bps": [
            0.14256597994785114,
            0.2962116207323465
        ],
        "annual_return_rescaled_1_0_bps": [
            0.058294320825296175,
            -0.22367431987444852
        ],
        "annual_volatility_rescaled_1_0_bps": [
            0.17588428130276956,
            0.12411571869723106
        ],
        "downside_risk_rescaled_1_0_bps": [
            0.12597376152646172,
            0.11006164247908955
        ],
        "max_drawdown_rescaled_1_0_bps": [
            0.14298664746249054,
            0.2964100384257427
        ],
        "annual_return_rescaled_1_5_bps": [
            0.05416501554703923,
            -0.22420601339461088
        ],
        "annual_volatility_rescaled_1_5_bps": [
            0.17587416195218106,
            0.12412583804781833
        ],
        "downside_risk_rescaled_1_5_bps": [
            0.12610301224590362,
            0.11008775587644293
        ],
        "max_drawdown_rescaled_1_5_bps": [
            0.14340690313486587,
            0.29660783224030096
        ],
        "annual_return_rescaled_2_0_bps": [
            0.050050578069705365,
            -0.2247369728183951
        ],
        "annual_volatility_rescaled_2_0_bps": [
            0.17586433771072776,
            0.12413566228927275
        ],
        "downside_risk_rescaled_2_0_bps": [
            0.12623252072499427,
            0.11011361506920204
        ],
        "max_drawdown_rescaled_2_0_bps": [
            0.14382674406382512,
            0.2968050006930919
        ],
        "annual_return_rescaled_2_5_bps": [
            0.04595098944757625,
            -0.22526719488346703
        ],
        "annual_volatility_rescaled_2_5_bps": [
            0.175854808905338,
            0.12414519109466236
        ],
        "downside_risk_rescaled_2_5_bps": [
            0.1263622844860234,
            0.1101392197052205
        ],
        "max_drawdown_rescaled_2_5_bps": [
            0.1442461673572618,
            0.2970015423156951
        ],
        "annual_return_rescaled_3_0_bps": [
            0.04186623046649274,
            -0.22579667634449874
        ],
        "annual_volatility_rescaled_3_0_bps": [
            0.1758455758551893,
            0.12415442414481148
        ],
        "downside_risk_rescaled_3_0_bps": [
            0.12649230169769746,
            0.11016456937486681
        ],
        "max_drawdown_rescaled_3_0_bps": [
            0.14466517013225957,
            0.2971974556542991
        ],
        "sharpe_ratio_years": [
            0.9782947443074321,
            -2.2287507123473222
        ],
        "sharpe_ratio_years_0_5_bps": [
            0.9554541313638001,
            -2.233799512347884
        ],
        "sharpe_ratio_years_1_0_bps": [
            0.9325985708925191,
            -2.238848306196261
        ],
        "sharpe_ratio_years_1_5_bps": [
            0.9097284671722611,
            -2.243897093200292
        ],
        "sharpe_ratio_years_2_0_bps": [
            0.8868442257505401,
            -2.248945872667777
        ],
        "sharpe_ratio_years_2_5_bps": [
            0.86394625340869,
            -2.253994643906486
        ],
        "sharpe_ratio_years_3_0_bps": [
            0.841034958126575,
            -2.259043406224145
        ]
    },
    "COMB": {
        "annual_return": [
            0.031872942834979004,
            -0.10039606256814501
        ],
        "annual_volatility": [
            0.075273621177969,
            0.053102687007049
        ],
        "sharpe_ratio": [
            0.45436824599956904,
            -1.9653265008571281
        ],
        "downside_risk": [
            0.053796538377929005,
            0.04707501647473
        ],
        "sortino_ratio": [
            0.6357647584012941,
            -2.216974647214335
        ],
        "max_drawdown": [
            0.063085870634627,
            0.13785960408557502
        ],
        "calmar_ratio": [
            0.505231084462275,
            -0.7282485919938211
        ],
        "perc_pos_return": [
            0.515503875968992,
            0.49416342412451303
        ],
        "profit_loss_ratio": [
            1.015900489890141,
            0.6705160033206411
        ],
        "annual_return_0_5_bps": [
            0.030145264803966003,
            -0.10064786860875401
        ],
        "annual_volatility_0_5_bps": [
            0.075259859444014,
            0.053100792810377
        ],
        "sharpe_ratio_0_5_bps": [
            0.43216956812774204,
            -1.9706682479814581
        ],
        "downside_risk_0_5_bps": [
            0.05384505631208401,
            0.047080665667031
        ],
        "sortino_ratio_0_5_bps": [
            0.604048415601241,
            -2.222654349752142
        ],
        "max_drawdown_0_5_bps": [
            0.063275135046227,
            0.13794768042632702
        ],
        "calmar_ratio_0_5_bps": [
            0.47641565335171204,
            -0.7296089959447091
        ],
        "perc_pos_return_0_5_bps": [
            0.515503875968992,
            0.49416342412451303
        ],
        "profit_loss_ratio_0_5_bps": [
            1.012047206723916,
            0.669729461240779
        ],
        "annual_return_1_0_bps": [
            0.028420443926988004,
            -0.10089960455456401
        ],
        "annual_volatility_1_0_bps": [
            0.075246408012154,
            0.053098900826372
        ],
        "sharpe_ratio_1_0_bps": [
            0.40996107982849905,
            -1.9760102938763362
        ],
        "downside_risk_1_0_bps": [
            0.053893804428882,
            0.047086318317514
        ],
        "sortino_ratio_1_0_bps": [
            0.5723867336659351,
            -2.228332525786028
        ],
        "max_drawdown_1_0_bps": [
            0.063464365409586,
            0.13803574790118
        ],
        "calmar_ratio_1_0_bps": [
            0.44781734983984706,
            -0.730967202979896
        ],
        "perc_pos_return_1_0_bps": [
            0.515503875968992,
            0.49416342412451303
        ],
        "profit_loss_ratio_1_0_bps": [
            1.008207168092469,
            0.668943632255643
        ],
        "annual_return_1_5_bps": [
            0.026698475537316003,
            -0.10115127042499
        ],
        "annual_volatility_1_5_bps": [
            0.075233267048831,
            0.053097011055271
        ],
        "sharpe_ratio_1_5_bps": [
            0.38774304978074003,
            -1.98135263789703
        ],
        "downside_risk_1_5_bps": [
            0.053942782104272,
            0.047091974424934006
        ],
        "sortino_ratio_1_5_bps": [
            0.5407799759770271,
            -2.234009174673815
        ],
        "max_drawdown_1_5_bps": [
            0.06365356173011401,
            0.13812380651101802
        ],
        "calmar_ratio_1_5_bps": [
            0.419434118243297,
            -0.7323232176990511
        ],
        "perc_pos_return_1_5_bps": [
            0.515503875968992,
            0.49027237354085607
        ],
        "profit_loss_ratio_1_5_bps": [
            1.004380305826629,
            0.6786418419763971
        ],
        "annual_return_2_0_bps": [
            0.02497935497574,
            -0.101402866239422
        ],
        "annual_volatility_2_0_bps": [
            0.075220436716761,
            0.05309512349730901
        ],
        "sharpe_ratio_2_0_bps": [
            0.36551574730435105,
            -1.986695279398556
        ],
        "downside_risk_2_0_bps": [
            0.053991988713539,
            0.047097634016003004
        ],
        "sortino_ratio_2_0_bps": [
            0.509228402105367,
            -2.239684294445523
        ],
        "max_drawdown_2_0_bps": [
            0.06384272401322401,
            0.138211856256715
        ],
        "calmar_ratio_2_0_bps": [
            0.39126392806431703,
            -0.7336770446891031
        ],
        "perc_pos_return_2_0_bps": [
            0.515503875968992,
            0.49027237354085607
        ],
        "profit_loss_ratio_2_0_bps": [
            1.000566552224244,
            0.677847038235948
        ],
        "annual_return_2_5_bps": [
            0.023263077590575002,
            -0.10165439201725701
        ],
        "annual_volatility_2_5_bps": [
            0.075207917174925,
            0.053093238152722
        ],
        "sharpe_ratio_2_5_bps": [
            0.343279442344384,
            -1.9920382177356752
        ],
        "downside_risk_2_5_bps": [
            0.054041423631325004,
            0.047103297116884005
        ],
        "sortino_ratio_2_5_bps": [
            0.47773226782141404,
            -2.245357883146001
        ],
        "max_drawdown_2_5_bps": [
            0.064031852264326,
            0.13829989713915
        ],
        "calmar_ratio_2_5_bps": [
            0.36330477360774305,
            -0.735028688524457
        ],
        "perc_pos_return_2_5_bps": [
            0.515503875968992,
            0.49027237354085607
        ],
        "profit_loss_ratio_2_5_bps": [
            0.9967658400461861,
            0.677052962477605
        ],
        "annual_return_3_0_bps": [
            0.021549638737634002,
            -0.101905847777884
        ],
        "annual_volatility_3_0_bps": [
            0.07519570857855401,
            0.05309135502174701
        ],
        "sharpe_ratio_3_0_bps": [
            0.32103440545515205,
            -1.9973814522629
        ],
        "downside_risk_3_0_bps": [
            0.054091086509470004,
            0.047108963726311
        ],
        "sortino_ratio_3_0_bps": [
            0.446291822813887,
            -2.251029940119781
        ],
        "max_drawdown_3_0_bps": [
            0.064220946488828,
            0.138387929159207
        ],
        "calmar_ratio_3_0_bps": [
            0.33555467360455904,
            -0.7363781537669211
        ],
        "perc_pos_return_3_0_bps": [
            0.511627906976744,
            0.49027237354085607
        ],
        "profit_loss_ratio_3_0_bps": [
            1.008503984626489,
            0.6762596137016591
        ],
        "annual_return_rescaled": [
            0.06659760921623481,
            -0.2226087436783749
        ],
        "annual_volatility_rescaled": [
            0.17590540398501933,
            0.12409459601498227
        ],
        "downside_risk_rescaled": [
            0.125716043260249,
            0.11000865457250555
        ],
        "max_drawdown_rescaled": [
            0.14214490350102402,
            0.2960125806574921
        ],
        "annual_return_rescaled_0_5_bps": [
            0.06243851258025068,
            -0.22314189553707764
        ],
        "annual_volatility_rescaled_0_5_bps": [
            0.17589469542783467,
            0.12410530457216688
        ],
        "downside_risk_rescaled_0_5_bps": [
            0.12584477104098526,
            0.11003527523463591
        ],
        "max_drawdown_rescaled_0_5_bps": [
            0.14256597994785114,
            0.2962116207323465
        ],
        "annual_return_rescaled_1_0_bps": [
            0.058294320825296175,
            -0.22367431987444852
        ],
        "annual_volatility_rescaled_1_0_bps": [
            0.17588428130276956,
            0.12411571869723106
        ],
        "downside_risk_rescaled_1_0_bps": [
            0.12597376152646172,
            0.11006164247908955
        ],
        "max_drawdown_rescaled_1_0_bps": [
            0.14298664746249054,
            0.2964100384257427
        ],
        "annual_return_rescaled_1_5_bps": [
            0.05416501554703923,
            -0.22420601339461088
        ],
        "annual_volatility_rescaled_1_5_bps": [
            0.17587416195218106,
            0.12412583804781833
        ],
        "downside_risk_rescaled_1_5_bps": [
            0.12610301224590362,
            0.11008775587644293
        ],
        "max_drawdown_rescaled_1_5_bps": [
            0.14340690313486587,
            0.29660783224030096
        ],
        "annual_return_rescaled_2_0_bps": [
            0.050050578069705365,
            -0.2247369728183951
        ],
        "annual_volatility_rescaled_2_0_bps": [
            0.17586433771072776,
            0.12413566228927275
        ],
        "downside_risk_rescaled_2_0_bps": [
            0.12623252072499427,
            0.11011361506920204
        ],
        "max_drawdown_rescaled_2_0_bps": [
            0.14382674406382512,
            0.2968050006930919
        ],
        "annual_return_rescaled_2_5_bps": [
            0.04595098944757625,
            -0.22526719488346703
        ],
        "annual_volatility_rescaled_2_5_bps": [
            0.175854808905338,
            0.12414519109466236
        ],
        "downside_risk_rescaled_2_5_bps": [
            0.1263622844860234,
            0.1101392197052205
        ],
        "max_drawdown_rescaled_2_5_bps": [
            0.1442461673572618,
            0.2970015423156951
        ],
        "annual_return_rescaled_3_0_bps": [
            0.04186623046649274,
            -0.22579667634449874
        ],
        "annual_volatility_rescaled_3_0_bps": [
            0.1758455758551893,
            0.12415442414481148
        ],
        "downside_risk_rescaled_3_0_bps": [
            0.12649230169769746,
            0.11016456937486681
        ],
        "max_drawdown_rescaled_3_0_bps": [
            0.14466517013225957,
            0.2971974556542991
        ],
        "sharpe_ratio_years": [
            0.9782947443074321,
            -2.2287507123473222
        ],
        "sharpe_ratio_years_0_5_bps": [
            0.9554541313638001,
            -2.233799512347884
        ],
        "sharpe_ratio_years_1_0_bps": [
            0.9325985708925191,
            -2.238848306196261
        ],
        "sharpe_ratio_years_1_5_bps": [
            0.9097284671722611,
            -2.243897093200292
        ],
        "sharpe_ratio_years_2_0_bps": [
            0.8868442257505401,
            -2.248945872667777
        ],
        "sharpe_ratio_years_2_5_bps": [
            0.86394625340869,
            -2.253994643906486
        ],
        "sharpe_ratio_years_3_0_bps": [
            0.841034958126575,
            -2.259043406224145
        ]
    }
}