{
    "ALL": {
        "annual_return": -0.035509415098654004,
        "annual_volatility": 0.0526450838246295,
        "sharpe_ratio": -0.4905712280793954,
        "downside_risk": 0.04086896782192351,
        "sortino_ratio": -0.490685355388519,
        "max_drawdown": 0.0876986967118475,
        "calmar_ratio": 0.177546574430064,
        "perc_pos_return": 0.5106325219437151,
        "profit_loss_ratio": 0.8782169532165526,
        "annual_return_0_5_bps": -0.037773814430636,
        "annual_volatility_0_5_bps": 0.052642148062525,
        "sharpe_ratio_0_5_bps": -0.5375225099103825,
        "downside_risk_0_5_bps": 0.0409371570212855,
        "sortino_ratio_0_5_bps": -0.5547837799557125,
        "max_drawdown_0_5_bps": 0.0884786703008025,
        "calmar_ratio_0_5_bps": 0.12097973450236804,
        "perc_pos_return_0_5_bps": 0.5106325219437151,
        "profit_loss_ratio_0_5_bps": 0.870788541618664,
        "annual_return_1_0_bps": -0.0400327657407855,
        "annual_volatility_1_0_bps": 0.05263941562878201,
        "sharpe_ratio_1_0_bps": -0.584472554484514,
        "downside_risk_1_0_bps": 0.041005614471401004,
        "sortino_ratio_1_0_bps": -0.6185841657068933,
        "max_drawdown_1_0_bps": 0.0892579163757105,
        "calmar_ratio_1_0_bps": 0.066436277676589,
        "perc_pos_return_1_0_bps": 0.5086869966518861,
        "profit_loss_ratio_1_0_bps": 0.86932967762817,
        "annual_return_1_5_bps": -0.042286282418040506,
        "annual_volatility_1_5_bps": 0.052636886505732006,
        "sharpe_ratio_1_5_bps": -0.63142066367737,
        "downside_risk_1_5_bps": 0.0410743391860125,
        "sortino_ratio_1_5_bps": -0.6820868658950134,
        "max_drawdown_1_5_bps": 0.090036435663721,
        "calmar_ratio_1_5_bps": 0.013812318576627514,
        "perc_pos_return_1_5_bps": 0.5086869966518861,
        "profit_loss_ratio_1_5_bps": 0.8619995217042921,
        "annual_return_2_0_bps": -0.044534377817866004,
        "annual_volatility_2_0_bps": 0.052634560672653506,
        "sharpe_ratio_2_0_bps": -0.6783661399591521,
        "downside_risk_2_0_bps": 0.0411433341225515,
        "sortino_ratio_2_0_bps": -0.7452923824124761,
        "max_drawdown_2_0_bps": 0.09081422889121751,
        "calmar_ratio_2_0_bps": -0.036988989005201534,
        "perc_pos_return_2_0_bps": 0.5009275178716855,
        "profit_loss_ratio_2_0_bps": 0.883468446630669,
        "annual_return_2_5_bps": -0.046777065262339004,
        "annual_volatility_2_5_bps": 0.052632438105777,
        "sharpe_ratio_2_5_bps": -0.7253082864548795,
        "downside_risk_2_5_bps": 0.0412126119459135,
        "sortino_ratio_2_5_bps": -0.8082011306524469,
        "max_drawdown_2_5_bps": 0.0915912967838295,
        "calmar_ratio_2_5_bps": -0.08605804051633797,
        "perc_pos_return_2_5_bps": 0.4970440080837325,
        "profit_loss_ratio_2_5_bps": 0.8897319927999701,
        "annual_return_3_0_bps": -0.049014358040233005,
        "annual_volatility_3_0_bps": 0.0526305187782905,
        "sharpe_ratio_3_0_bps": -0.7722464070043815,
        "downside_risk_3_0_bps": 0.041282174576604005,
        "sortino_ratio_3_0_bps": -0.870813442571164,
        "max_drawdown_3_0_bps": 0.09238023136594001,
        "calmar_ratio_3_0_bps": -0.13341388081474503,
        "perc_pos_return_3_0_bps": 0.49509848279190405,
        "profit_loss_ratio_3_0_bps": 0.8882670208381371,
        "annual_return_rescaled": -0.09173120649517963,
        "annual_volatility_rescaled": 0.1499999999999998,
        "downside_risk_rescaled": 0.11644667892846161,
        "max_drawdown_rescaled": 0.225721562047204,
        "annual_return_rescaled_0_5_bps": -0.09794167630244388,
        "annual_volatility_rescaled_0_5_bps": 0.15000000000000058,
        "downside_risk_rescaled_0_5_bps": 0.11664747315971055,
        "max_drawdown_rescaled_0_5_bps": 0.22754766143272992,
        "annual_return_rescaled_1_0_bps": -0.10410910532525774,
        "annual_volatility_rescaled_1_0_bps": 0.1500000000000006,
        "downside_risk_rescaled_1_0_bps": 0.11684860284328508,
        "max_drawdown_rescaled_1_0_bps": 0.22936849199227596,
        "annual_return_rescaled_1_5_bps": -0.11023372154428074,
        "annual_volatility_rescaled_1_5_bps": 0.14999999999999988,
        "downside_risk_rescaled_1_5_bps": 0.11705006292936745,
        "max_drawdown_rescaled_1_5_bps": 0.23118405088187177,
        "annual_return_rescaled_2_0_bps": -0.11631575285419887,
        "annual_volatility_rescaled_2_0_bps": 0.14999999999999997,
        "downside_risk_rescaled_2_0_bps": 0.11725185960541755,
        "max_drawdown_rescaled_2_0_bps": 0.23299433542595974,
        "annual_return_rescaled_2_5_bps": -0.12235542704761893,
        "annual_volatility_rescaled_2_5_bps": 0.1500000000000013,
        "downside_risk_rescaled_2_5_bps": 0.11745402672517555,
        "max_drawdown_rescaled_2_5_bps": 0.23479934311695128,
        "annual_return_rescaled_3_0_bps": -0.12835297179909816,
        "annual_volatility_rescaled_3_0_bps": 0.15000000000000002,
        "downside_risk_rescaled_3_0_bps": 0.11765656752456234,
        "max_drawdown_rescaled_3_0_bps": 0.2369017115187844,
        "sharpe_ratio_years": -0.5836417608152191,
        "sharpe_ratio_years_0_5_bps": -0.629630992532341,
        "sharpe_ratio_years_1_0_bps": -0.6756156453550843,
        "sharpe_ratio_years_1_5_bps": -0.7215950542440229,
        "sharpe_ratio_years_2_0_bps": -0.7675685550749911,
        "sharpe_ratio_years_2_5_bps": -0.8135354846951706,
        "sharpe_ratio_years_3_0_bps": -0.8594951809789175,
        "sharpe_ratio_years_std": 1.44334498911311,
        "sharpe_ratio_years_std_0_5_bps": 1.4260608274312752,
        "sharpe_ratio_years_std_1_0_bps": 1.4087867853406992,
        "sharpe_ratio_years_std_1_5_bps": 1.391523382876393,
        "sharpe_ratio_years_std_2_0_bps": 1.374271138939143,
        "sharpe_ratio_years_std_2_5_bps": 1.3570305712428956,
        "sharpe_ratio_years_std_3_0_bps": 1.3398021962624025
    },
    "COMB": {
        "annual_return": -0.035509415098654004,
        "annual_volatility": 0.0526450838246295,
        "sharpe_ratio": -0.4905712280793954,
        "downside_risk": 0.04086896782192351,
        "sortino_ratio": -0.490685355388519,
        "max_drawdown": 0.0876986967118475,
        "calmar_ratio": 0.177546574430064,
        "perc_pos_return": 0.5106325219437151,
        "profit_loss_ratio": 0.8782169532165526,
        "annual_return_0_5_bps": -0.037773814430636,
        "annual_volatility_0_5_bps": 0.052642148062525,
        "sharpe_ratio_0_5_bps": -0.5375225099103825,
        "downside_risk_0_5_bps": 0.0409371570212855,
        "sortino_ratio_0_5_bps": -0.5547837799557125,
        "max_drawdown_0_5_bps": 0.0884786703008025,
        "calmar_ratio_0_5_bps": 0.12097973450236804,
        "perc_pos_return_0_5_bps": 0.5106325219437151,
        "profit_loss_ratio_0_5_bps": 0.870788541618664,
        "annual_return_1_0_bps": -0.0400327657407855,
        "annual_volatility_1_0_bps": 0.05263941562878201,
        "sharpe_ratio_1_0_bps": -0.584472554484514,
        "downside_risk_1_0_bps": 0.041005614471401004,
        "sortino_ratio_1_0_bps": -0.6185841657068933,
        "max_drawdown_1_0_bps": 0.0892579163757105,
        "calmar_ratio_1_0_bps": 0.066436277676589,
        "perc_pos_return_1_0_bps": 0.5086869966518861,
        "profit_loss_ratio_1_0_bps": 0.86932967762817,
        "annual_return_1_5_bps": -0.042286282418040506,
        "annual_volatility_1_5_bps": 0.052636886505732006,
        "sharpe_ratio_1_5_bps": -0.63142066367737,
        "downside_risk_1_5_bps": 0.0410743391860125,
        "sortino_ratio_1_5_bps": -0.6820868658950134,
        "max_drawdown_1_5_bps": 0.090036435663721,
        "calmar_ratio_1_5_bps": 0.013812318576627514,
        "perc_pos_return_1_5_bps": 0.5086869966518861,
        "profit_loss_ratio_1_5_bps": 0.8619995217042921,
        "annual_return_2_0_bps": -0.044534377817866004,
        "annual_volatility_2_0_bps": 0.052634560672653506,
        "sharpe_ratio_2_0_bps": -0.6783661399591521,
        "downside_risk_2_0_bps": 0.0411433341225515,
        "sortino_ratio_2_0_bps": -0.7452923824124761,
        "max_drawdown_2_0_bps": 0.09081422889121751,
        "calmar_ratio_2_0_bps": -0.036988989005201534,
        "perc_pos_return_2_0_bps": 0.5009275178716855,
        "profit_loss_ratio_2_0_bps": 0.883468446630669,
        "annual_return_2_5_bps": -0.046777065262339004,
        "annual_volatility_2_5_bps": 0.052632438105777,
        "sharpe_ratio_2_5_bps": -0.7253082864548795,
        "downside_risk_2_5_bps": 0.0412126119459135,
        "sortino_ratio_2_5_bps": -0.8082011306524469,
        "max_drawdown_2_5_bps": 0.0915912967838295,
        "calmar_ratio_2_5_bps": -0.08605804051633797,
        "perc_pos_return_2_5_bps": 0.4970440080837325,
        "profit_loss_ratio_2_5_bps": 0.8897319927999701,
        "annual_return_3_0_bps": -0.049014358040233005,
        "annual_volatility_3_0_bps": 0.0526305187782905,
        "sharpe_ratio_3_0_bps": -0.7722464070043815,
        "downside_risk_3_0_bps": 0.041282174576604005,
        "sortino_ratio_3_0_bps": -0.870813442571164,
        "max_drawdown_3_0_bps": 0.09238023136594001,
        "calmar_ratio_3_0_bps": -0.13341388081474503,
        "perc_pos_return_3_0_bps": 0.49509848279190405,
        "profit_loss_ratio_3_0_bps": 0.8882670208381371,
        "annual_return_rescaled": -0.09173120649517963,
        "annual_volatility_rescaled": 0.1499999999999998,
        "downside_risk_rescaled": 0.11644667892846161,
        "max_drawdown_rescaled": 0.225721562047204,
        "annual_return_rescaled_0_5_bps": -0.09794167630244388,
        "annual_volatility_rescaled_0_5_bps": 0.15000000000000058,
        "downside_risk_rescaled_0_5_bps": 0.11664747315971055,
        "max_drawdown_rescaled_0_5_bps": 0.22754766143272992,
        "annual_return_rescaled_1_0_bps": -0.10410910532525774,
        "annual_volatility_rescaled_1_0_bps": 0.1500000000000006,
        "downside_risk_rescaled_1_0_bps": 0.11684860284328508,
        "max_drawdown_rescaled_1_0_bps": 0.22936849199227596,
        "annual_return_rescaled_1_5_bps": -0.11023372154428074,
        "annual_volatility_rescaled_1_5_bps": 0.14999999999999988,
        "downside_risk_rescaled_1_5_bps": 0.11705006292936745,
        "max_drawdown_rescaled_1_5_bps": 0.23118405088187177,
        "annual_return_rescaled_2_0_bps": -0.11631575285419887,
        "annual_volatility_rescaled_2_0_bps": 0.14999999999999997,
        "downside_risk_rescaled_2_0_bps": 0.11725185960541755,
        "max_drawdown_rescaled_2_0_bps": 0.23299433542595974,
        "annual_return_rescaled_2_5_bps": -0.12235542704761893,
        "annual_volatility_rescaled_2_5_bps": 0.1500000000000013,
        "downside_risk_rescaled_2_5_bps": 0.11745402672517555,
        "max_drawdown_rescaled_2_5_bps": 0.23479934311695128,
        "annual_return_rescaled_3_0_bps": -0.12835297179909816,
        "annual_volatility_rescaled_3_0_bps": 0.15000000000000002,
        "downside_risk_rescaled_3_0_bps": 0.11765656752456234,
        "max_drawdown_rescaled_3_0_bps": 0.2369017115187844,
        "sharpe_ratio_years": -0.5836417608152191,
        "sharpe_ratio_years_0_5_bps": -0.629630992532341,
        "sharpe_ratio_years_1_0_bps": -0.6756156453550843,
        "sharpe_ratio_years_1_5_bps": -0.7215950542440229,
        "sharpe_ratio_years_2_0_bps": -0.7675685550749911,
        "sharpe_ratio_years_2_5_bps": -0.8135354846951706,
        "sharpe_ratio_years_3_0_bps": -0.8594951809789175,
        "sharpe_ratio_years_std": 1.44334498911311,
        "sharpe_ratio_years_std_0_5_bps": 1.4260608274312752,
        "sharpe_ratio_years_std_1_0_bps": 1.4087867853406992,
        "sharpe_ratio_years_std_1_5_bps": 1.391523382876393,
        "sharpe_ratio_years_std_2_0_bps": 1.374271138939143,
        "sharpe_ratio_years_std_2_5_bps": 1.3570305712428956,
        "sharpe_ratio_years_std_3_0_bps": 1.3398021962624025
    }
}