{
    "ALL": {
        "annual_return": [
            0.034836479162303,
            -0.105855309359611
        ],
        "annual_volatility": [
            0.043724144127431,
            0.061566023521828
        ],
        "sharpe_ratio": [
            0.8050022784006271,
            -1.786144734559418
        ],
        "downside_risk": [
            0.030364941087845,
            0.05137299455600201
        ],
        "sortino_ratio": [
            1.159166933400973,
            -2.140537644178011
        ],
        "max_drawdown": [
            0.031881682929632005,
            0.143515710494063
        ],
        "calmar_ratio": [
            1.09268005830159,
            -0.7375869094414621
        ],
        "perc_pos_return": [
            0.5348837209302321,
            0.48638132295719805
        ],
        "profit_loss_ratio": [
            0.9958101358985921,
            0.760623770534513
        ],
        "annual_return_0_5_bps": [
            0.032011209577544004,
            -0.10755883843881602
        ],
        "annual_volatility_0_5_bps": [
            0.043729054522071,
            0.061555241602979004
        ],
        "sharpe_ratio_0_5_bps": [
            0.7423899089757351,
            -1.8174349287965001
        ],
        "downside_risk_0_5_bps": [
            0.030452942708288,
            0.051421371334283004
        ],
        "sortino_ratio_0_5_bps": [
            1.066038481640704,
            -2.175606041552129
        ],
        "max_drawdown_0_5_bps": [
            0.032455752412973,
            0.144501588188632
        ],
        "calmar_ratio_0_5_bps": [
            0.9863031110857451,
            -0.744343642081009
        ],
        "perc_pos_return_0_5_bps": [
            0.5348837209302321,
            0.48638132295719805
        ],
        "profit_loss_ratio_0_5_bps": [
            0.985391720845544,
            0.756185362391784
        ],
        "annual_return_1_0_bps": [
            0.029193610243990004,
            -0.109259141725561
        ],
        "annual_volatility_1_0_bps": [
            0.043734246552525,
            0.061544584705039006
        ],
        "sharpe_ratio_1_0_bps": [
            0.6797872219672271,
            -1.848732330936255
        ],
        "downside_risk_1_0_bps": [
            0.030541339574478004,
            0.051469889368324
        ],
        "sortino_ratio_1_0_bps": [
            0.9734341185746461,
            -2.210602449988433
        ],
        "max_drawdown_1_0_bps": [
            0.033029490595793,
            0.145486342155628
        ],
        "calmar_ratio_1_0_bps": [
            0.883864986028807,
            -0.750992430675629
        ],
        "perc_pos_return_1_0_bps": [
            0.5348837209302321,
            0.48249027237354003
        ],
        "profit_loss_ratio_1_0_bps": [
            0.975082299216225,
            0.763577056040115
        ],
        "annual_return_1_5_bps": [
            0.026383660454794,
            -0.11095622529087501
        ],
        "annual_volatility_1_5_bps": [
            0.043739720118501,
            0.06153405289296301
        ],
        "sharpe_ratio_1_5_bps": [
            0.6171954246201921,
            -1.8800367519749321
        ],
        "downside_risk_1_5_bps": [
            0.030630128264442003,
            0.051518550107583
        ],
        "sortino_ratio_1_5_bps": [
            0.8813529900443081,
            -2.245526721834335
        ],
        "max_drawdown_1_5_bps": [
            0.033602897664089006,
            0.14646997366335301
        ],
        "calmar_ratio_1_5_bps": [
            0.7851602775016121,
            -0.7575356403483571
        ],
        "perc_pos_return_1_5_bps": [
            0.5348837209302321,
            0.48249027237354003
        ],
        "profit_loss_ratio_1_5_bps": [
            0.964880169540211,
            0.7591188738683731
        ],
        "annual_return_2_0_bps": [
            0.023581339558697,
            -0.112650095194429
        ],
        "annual_volatility_2_0_bps": [
            0.043745475114319005,
            0.06152364623098801
        ],
        "sharpe_ratio_2_0_bps": [
            0.5546157226647881,
            -1.9113480025830922
        ],
        "downside_risk_2_0_bps": [
            0.030719313605865002,
            0.051567354639238006
        ],
        "sortino_ratio_2_0_bps": [
            0.789793958456481,
            -2.280378723281433
        ],
        "max_drawdown_2_0_bps": [
            0.034175973803748004,
            0.14745248397868702
        ],
        "calmar_ratio_2_0_bps": [
            0.689997589947557,
            -0.7639755679579601
        ],
        "perc_pos_return_2_0_bps": [
            0.5232558139534881,
            0.478599221789883
        ],
        "profit_loss_ratio_2_0_bps": [
            1.00039018851521,
            0.7665467047461281
        ],
        "annual_return_2_5_bps": [
            0.020786626959881,
            -0.114340757484559
        ],
        "annual_volatility_2_5_bps": [
            0.043751511428922,
            0.061513364782632
        ],
        "sharpe_ratio_2_5_bps": [
            0.49204932020124703,
            -1.9426658931110061
        ],
        "downside_risk_2_5_bps": [
            0.030808911227205003,
            0.051616312664622
        ],
        "sortino_ratio_2_5_bps": [
            0.6987556716177681,
            -2.315157932922662
        ],
        "max_drawdown_2_5_bps": [
            0.034748719200563,
            0.148433874367096
        ],
        "calmar_ratio_2_5_bps": [
            0.5981983635110281,
            -0.770314444543704
        ],
        "perc_pos_return_2_5_bps": [
            0.51937984496124,
            0.47470817120622505
        ],
        "profit_loss_ratio_2_5_bps": [
            1.005400894360464,
            0.774063091239476
        ],
        "annual_return_3_0_bps": [
            0.017999502117824,
            -0.11602821819829001
        ],
        "annual_volatility_3_0_bps": [
            0.043757828945889005,
            0.06150320861069201
        ],
        "sharpe_ratio_3_0_bps": [
            0.429497419585298,
            -1.9739902335940611
        ],
        "downside_risk_3_0_bps": [
            0.030898921984391002,
            0.051665427168817
        ],
        "sortino_ratio_3_0_bps": [
            0.608237226800588,
            -2.349864111942916
        ],
        "max_drawdown_3_0_bps": [
            0.035321134040217,
            0.14943932869166301
        ],
        "calmar_ratio_3_0_bps": [
            0.509595815845825,
            -0.7764235774753151
        ],
        "perc_pos_return_3_0_bps": [
            0.51937984496124,
            0.47081712062256803
        ],
        "profit_loss_ratio_3_0_bps": [
            0.9948644213034271,
            0.781669620372847
        ],
        "annual_return_rescaled": [
            0.09695571118240776,
            -0.280418124172767
        ],
        "annual_volatility_rescaled": [
            0.12458184397545297,
            0.17541815602454666
        ],
        "downside_risk_rescaled": [
            0.08651788224612844,
            0.14637547561079478
        ],
        "max_drawdown_rescaled": [
            0.08904198234564911,
            0.36240114174875887
        ],
        "annual_return_rescaled_0_5_bps": [
            0.08844916058266938,
            -0.28433251318755715
        ],
        "annual_volatility_rescaled_0_5_bps": [
            0.12460278350571544,
            0.1753972164942857
        ],
        "downside_risk_rescaled_0_5_bps": [
            0.08677346146319391,
            0.1465214848562272
        ],
        "max_drawdown_rescaled_0_5_bps": [
            0.09058644803038579,
            0.36450887483507405
        ],
        "annual_return_rescaled_1_0_bps": [
            0.08000698087762914,
            -0.28822519152814463
        ],
        "annual_volatility_rescaled_1_0_bps": [
            0.1246240465346627,
            0.1753759534653385
        ],
        "downside_risk_rescaled_1_0_bps": [
            0.08702985930692593,
            0.14666734637964424
        ],
        "max_drawdown_rescaled_1_0_bps": [
            0.09212819272614498,
            0.36660879125840695
        ],
        "annual_return_rescaled_1_5_bps": [
            0.07162879401723998,
            -0.29209623710580146
        ],
        "annual_volatility_rescaled_1_5_bps": [
            0.12464563262230006,
            0.1753543673776997
        ],
        "downside_risk_rescaled_1_5_bps": [
            0.08728706321119475,
            0.14681306264754015
        ],
        "max_drawdown_rescaled_1_5_bps": [
            0.09366720357864272,
            0.3687008981851008
        ],
        "annual_return_rescaled_2_0_bps": [
            0.0633142224113783,
            -0.29594572811977604
        ],
        "annual_volatility_rescaled_2_0_bps": [
            0.12466754131296609,
            0.17533245868703382
        ],
        "downside_risk_rescaled_2_0_bps": [
            0.08754508410429027,
            0.14695863510654483
        ],
        "max_drawdown_rescaled_2_0_bps": [
            0.09520346785017764,
            0.37078520300174184
        ],
        "annual_return_rescaled_2_5_bps": [
            0.05506288895488365,
            -0.2997737430501215
        ],
        "annual_volatility_rescaled_2_5_bps": [
            0.124689772135371,
            0.17531022786463163
        ],
        "downside_risk_rescaled_2_5_bps": [
            0.08780396368477594,
            0.14710408976557515
        ],
        "max_drawdown_rescaled_2_5_bps": [
            0.09673697292018434,
            0.3728617133137182
        ],
        "annual_return_rescaled_3_0_bps": [
            0.04687441705236317,
            -0.3035803606505595
        ],
        "annual_volatility_rescaled_3_0_bps": [
            0.12471232460263676,
            0.1752876753973633
        ],
        "downside_risk_rescaled_3_0_bps": [
            0.08806370154136839,
            0.1472494335077563
        ],
        "max_drawdown_rescaled_3_0_bps": [
            0.09826770628578611,
            0.37553571675178266
        ],
        "sharpe_ratio_years": [
            0.859703228297891,
            -2.026986749928329
        ],
        "sharpe_ratio_years_0_5_bps": [
            0.796429834898934,
            -2.055691819963616
        ],
        "sharpe_ratio_years_1_0_bps": [
            0.733171139985615,
            -2.084402430695784
        ],
        "sharpe_ratio_years_1_5_bps": [
            0.6699283286323701,
            -2.113118437120416
        ],
        "sharpe_ratio_years_2_0_bps": [
            0.6067025838641521,
            -2.141839694014134
        ],
        "sharpe_ratio_years_2_5_bps": [
            0.543495086547725,
            -2.170566055938066
        ],
        "sharpe_ratio_years_3_0_bps": [
            0.480307015283485,
            -2.19929737724132
        ]
    },
    "COMB": {
        "annual_return": [
            0.034836479162303,
            -0.105855309359611
        ],
        "annual_volatility": [
            0.043724144127431,
            0.061566023521828
        ],
        "sharpe_ratio": [
            0.8050022784006271,
            -1.786144734559418
        ],
        "downside_risk": [
            0.030364941087845,
            0.05137299455600201
        ],
        "sortino_ratio": [
            1.159166933400973,
            -2.140537644178011
        ],
        "max_drawdown": [
            0.031881682929632005,
            0.143515710494063
        ],
        "calmar_ratio": [
            1.09268005830159,
            -0.7375869094414621
        ],
        "perc_pos_return": [
            0.5348837209302321,
            0.48638132295719805
        ],
        "profit_loss_ratio": [
            0.9958101358985921,
            0.760623770534513
        ],
        "annual_return_0_5_bps": [
            0.032011209577544004,
            -0.10755883843881602
        ],
        "annual_volatility_0_5_bps": [
            0.043729054522071,
            0.061555241602979004
        ],
        "sharpe_ratio_0_5_bps": [
            0.7423899089757351,
            -1.8174349287965001
        ],
        "downside_risk_0_5_bps": [
            0.030452942708288,
            0.051421371334283004
        ],
        "sortino_ratio_0_5_bps": [
            1.066038481640704,
            -2.175606041552129
        ],
        "max_drawdown_0_5_bps": [
            0.032455752412973,
            0.144501588188632
        ],
        "calmar_ratio_0_5_bps": [
            0.9863031110857451,
            -0.744343642081009
        ],
        "perc_pos_return_0_5_bps": [
            0.5348837209302321,
            0.48638132295719805
        ],
        "profit_loss_ratio_0_5_bps": [
            0.985391720845544,
            0.756185362391784
        ],
        "annual_return_1_0_bps": [
            0.029193610243990004,
            -0.109259141725561
        ],
        "annual_volatility_1_0_bps": [
            0.043734246552525,
            0.061544584705039006
        ],
        "sharpe_ratio_1_0_bps": [
            0.6797872219672271,
            -1.848732330936255
        ],
        "downside_risk_1_0_bps": [
            0.030541339574478004,
            0.051469889368324
        ],
        "sortino_ratio_1_0_bps": [
            0.9734341185746461,
            -2.210602449988433
        ],
        "max_drawdown_1_0_bps": [
            0.033029490595793,
            0.145486342155628
        ],
        "calmar_ratio_1_0_bps": [
            0.883864986028807,
            -0.750992430675629
        ],
        "perc_pos_return_1_0_bps": [
            0.5348837209302321,
            0.48249027237354003
        ],
        "profit_loss_ratio_1_0_bps": [
            0.975082299216225,
            0.763577056040115
        ],
        "annual_return_1_5_bps": [
            0.026383660454794,
            -0.11095622529087501
        ],
        "annual_volatility_1_5_bps": [
            0.043739720118501,
            0.06153405289296301
        ],
        "sharpe_ratio_1_5_bps": [
            0.6171954246201921,
            -1.8800367519749321
        ],
        "downside_risk_1_5_bps": [
            0.030630128264442003,
            0.051518550107583
        ],
        "sortino_ratio_1_5_bps": [
            0.8813529900443081,
            -2.245526721834335
        ],
        "max_drawdown_1_5_bps": [
            0.033602897664089006,
            0.14646997366335301
        ],
        "calmar_ratio_1_5_bps": [
            0.7851602775016121,
            -0.7575356403483571
        ],
        "perc_pos_return_1_5_bps": [
            0.5348837209302321,
            0.48249027237354003
        ],
        "profit_loss_ratio_1_5_bps": [
            0.964880169540211,
            0.7591188738683731
        ],
        "annual_return_2_0_bps": [
            0.023581339558697,
            -0.112650095194429
        ],
        "annual_volatility_2_0_bps": [
            0.043745475114319005,
            0.06152364623098801
        ],
        "sharpe_ratio_2_0_bps": [
            0.5546157226647881,
            -1.9113480025830922
        ],
        "downside_risk_2_0_bps": [
            0.030719313605865002,
            0.051567354639238006
        ],
        "sortino_ratio_2_0_bps": [
            0.789793958456481,
            -2.280378723281433
        ],
        "max_drawdown_2_0_bps": [
            0.034175973803748004,
            0.14745248397868702
        ],
        "calmar_ratio_2_0_bps": [
            0.689997589947557,
            -0.7639755679579601
        ],
        "perc_pos_return_2_0_bps": [
            0.5232558139534881,
            0.478599221789883
        ],
        "profit_loss_ratio_2_0_bps": [
            1.00039018851521,
            0.7665467047461281
        ],
        "annual_return_2_5_bps": [
            0.020786626959881,
            -0.114340757484559
        ],
        "annual_volatility_2_5_bps": [
            0.043751511428922,
            0.061513364782632
        ],
        "sharpe_ratio_2_5_bps": [
            0.49204932020124703,
            -1.9426658931110061
        ],
        "downside_risk_2_5_bps": [
            0.030808911227205003,
            0.051616312664622
        ],
        "sortino_ratio_2_5_bps": [
            0.6987556716177681,
            -2.315157932922662
        ],
        "max_drawdown_2_5_bps": [
            0.034748719200563,
            0.148433874367096
        ],
        "calmar_ratio_2_5_bps": [
            0.5981983635110281,
            -0.770314444543704
        ],
        "perc_pos_return_2_5_bps": [
            0.51937984496124,
            0.47470817120622505
        ],
        "profit_loss_ratio_2_5_bps": [
            1.005400894360464,
            0.774063091239476
        ],
        "annual_return_3_0_bps": [
            0.017999502117824,
            -0.11602821819829001
        ],
        "annual_volatility_3_0_bps": [
            0.043757828945889005,
            0.06150320861069201
        ],
        "sharpe_ratio_3_0_bps": [
            0.429497419585298,
            -1.9739902335940611
        ],
        "downside_risk_3_0_bps": [
            0.030898921984391002,
            0.051665427168817
        ],
        "sortino_ratio_3_0_bps": [
            0.608237226800588,
            -2.349864111942916
        ],
        "max_drawdown_3_0_bps": [
            0.035321134040217,
            0.14943932869166301
        ],
        "calmar_ratio_3_0_bps": [
            0.509595815845825,
            -0.7764235774753151
        ],
        "perc_pos_return_3_0_bps": [
            0.51937984496124,
            0.47081712062256803
        ],
        "profit_loss_ratio_3_0_bps": [
            0.9948644213034271,
            0.781669620372847
        ],
        "annual_return_rescaled": [
            0.09695571118240776,
            -0.280418124172767
        ],
        "annual_volatility_rescaled": [
            0.12458184397545297,
            0.17541815602454666
        ],
        "downside_risk_rescaled": [
            0.08651788224612844,
            0.14637547561079478
        ],
        "max_drawdown_rescaled": [
            0.08904198234564911,
            0.36240114174875887
        ],
        "annual_return_rescaled_0_5_bps": [
            0.08844916058266938,
            -0.28433251318755715
        ],
        "annual_volatility_rescaled_0_5_bps": [
            0.12460278350571544,
            0.1753972164942857
        ],
        "downside_risk_rescaled_0_5_bps": [
            0.08677346146319391,
            0.1465214848562272
        ],
        "max_drawdown_rescaled_0_5_bps": [
            0.09058644803038579,
            0.36450887483507405
        ],
        "annual_return_rescaled_1_0_bps": [
            0.08000698087762914,
            -0.28822519152814463
        ],
        "annual_volatility_rescaled_1_0_bps": [
            0.1246240465346627,
            0.1753759534653385
        ],
        "downside_risk_rescaled_1_0_bps": [
            0.08702985930692593,
            0.14666734637964424
        ],
        "max_drawdown_rescaled_1_0_bps": [
            0.09212819272614498,
            0.36660879125840695
        ],
        "annual_return_rescaled_1_5_bps": [
            0.07162879401723998,
            -0.29209623710580146
        ],
        "annual_volatility_rescaled_1_5_bps": [
            0.12464563262230006,
            0.1753543673776997
        ],
        "downside_risk_rescaled_1_5_bps": [
            0.08728706321119475,
            0.14681306264754015
        ],
        "max_drawdown_rescaled_1_5_bps": [
            0.09366720357864272,
            0.3687008981851008
        ],
        "annual_return_rescaled_2_0_bps": [
            0.0633142224113783,
            -0.29594572811977604
        ],
        "annual_volatility_rescaled_2_0_bps": [
            0.12466754131296609,
            0.17533245868703382
        ],
        "downside_risk_rescaled_2_0_bps": [
            0.08754508410429027,
            0.14695863510654483
        ],
        "max_drawdown_rescaled_2_0_bps": [
            0.09520346785017764,
            0.37078520300174184
        ],
        "annual_return_rescaled_2_5_bps": [
            0.05506288895488365,
            -0.2997737430501215
        ],
        "annual_volatility_rescaled_2_5_bps": [
            0.124689772135371,
            0.17531022786463163
        ],
        "downside_risk_rescaled_2_5_bps": [
            0.08780396368477594,
            0.14710408976557515
        ],
        "max_drawdown_rescaled_2_5_bps": [
            0.09673697292018434,
            0.3728617133137182
        ],
        "annual_return_rescaled_3_0_bps": [
            0.04687441705236317,
            -0.3035803606505595
        ],
        "annual_volatility_rescaled_3_0_bps": [
            0.12471232460263676,
            0.1752876753973633
        ],
        "downside_risk_rescaled_3_0_bps": [
            0.08806370154136839,
            0.1472494335077563
        ],
        "max_drawdown_rescaled_3_0_bps": [
            0.09826770628578611,
            0.37553571675178266
        ],
        "sharpe_ratio_years": [
            0.859703228297891,
            -2.026986749928329
        ],
        "sharpe_ratio_years_0_5_bps": [
            0.796429834898934,
            -2.055691819963616
        ],
        "sharpe_ratio_years_1_0_bps": [
            0.733171139985615,
            -2.084402430695784
        ],
        "sharpe_ratio_years_1_5_bps": [
            0.6699283286323701,
            -2.113118437120416
        ],
        "sharpe_ratio_years_2_0_bps": [
            0.6067025838641521,
            -2.141839694014134
        ],
        "sharpe_ratio_years_2_5_bps": [
            0.543495086547725,
            -2.170566055938066
        ],
        "sharpe_ratio_years_3_0_bps": [
            0.480307015283485,
            -2.19929737724132
        ]
    }
}