{
    "ALL": {
        "annual_return": -0.012185681753682502,
        "annual_volatility": 0.028277451442318004,
        "sharpe_ratio": -0.39410408727139756,
        "downside_risk": 0.0208768145877605,
        "sortino_ratio": -0.535121573399685,
        "max_drawdown": 0.052284243469852,
        "calmar_ratio": -0.2518493896122525,
        "perc_pos_return": 0.5019379844961235,
        "profit_loss_ratio": 0.9204516256988321,
        "annual_return_0_5_bps": -0.014201025435846,
        "annual_volatility_0_5_bps": 0.0282780191246765,
        "sharpe_ratio_0_5_bps": -0.46652368868626354,
        "downside_risk_0_5_bps": 0.020943688029102,
        "sortino_ratio_0_5_bps": -0.6311821633581496,
        "max_drawdown_0_5_bps": 0.053197933234453,
        "calmar_ratio_0_5_bps": -0.28494451017982053,
        "perc_pos_return_0_5_bps": 0.4999999999999995,
        "profit_loss_ratio_0_5_bps": 0.919609268434338,
        "annual_return_1_0_bps": -0.016212249705852,
        "annual_volatility_1_0_bps": 0.028278695318256504,
        "sharpe_ratio_1_0_bps": -0.5389376306577875,
        "downside_risk_1_0_bps": 0.021010813074045502,
        "sortino_ratio_1_0_bps": -0.7266193045062019,
        "max_drawdown_1_0_bps": 0.054110719548202,
        "calmar_ratio_1_0_bps": -0.3168043321586345,
        "perc_pos_return_1_0_bps": 0.49418604651162756,
        "profit_loss_ratio_1_0_bps": 0.9294854895939341,
        "annual_return_1_5_bps": -0.0182193629985255,
        "annual_volatility_1_5_bps": 0.028279480014670004,
        "sharpe_ratio_1_5_bps": -0.6113450761577905,
        "downside_risk_1_5_bps": 0.021078192691113003,
        "sortino_ratio_1_5_bps": -0.8214354895180975,
        "max_drawdown_1_5_bps": 0.05502260332431401,
        "calmar_ratio_1_5_bps": -0.3474992846646735,
        "perc_pos_return_1_5_bps": 0.4883720930232555,
        "profit_loss_ratio_1_5_bps": 0.9393770756268511,
        "annual_return_2_0_bps": -0.020222373731391,
        "annual_volatility_2_0_bps": 0.028280373204282002,
        "sharpe_ratio_2_0_bps": -0.6837451885555156,
        "downside_risk_2_0_bps": 0.0211458296358085,
        "sortino_ratio_2_0_bps": -0.9156331458222996,
        "max_drawdown_2_0_bps": 0.055933585475064,
        "calmar_ratio_2_0_bps": -0.377094258001203,
        "perc_pos_return_2_0_bps": 0.4883720930232555,
        "profit_loss_ratio_2_0_bps": 0.9275792876219335,
        "annual_return_2_5_bps": -0.022221290304722002,
        "annual_volatility_2_5_bps": 0.028281374876208,
        "sharpe_ratio_2_5_bps": -0.7561371316659015,
        "downside_risk_2_5_bps": 0.0212137217194065,
        "sortino_ratio_2_5_bps": -1.0092149044644625,
        "max_drawdown_2_5_bps": 0.056843666911795,
        "calmar_ratio_2_5_bps": -0.40564915766236154,
        "perc_pos_return_2_5_bps": 0.48643410852713154,
        "profit_loss_ratio_2_5_bps": 0.9230647423732121,
        "annual_return_3_0_bps": -0.024216121101557502,
        "annual_volatility_3_0_bps": 0.028282485018318503,
        "sharpe_ratio_3_0_bps": -0.828520069797805,
        "downside_risk_3_0_bps": 0.021281867323511002,
        "sortino_ratio_3_0_bps": -1.10218342067063,
        "max_drawdown_3_0_bps": 0.0577528485449095,
        "calmar_ratio_3_0_bps": -0.433219391594705,
        "perc_pos_return_3_0_bps": 0.482558139534883,
        "profit_loss_ratio_3_0_bps": 0.9257789978711526,
        "annual_return_rescaled": -0.07069672520170822,
        "annual_volatility_rescaled": 0.15000000000000085,
        "downside_risk_rescaled": 0.11074273063652934,
        "max_drawdown_rescaled": 0.25148451788827797,
        "annual_return_rescaled_0_5_bps": -0.0806799399638451,
        "annual_volatility_rescaled_0_5_bps": 0.15000000000000246,
        "downside_risk_rescaled_0_5_bps": 0.11109523586197606,
        "max_drawdown_rescaled_0_5_bps": 0.2553247299705646,
        "annual_return_rescaled_1_0_bps": -0.09055494518046059,
        "annual_volatility_rescaled_1_0_bps": 0.15000000000000224,
        "downside_risk_rescaled_1_0_bps": 0.11144863387923798,
        "max_drawdown_rescaled_1_0_bps": 0.25914372084361376,
        "annual_return_rescaled_1_5_bps": -0.10032281258307219,
        "annual_volatility_rescaled_1_5_bps": 0.15000000000000327,
        "downside_risk_rescaled_1_5_bps": 0.11180293633499666,
        "max_drawdown_rescaled_1_5_bps": 0.2629415710382522,
        "annual_return_rescaled_2_0_bps": -0.10998460570125923,
        "annual_volatility_rescaled_2_0_bps": 0.1500000000000016,
        "downside_risk_rescaled_2_0_bps": 0.1121581537294237,
        "max_drawdown_rescaled_2_0_bps": 0.266718361285906,
        "annual_return_rescaled_2_5_bps": -0.11954137988098312,
        "annual_volatility_rescaled_2_5_bps": 0.15000000000000244,
        "downside_risk_rescaled_2_5_bps": 0.11251427032240877,
        "max_drawdown_rescaled_2_5_bps": 0.2704741725118678,
        "annual_return_rescaled_3_0_bps": -0.1289941823036509,
        "annual_volatility_rescaled_3_0_bps": 0.1500000000000002,
        "downside_risk_rescaled_3_0_bps": 0.11287127338559894,
        "max_drawdown_rescaled_3_0_bps": 0.2742090858285462,
        "sharpe_ratio_years": -0.23877842016164402,
        "sharpe_ratio_years_0_5_bps": -0.310945476368576,
        "sharpe_ratio_years_1_0_bps": -0.38310843087574253,
        "sharpe_ratio_years_1_5_bps": -0.4552647152762305,
        "sharpe_ratio_years_2_0_bps": -0.527411763626874,
        "sharpe_ratio_years_2_5_bps": -0.5995470130217886,
        "sharpe_ratio_years_3_0_bps": -0.6716679041638005,
        "sharpe_ratio_years_std": 0.31866392977754704,
        "sharpe_ratio_years_std_0_5_bps": 0.317079241921164,
        "sharpe_ratio_years_std_1_0_bps": 0.3155046284092655,
        "sharpe_ratio_years_std_1_5_bps": 0.3139414596159355,
        "sharpe_ratio_years_std_2_0_bps": 0.31239110276359106,
        "sharpe_ratio_years_std_2_5_bps": 0.3108549214509665,
        "sharpe_ratio_years_std_3_0_bps": 0.30933427518333456
    },
    "COMB": {
        "annual_return": -0.012185681753682502,
        "annual_volatility": 0.028277451442318004,
        "sharpe_ratio": -0.39410408727139756,
        "downside_risk": 0.0208768145877605,
        "sortino_ratio": -0.535121573399685,
        "max_drawdown": 0.052284243469852,
        "calmar_ratio": -0.2518493896122525,
        "perc_pos_return": 0.5019379844961235,
        "profit_loss_ratio": 0.9204516256988321,
        "annual_return_0_5_bps": -0.014201025435846,
        "annual_volatility_0_5_bps": 0.0282780191246765,
        "sharpe_ratio_0_5_bps": -0.46652368868626354,
        "downside_risk_0_5_bps": 0.020943688029102,
        "sortino_ratio_0_5_bps": -0.6311821633581496,
        "max_drawdown_0_5_bps": 0.053197933234453,
        "calmar_ratio_0_5_bps": -0.28494451017982053,
        "perc_pos_return_0_5_bps": 0.4999999999999995,
        "profit_loss_ratio_0_5_bps": 0.919609268434338,
        "annual_return_1_0_bps": -0.016212249705852,
        "annual_volatility_1_0_bps": 0.028278695318256504,
        "sharpe_ratio_1_0_bps": -0.5389376306577875,
        "downside_risk_1_0_bps": 0.021010813074045502,
        "sortino_ratio_1_0_bps": -0.7266193045062019,
        "max_drawdown_1_0_bps": 0.054110719548202,
        "calmar_ratio_1_0_bps": -0.3168043321586345,
        "perc_pos_return_1_0_bps": 0.49418604651162756,
        "profit_loss_ratio_1_0_bps": 0.9294854895939341,
        "annual_return_1_5_bps": -0.0182193629985255,
        "annual_volatility_1_5_bps": 0.028279480014670004,
        "sharpe_ratio_1_5_bps": -0.6113450761577905,
        "downside_risk_1_5_bps": 0.021078192691113003,
        "sortino_ratio_1_5_bps": -0.8214354895180975,
        "max_drawdown_1_5_bps": 0.05502260332431401,
        "calmar_ratio_1_5_bps": -0.3474992846646735,
        "perc_pos_return_1_5_bps": 0.4883720930232555,
        "profit_loss_ratio_1_5_bps": 0.9393770756268511,
        "annual_return_2_0_bps": -0.020222373731391,
        "annual_volatility_2_0_bps": 0.028280373204282002,
        "sharpe_ratio_2_0_bps": -0.6837451885555156,
        "downside_risk_2_0_bps": 0.0211458296358085,
        "sortino_ratio_2_0_bps": -0.9156331458222996,
        "max_drawdown_2_0_bps": 0.055933585475064,
        "calmar_ratio_2_0_bps": -0.377094258001203,
        "perc_pos_return_2_0_bps": 0.4883720930232555,
        "profit_loss_ratio_2_0_bps": 0.9275792876219335,
        "annual_return_2_5_bps": -0.022221290304722002,
        "annual_volatility_2_5_bps": 0.028281374876208,
        "sharpe_ratio_2_5_bps": -0.7561371316659015,
        "downside_risk_2_5_bps": 0.0212137217194065,
        "sortino_ratio_2_5_bps": -1.0092149044644625,
        "max_drawdown_2_5_bps": 0.056843666911795,
        "calmar_ratio_2_5_bps": -0.40564915766236154,
        "perc_pos_return_2_5_bps": 0.48643410852713154,
        "profit_loss_ratio_2_5_bps": 0.9230647423732121,
        "annual_return_3_0_bps": -0.024216121101557502,
        "annual_volatility_3_0_bps": 0.028282485018318503,
        "sharpe_ratio_3_0_bps": -0.828520069797805,
        "downside_risk_3_0_bps": 0.021281867323511002,
        "sortino_ratio_3_0_bps": -1.10218342067063,
        "max_drawdown_3_0_bps": 0.0577528485449095,
        "calmar_ratio_3_0_bps": -0.433219391594705,
        "perc_pos_return_3_0_bps": 0.482558139534883,
        "profit_loss_ratio_3_0_bps": 0.9257789978711526,
        "annual_return_rescaled": -0.07069672520170822,
        "annual_volatility_rescaled": 0.15000000000000085,
        "downside_risk_rescaled": 0.11074273063652934,
        "max_drawdown_rescaled": 0.25148451788827797,
        "annual_return_rescaled_0_5_bps": -0.0806799399638451,
        "annual_volatility_rescaled_0_5_bps": 0.15000000000000246,
        "downside_risk_rescaled_0_5_bps": 0.11109523586197606,
        "max_drawdown_rescaled_0_5_bps": 0.2553247299705646,
        "annual_return_rescaled_1_0_bps": -0.09055494518046059,
        "annual_volatility_rescaled_1_0_bps": 0.15000000000000224,
        "downside_risk_rescaled_1_0_bps": 0.11144863387923798,
        "max_drawdown_rescaled_1_0_bps": 0.25914372084361376,
        "annual_return_rescaled_1_5_bps": -0.10032281258307219,
        "annual_volatility_rescaled_1_5_bps": 0.15000000000000327,
        "downside_risk_rescaled_1_5_bps": 0.11180293633499666,
        "max_drawdown_rescaled_1_5_bps": 0.2629415710382522,
        "annual_return_rescaled_2_0_bps": -0.10998460570125923,
        "annual_volatility_rescaled_2_0_bps": 0.1500000000000016,
        "downside_risk_rescaled_2_0_bps": 0.1121581537294237,
        "max_drawdown_rescaled_2_0_bps": 0.266718361285906,
        "annual_return_rescaled_2_5_bps": -0.11954137988098312,
        "annual_volatility_rescaled_2_5_bps": 0.15000000000000244,
        "downside_risk_rescaled_2_5_bps": 0.11251427032240877,
        "max_drawdown_rescaled_2_5_bps": 0.2704741725118678,
        "annual_return_rescaled_3_0_bps": -0.1289941823036509,
        "annual_volatility_rescaled_3_0_bps": 0.1500000000000002,
        "downside_risk_rescaled_3_0_bps": 0.11287127338559894,
        "max_drawdown_rescaled_3_0_bps": 0.2742090858285462,
        "sharpe_ratio_years": -0.23877842016164402,
        "sharpe_ratio_years_0_5_bps": -0.310945476368576,
        "sharpe_ratio_years_1_0_bps": -0.38310843087574253,
        "sharpe_ratio_years_1_5_bps": -0.4552647152762305,
        "sharpe_ratio_years_2_0_bps": -0.527411763626874,
        "sharpe_ratio_years_2_5_bps": -0.5995470130217886,
        "sharpe_ratio_years_3_0_bps": -0.6716679041638005,
        "sharpe_ratio_years_std": 0.31866392977754704,
        "sharpe_ratio_years_std_0_5_bps": 0.317079241921164,
        "sharpe_ratio_years_std_1_0_bps": 0.3155046284092655,
        "sharpe_ratio_years_std_1_5_bps": 0.3139414596159355,
        "sharpe_ratio_years_std_2_0_bps": 0.31239110276359106,
        "sharpe_ratio_years_std_2_5_bps": 0.3108549214509665,
        "sharpe_ratio_years_std_3_0_bps": 0.30933427518333456
    }
}