{
    "ALL": {
        "annual_return": [
            -0.020684338819665003,
            -0.0036870246877000004
        ],
        "annual_volatility": [
            0.031148484771659,
            0.025406418112977003
        ],
        "sharpe_ratio": [
            -0.6554779252295501,
            -0.132730249313245
        ],
        "downside_risk": [
            0.02290670456264,
            0.018846924612881
        ],
        "sortino_ratio": [
            -0.891317392090976,
            -0.178925754708394
        ],
        "max_drawdown": [
            0.047053330989473,
            0.057515155950231
        ],
        "calmar_ratio": [
            -0.43959350772196504,
            -0.06410527150254
        ],
        "perc_pos_return": [
            0.49224806201550303,
            0.511627906976744
        ],
        "profit_loss_ratio": [
            0.9144757468778041,
            0.9264275045198601
        ],
        "annual_return_0_5_bps": [
            -0.022845983564227002,
            -0.005556067307465
        ],
        "annual_volatility_0_5_bps": [
            0.031147968089415,
            0.025408070159938
        ],
        "sharpe_ratio_0_5_bps": [
            -0.7264263158153821,
            -0.20662106155714502
        ],
        "downside_risk_0_5_bps": [
            0.022977254945106003,
            0.018910121113098
        ],
        "sortino_ratio_0_5_bps": [
            -0.9847435543708231,
            -0.277620772345476
        ],
        "max_drawdown_0_5_bps": [
            0.048147095580880005,
            0.058248770888026005
        ],
        "calmar_ratio_0_5_bps": [
            -0.47450387793068804,
            -0.095385142428953
        ],
        "perc_pos_return_0_5_bps": [
            0.488372093023255,
            0.511627906976744
        ],
        "profit_loss_ratio_0_5_bps": [
            0.916718575367204,
            0.9224999615014721
        ],
        "annual_return_1_0_bps": [
            -0.025002879268130003,
            -0.007421620143574
        ],
        "annual_volatility_1_0_bps": [
            0.031147566012466002,
            0.025409824624047003
        ],
        "sharpe_ratio_1_0_bps": [
            -0.7973741263296771,
            -0.280501134985898
        ],
        "downside_risk_1_0_bps": [
            0.023048083661672002,
            0.018973542486419002
        ],
        "sortino_ratio_1_0_bps": [
            -1.077584739844872,
            -0.375653869167532
        ],
        "max_drawdown_1_0_bps": [
            0.049239617282975004,
            0.058981821813429
        ],
        "calmar_ratio_1_0_bps": [
            -0.507779723884557,
            -0.125828940432712
        ],
        "perc_pos_return_1_0_bps": [
            0.48449612403100706,
            0.5038759689922481
        ],
        "profit_loss_ratio_1_0_bps": [
            0.918966757779718,
            0.9400042214081501
        ],
        "annual_return_1_5_bps": [
            -0.027155036315762004,
            -0.009283689681289
        ],
        "annual_volatility_1_5_bps": [
            0.031147278545251,
            0.025411681484089003
        ],
        "sharpe_ratio_1_5_bps": [
            -0.8683205734764561,
            -0.354369578839125
        ],
        "downside_risk_1_5_bps": [
            0.023119191950728,
            0.019037193431498
        ],
        "sortino_ratio_1_5_bps": [
            -1.169842909141632,
            -0.47302806989456303
        ],
        "max_drawdown_1_5_bps": [
            0.050330897493941006,
            0.059714309154687006
        ],
        "calmar_ratio_1_5_bps": [
            -0.539530142871617,
            -0.15546842645773
        ],
        "perc_pos_return_1_5_bps": [
            0.47674418604651103,
            0.5
        ],
        "profit_loss_ratio_1_5_bps": [
            0.9356554168477621,
            0.94309873440594
        ],
        "annual_return_2_0_bps": [
            -0.029302465068910002,
            -0.011142282393872001
        ],
        "annual_volatility_2_0_bps": [
            0.031147105690943002,
            0.025413640717621002
        ],
        "sharpe_ratio_2_0_bps": [
            -0.9392648739528731,
            -0.42822550315815805
        ],
        "downside_risk_2_0_bps": [
            0.023190583196943,
            0.019101076074674
        ],
        "sortino_ratio_2_0_bps": [
            -1.2615199045385221,
            -0.5697463871060771
        ],
        "max_drawdown_2_0_bps": [
            0.051420937610407,
            0.060446233339721
        ],
        "calmar_ratio_2_0_bps": [
            -0.569854740707419,
            -0.184333775294987
        ],
        "perc_pos_return_2_0_bps": [
            0.47674418604651103,
            0.5
        ],
        "profit_loss_ratio_2_0_bps": [
            0.9235135965748411,
            0.9316449786690261
        ],
        "annual_return_2_5_bps": [
            -0.031445175866818005,
            -0.012997404742626001
        ],
        "annual_volatility_2_5_bps": [
            0.031147047451451002,
            0.025415702300965
        ],
        "sharpe_ratio_2_5_bps": [
            -1.010206244492441,
            -0.502068018839362
        ],
        "downside_risk_2_5_bps": [
            0.023262255103887002,
            0.019165188334926
        ],
        "sortino_ratio_2_5_bps": [
            -1.3526178649678942,
            -0.665811943961031
        ],
        "max_drawdown_2_5_bps": [
            0.052509739027448,
            0.061177594796142
        ],
        "calmar_ratio_2_5_bps": [
            -0.5988446419507211,
            -0.212453673374002
        ],
        "perc_pos_return_2_5_bps": [
            0.472868217054263,
            0.5
        ],
        "profit_loss_ratio_2_5_bps": [
            0.925802285874292,
            0.9203271988721321
        ],
        "annual_return_3_0_bps": [
            -0.033583179026217005,
            -0.014849063176898
        ],
        "annual_volatility_3_0_bps": [
            0.031147103827417002,
            0.025417866209220003
        ],
        "sharpe_ratio_3_0_bps": [
            -1.081143901908275,
            -0.575896237687335
        ],
        "downside_risk_3_0_bps": [
            0.023334205596935,
            0.019229529050087003
        ],
        "sortino_ratio_3_0_bps": [
            -1.443138967179501,
            -0.7612278741617591
        ],
        "max_drawdown_3_0_bps": [
            0.053597303138585004,
            0.06190839395123401
        ],
        "calmar_ratio_3_0_bps": [
            -0.6265833737824951,
            -0.23985540940691502
        ],
        "perc_pos_return_3_0_bps": [
            0.472868217054263,
            0.49224806201550303
        ],
        "profit_loss_ratio_3_0_bps": [
            0.913775661157017,
            0.937782334585288
        ],
        "annual_return_rescaled": [
            -0.11479896664019684,
            -0.0265944837632196
        ],
        "annual_volatility_rescaled": [
            0.1652296256358066,
            0.13477037436419514
        ],
        "downside_risk_rescaled": [
            0.12151044415742687,
            0.09997501711563182
        ],
        "max_drawdown_rescaled": [
            0.2306957174039619,
            0.2722733183725941
        ],
        "annual_return_rescaled_0_5_bps": [
            -0.12511646429116485,
            -0.036243415636525333
        ],
        "annual_volatility_rescaled_0_5_bps": [
            0.16522356791728457,
            0.13477643208272033
        ],
        "downside_risk_rescaled_0_5_bps": [
            0.12188223745694997,
            0.10030823426700214
        ],
        "max_drawdown_rescaled_0_5_bps": [
            0.23537292219701886,
            0.27527653774411037
        ],
        "annual_return_rescaled_1_0_bps": [
            -0.1353133294439104,
            -0.04579656091701079
        ],
        "annual_volatility_rescaled_1_0_bps": [
            0.16521748437431116,
            0.1347825156256933
        ],
        "downside_risk_rescaled_1_0_bps": [
            0.12225502309574149,
            0.10064224466273446
        ],
        "max_drawdown_rescaled_1_0_bps": [
            0.2400209618780719,
            0.2782664798091556
        ],
        "annual_return_rescaled_1_5_bps": [
            -0.14539086160634318,
            -0.05525476355980119
        ],
        "annual_volatility_rescaled_1_5_bps": [
            0.16521137515131337,
            0.13478862484869317
        ],
        "downside_risk_rescaled_1_5_bps": [
            0.12262880331640698,
            0.10097706935358633
        ],
        "max_drawdown_rescaled_1_5_bps": [
            0.2446399696081931,
            0.2812431724683114
        ],
        "annual_return_rescaled_2_0_bps": [
            -0.1553503490470154,
            -0.06461886235550307
        ],
        "annual_volatility_rescaled_2_0_bps": [
            0.16520524039386242,
            0.1347947596061408
        ],
        "downside_risk_rescaled_2_0_bps": [
            0.12300359172823266,
            0.10131271573061473
        ],
        "max_drawdown_rescaled_2_0_bps": [
            0.2492300786549339,
            0.28420664391687805
        ],
        "annual_return_rescaled_2_5_bps": [
            -0.16519306883896245,
            -0.07388969092300379
        ],
        "annual_volatility_rescaled_2_5_bps": [
            0.16519908024868,
            0.13480091975132488
        ],
        "downside_risk_rescaled_2_5_bps": [
            0.1233793717899664,
            0.10164916885485112
        ],
        "max_drawdown_rescaled_2_5_bps": [
            0.2537914223823164,
            0.28715692264141923
        ],
        "annual_return_rescaled_3_0_bps": [
            -0.17492028690431838,
            -0.08306807770298341
        ],
        "annual_volatility_rescaled_3_0_bps": [
            0.16519289486360458,
            0.13480710513639582
        ],
        "downside_risk_rescaled_3_0_bps": [
            0.12375612812216902,
            0.10198641864902885
        ],
        "max_drawdown_rescaled_3_0_bps": [
            0.25832413424085104,
            0.2900940374162414
        ],
        "sharpe_ratio_years": [
            -0.5574423499391911,
            0.079885509615903
        ],
        "sharpe_ratio_years_0_5_bps": [
            -0.62802471828974,
            0.006133765552588001
        ],
        "sharpe_ratio_years_1_0_bps": [
            -0.698613059285008,
            -0.067603802466477
        ],
        "sharpe_ratio_years_1_5_bps": [
            -0.769206174892166,
            -0.14132325566029502
        ],
        "sharpe_ratio_years_2_0_bps": [
            -0.8398028663904651,
            -0.215020660863283
        ],
        "sharpe_ratio_years_2_5_bps": [
            -0.9104019344727551,
            -0.28869209157082204
        ],
        "sharpe_ratio_years_3_0_bps": [
            -0.9810021793471351,
            -0.362333628980466
        ]
    },
    "COMB": {
        "annual_return": [
            -0.020684338819665003,
            -0.0036870246877000004
        ],
        "annual_volatility": [
            0.031148484771659,
            0.025406418112977003
        ],
        "sharpe_ratio": [
            -0.6554779252295501,
            -0.132730249313245
        ],
        "downside_risk": [
            0.02290670456264,
            0.018846924612881
        ],
        "sortino_ratio": [
            -0.891317392090976,
            -0.178925754708394
        ],
        "max_drawdown": [
            0.047053330989473,
            0.057515155950231
        ],
        "calmar_ratio": [
            -0.43959350772196504,
            -0.06410527150254
        ],
        "perc_pos_return": [
            0.49224806201550303,
            0.511627906976744
        ],
        "profit_loss_ratio": [
            0.9144757468778041,
            0.9264275045198601
        ],
        "annual_return_0_5_bps": [
            -0.022845983564227002,
            -0.005556067307465
        ],
        "annual_volatility_0_5_bps": [
            0.031147968089415,
            0.025408070159938
        ],
        "sharpe_ratio_0_5_bps": [
            -0.7264263158153821,
            -0.20662106155714502
        ],
        "downside_risk_0_5_bps": [
            0.022977254945106003,
            0.018910121113098
        ],
        "sortino_ratio_0_5_bps": [
            -0.9847435543708231,
            -0.277620772345476
        ],
        "max_drawdown_0_5_bps": [
            0.048147095580880005,
            0.058248770888026005
        ],
        "calmar_ratio_0_5_bps": [
            -0.47450387793068804,
            -0.095385142428953
        ],
        "perc_pos_return_0_5_bps": [
            0.488372093023255,
            0.511627906976744
        ],
        "profit_loss_ratio_0_5_bps": [
            0.916718575367204,
            0.9224999615014721
        ],
        "annual_return_1_0_bps": [
            -0.025002879268130003,
            -0.007421620143574
        ],
        "annual_volatility_1_0_bps": [
            0.031147566012466002,
            0.025409824624047003
        ],
        "sharpe_ratio_1_0_bps": [
            -0.7973741263296771,
            -0.280501134985898
        ],
        "downside_risk_1_0_bps": [
            0.023048083661672002,
            0.018973542486419002
        ],
        "sortino_ratio_1_0_bps": [
            -1.077584739844872,
            -0.375653869167532
        ],
        "max_drawdown_1_0_bps": [
            0.049239617282975004,
            0.058981821813429
        ],
        "calmar_ratio_1_0_bps": [
            -0.507779723884557,
            -0.125828940432712
        ],
        "perc_pos_return_1_0_bps": [
            0.48449612403100706,
            0.5038759689922481
        ],
        "profit_loss_ratio_1_0_bps": [
            0.918966757779718,
            0.9400042214081501
        ],
        "annual_return_1_5_bps": [
            -0.027155036315762004,
            -0.009283689681289
        ],
        "annual_volatility_1_5_bps": [
            0.031147278545251,
            0.025411681484089003
        ],
        "sharpe_ratio_1_5_bps": [
            -0.8683205734764561,
            -0.354369578839125
        ],
        "downside_risk_1_5_bps": [
            0.023119191950728,
            0.019037193431498
        ],
        "sortino_ratio_1_5_bps": [
            -1.169842909141632,
            -0.47302806989456303
        ],
        "max_drawdown_1_5_bps": [
            0.050330897493941006,
            0.059714309154687006
        ],
        "calmar_ratio_1_5_bps": [
            -0.539530142871617,
            -0.15546842645773
        ],
        "perc_pos_return_1_5_bps": [
            0.47674418604651103,
            0.5
        ],
        "profit_loss_ratio_1_5_bps": [
            0.9356554168477621,
            0.94309873440594
        ],
        "annual_return_2_0_bps": [
            -0.029302465068910002,
            -0.011142282393872001
        ],
        "annual_volatility_2_0_bps": [
            0.031147105690943002,
            0.025413640717621002
        ],
        "sharpe_ratio_2_0_bps": [
            -0.9392648739528731,
            -0.42822550315815805
        ],
        "downside_risk_2_0_bps": [
            0.023190583196943,
            0.019101076074674
        ],
        "sortino_ratio_2_0_bps": [
            -1.2615199045385221,
            -0.5697463871060771
        ],
        "max_drawdown_2_0_bps": [
            0.051420937610407,
            0.060446233339721
        ],
        "calmar_ratio_2_0_bps": [
            -0.569854740707419,
            -0.184333775294987
        ],
        "perc_pos_return_2_0_bps": [
            0.47674418604651103,
            0.5
        ],
        "profit_loss_ratio_2_0_bps": [
            0.9235135965748411,
            0.9316449786690261
        ],
        "annual_return_2_5_bps": [
            -0.031445175866818005,
            -0.012997404742626001
        ],
        "annual_volatility_2_5_bps": [
            0.031147047451451002,
            0.025415702300965
        ],
        "sharpe_ratio_2_5_bps": [
            -1.010206244492441,
            -0.502068018839362
        ],
        "downside_risk_2_5_bps": [
            0.023262255103887002,
            0.019165188334926
        ],
        "sortino_ratio_2_5_bps": [
            -1.3526178649678942,
            -0.665811943961031
        ],
        "max_drawdown_2_5_bps": [
            0.052509739027448,
            0.061177594796142
        ],
        "calmar_ratio_2_5_bps": [
            -0.5988446419507211,
            -0.212453673374002
        ],
        "perc_pos_return_2_5_bps": [
            0.472868217054263,
            0.5
        ],
        "profit_loss_ratio_2_5_bps": [
            0.925802285874292,
            0.9203271988721321
        ],
        "annual_return_3_0_bps": [
            -0.033583179026217005,
            -0.014849063176898
        ],
        "annual_volatility_3_0_bps": [
            0.031147103827417002,
            0.025417866209220003
        ],
        "sharpe_ratio_3_0_bps": [
            -1.081143901908275,
            -0.575896237687335
        ],
        "downside_risk_3_0_bps": [
            0.023334205596935,
            0.019229529050087003
        ],
        "sortino_ratio_3_0_bps": [
            -1.443138967179501,
            -0.7612278741617591
        ],
        "max_drawdown_3_0_bps": [
            0.053597303138585004,
            0.06190839395123401
        ],
        "calmar_ratio_3_0_bps": [
            -0.6265833737824951,
            -0.23985540940691502
        ],
        "perc_pos_return_3_0_bps": [
            0.472868217054263,
            0.49224806201550303
        ],
        "profit_loss_ratio_3_0_bps": [
            0.913775661157017,
            0.937782334585288
        ],
        "annual_return_rescaled": [
            -0.11479896664019684,
            -0.0265944837632196
        ],
        "annual_volatility_rescaled": [
            0.1652296256358066,
            0.13477037436419514
        ],
        "downside_risk_rescaled": [
            0.12151044415742687,
            0.09997501711563182
        ],
        "max_drawdown_rescaled": [
            0.2306957174039619,
            0.2722733183725941
        ],
        "annual_return_rescaled_0_5_bps": [
            -0.12511646429116485,
            -0.036243415636525333
        ],
        "annual_volatility_rescaled_0_5_bps": [
            0.16522356791728457,
            0.13477643208272033
        ],
        "downside_risk_rescaled_0_5_bps": [
            0.12188223745694997,
            0.10030823426700214
        ],
        "max_drawdown_rescaled_0_5_bps": [
            0.23537292219701886,
            0.27527653774411037
        ],
        "annual_return_rescaled_1_0_bps": [
            -0.1353133294439104,
            -0.04579656091701079
        ],
        "annual_volatility_rescaled_1_0_bps": [
            0.16521748437431116,
            0.1347825156256933
        ],
        "downside_risk_rescaled_1_0_bps": [
            0.12225502309574149,
            0.10064224466273446
        ],
        "max_drawdown_rescaled_1_0_bps": [
            0.2400209618780719,
            0.2782664798091556
        ],
        "annual_return_rescaled_1_5_bps": [
            -0.14539086160634318,
            -0.05525476355980119
        ],
        "annual_volatility_rescaled_1_5_bps": [
            0.16521137515131337,
            0.13478862484869317
        ],
        "downside_risk_rescaled_1_5_bps": [
            0.12262880331640698,
            0.10097706935358633
        ],
        "max_drawdown_rescaled_1_5_bps": [
            0.2446399696081931,
            0.2812431724683114
        ],
        "annual_return_rescaled_2_0_bps": [
            -0.1553503490470154,
            -0.06461886235550307
        ],
        "annual_volatility_rescaled_2_0_bps": [
            0.16520524039386242,
            0.1347947596061408
        ],
        "downside_risk_rescaled_2_0_bps": [
            0.12300359172823266,
            0.10131271573061473
        ],
        "max_drawdown_rescaled_2_0_bps": [
            0.2492300786549339,
            0.28420664391687805
        ],
        "annual_return_rescaled_2_5_bps": [
            -0.16519306883896245,
            -0.07388969092300379
        ],
        "annual_volatility_rescaled_2_5_bps": [
            0.16519908024868,
            0.13480091975132488
        ],
        "downside_risk_rescaled_2_5_bps": [
            0.1233793717899664,
            0.10164916885485112
        ],
        "max_drawdown_rescaled_2_5_bps": [
            0.2537914223823164,
            0.28715692264141923
        ],
        "annual_return_rescaled_3_0_bps": [
            -0.17492028690431838,
            -0.08306807770298341
        ],
        "annual_volatility_rescaled_3_0_bps": [
            0.16519289486360458,
            0.13480710513639582
        ],
        "downside_risk_rescaled_3_0_bps": [
            0.12375612812216902,
            0.10198641864902885
        ],
        "max_drawdown_rescaled_3_0_bps": [
            0.25832413424085104,
            0.2900940374162414
        ],
        "sharpe_ratio_years": [
            -0.5574423499391911,
            0.079885509615903
        ],
        "sharpe_ratio_years_0_5_bps": [
            -0.62802471828974,
            0.006133765552588001
        ],
        "sharpe_ratio_years_1_0_bps": [
            -0.698613059285008,
            -0.067603802466477
        ],
        "sharpe_ratio_years_1_5_bps": [
            -0.769206174892166,
            -0.14132325566029502
        ],
        "sharpe_ratio_years_2_0_bps": [
            -0.8398028663904651,
            -0.215020660863283
        ],
        "sharpe_ratio_years_2_5_bps": [
            -0.9104019344727551,
            -0.28869209157082204
        ],
        "sharpe_ratio_years_3_0_bps": [
            -0.9810021793471351,
            -0.362333628980466
        ]
    }
}