{
    "ALL": {
        "annual_return": -0.019084961371969,
        "annual_volatility": 0.024621690115815005,
        "sharpe_ratio": -0.7070937491407485,
        "downside_risk": 0.018832406276593,
        "sortino_ratio": -0.9242553698891511,
        "max_drawdown": 0.040593460748679505,
        "calmar_ratio": -0.4500075991814425,
        "perc_pos_return": 0.48164526652898704,
        "profit_loss_ratio": 0.9516995082594011,
        "annual_return_0_5_bps": -0.023191088369822,
        "annual_volatility_0_5_bps": 0.024620100543191,
        "sharpe_ratio_0_5_bps": -0.865499453690357,
        "downside_risk_0_5_bps": 0.018975045069733503,
        "sortino_ratio_0_5_bps": -1.1226826170527826,
        "max_drawdown_0_5_bps": 0.0431949871314485,
        "calmar_ratio_0_5_bps": -0.5163836664192071,
        "perc_pos_return_0_5_bps": 0.47584627817185904,
        "profit_loss_ratio_0_5_bps": 0.9519017329102055,
        "annual_return_1_0_bps": -0.027275238790616503,
        "annual_volatility_1_0_bps": 0.024619158813312003,
        "sharpe_ratio_1_0_bps": -1.023898638900583,
        "downside_risk_1_0_bps": 0.019119055465717003,
        "sortino_ratio_1_0_bps": -1.3180584290137596,
        "max_drawdown_1_0_bps": 0.046037187231849006,
        "calmar_ratio_1_0_bps": -0.572889878026809,
        "perc_pos_return_1_0_bps": 0.471977791745233,
        "profit_loss_ratio_1_0_bps": 0.9413236316402446,
        "annual_return_1_5_bps": -0.0313375443818125,
        "annual_volatility_1_5_bps": 0.024618865027440002,
        "sharpe_ratio_1_5_bps": -1.182278716613782,
        "downside_risk_1_5_bps": 0.019264462993679503,
        "sortino_ratio_1_5_bps": -1.510412606789599,
        "max_drawdown_1_5_bps": 0.048868047579410503,
        "calmar_ratio_1_5_bps": -0.62293864740557,
        "perc_pos_return_1_5_bps": 0.46425578402322554,
        "profit_loss_ratio_1_5_bps": 0.9457207746035836,
        "annual_return_2_0_bps": -0.0353781360705215,
        "annual_volatility_2_0_bps": 0.024619219230598503,
        "sharpe_ratio_2_0_bps": -1.3406271000764165,
        "downside_risk_2_0_bps": 0.019411270656129003,
        "sortino_ratio_2_0_bps": -1.6997763477541494,
        "max_drawdown_2_0_bps": 0.051789486569892004,
        "calmar_ratio_2_0_bps": -0.6666556769692465,
        "perc_pos_return_2_0_bps": 0.4603872975965996,
        "profit_loss_ratio_2_0_bps": 0.9351994730725601,
        "annual_return_2_5_bps": -0.0393971439686675,
        "annual_volatility_2_5_bps": 0.0246202214115505,
        "sharpe_ratio_2_5_bps": -1.4989312094267015,
        "downside_risk_2_5_bps": 0.019559478916153,
        "sortino_ratio_2_5_bps": -1.886181363005962,
        "max_drawdown_2_5_bps": 0.0547769207524855,
        "calmar_ratio_2_5_bps": -0.7042561667789126,
        "perc_pos_return_2_5_bps": 0.4545883092394715,
        "profit_loss_ratio_2_5_bps": 0.932263857008637,
        "annual_return_3_0_bps": -0.043394697378099506,
        "annual_volatility_3_0_bps": 0.024621871502796003,
        "sharpe_ratio_3_0_bps": -1.6571784771784241,
        "downside_risk_3_0_bps": 0.0197091010481165,
        "sortino_ratio_3_0_bps": -2.0696583090034704,
        "max_drawdown_3_0_bps": 0.057985687876535505,
        "calmar_ratio_3_0_bps": -0.7322084826895295,
        "perc_pos_return_3_0_bps": 0.4545883092394715,
        "profit_loss_ratio_3_0_bps": 0.9077347878060231,
        "annual_return_rescaled": -0.11788592914651241,
        "annual_volatility_rescaled": 0.15000000000000008,
        "downside_risk_rescaled": 0.11473058625145156,
        "max_drawdown_rescaled": 0.2230685587677696,
        "annual_return_rescaled_0_5_bps": -0.13939519748353763,
        "annual_volatility_rescaled_0_5_bps": 0.15000000000000205,
        "downside_risk_rescaled_0_5_bps": 0.11560703237043865,
        "max_drawdown_rescaled_0_5_bps": 0.23580776466504771,
        "annual_return_rescaled_1_0_bps": -0.16022564760346392,
        "annual_volatility_rescaled_1_0_bps": 0.1500000000000037,
        "downside_risk_rescaled_1_0_bps": 0.1164888833775625,
        "max_drawdown_rescaled_1_0_bps": 0.2485987460235356,
        "annual_return_rescaled_1_5_bps": -0.18040000883566853,
        "annual_volatility_rescaled_1_5_bps": 0.15000000000000135,
        "downside_risk_rescaled_1_5_bps": 0.11737622533903172,
        "max_drawdown_rescaled_1_5_bps": 0.2611727855894668,
        "annual_return_rescaled_2_0_bps": -0.19994029647319472,
        "annual_volatility_rescaled_2_0_bps": 0.15000000000000197,
        "downside_risk_rescaled_2_0_bps": 0.11826900646794533,
        "max_drawdown_rescaled_2_0_bps": 0.2738706485398812,
        "annual_return_rescaled_2_5_bps": -0.21886782938914212,
        "annual_volatility_rescaled_2_5_bps": 0.15000000000000147,
        "downside_risk_rescaled_2_5_bps": 0.11916715891298305,
        "max_drawdown_rescaled_2_5_bps": 0.2869378348623016,
        "annual_return_rescaled_3_0_bps": -0.2372032475103169,
        "annual_volatility_rescaled_3_0_bps": 0.14999999999999963,
        "downside_risk_rescaled_3_0_bps": 0.12007069230630385,
        "max_drawdown_rescaled_3_0_bps": 0.30050737051160326,
        "sharpe_ratio_years": -0.2841965537055795,
        "sharpe_ratio_years_0_5_bps": -0.4317392894772265,
        "sharpe_ratio_years_1_0_bps": -0.5793559958226646,
        "sharpe_ratio_years_1_5_bps": -0.7270274898748406,
        "sharpe_ratio_years_2_0_bps": -0.8747344152657135,
        "sharpe_ratio_years_2_5_bps": -1.0224572579886142,
        "sharpe_ratio_years_3_0_bps": -1.1701763627922146,
        "sharpe_ratio_years_std": 0.026962875355077492,
        "sharpe_ratio_years_std_0_5_bps": 0.001979683201892485,
        "sharpe_ratio_years_std_1_0_bps": 0.03069578346281049,
        "sharpe_ratio_years_std_1_5_bps": 0.05919295494968546,
        "sharpe_ratio_years_std_2_0_bps": 0.08747896371936953,
        "sharpe_ratio_years_std_2_5_bps": 0.11556180017682804,
        "sharpe_ratio_years_std_3_0_bps": 0.14344966630291955
    },
    "COMB": {
        "annual_return": -0.019084961371969,
        "annual_volatility": 0.024621690115815005,
        "sharpe_ratio": -0.7070937491407485,
        "downside_risk": 0.018832406276593,
        "sortino_ratio": -0.9242553698891511,
        "max_drawdown": 0.040593460748679505,
        "calmar_ratio": -0.4500075991814425,
        "perc_pos_return": 0.48164526652898704,
        "profit_loss_ratio": 0.9516995082594011,
        "annual_return_0_5_bps": -0.023191088369822,
        "annual_volatility_0_5_bps": 0.024620100543191,
        "sharpe_ratio_0_5_bps": -0.865499453690357,
        "downside_risk_0_5_bps": 0.018975045069733503,
        "sortino_ratio_0_5_bps": -1.1226826170527826,
        "max_drawdown_0_5_bps": 0.0431949871314485,
        "calmar_ratio_0_5_bps": -0.5163836664192071,
        "perc_pos_return_0_5_bps": 0.47584627817185904,
        "profit_loss_ratio_0_5_bps": 0.9519017329102055,
        "annual_return_1_0_bps": -0.027275238790616503,
        "annual_volatility_1_0_bps": 0.024619158813312003,
        "sharpe_ratio_1_0_bps": -1.023898638900583,
        "downside_risk_1_0_bps": 0.019119055465717003,
        "sortino_ratio_1_0_bps": -1.3180584290137596,
        "max_drawdown_1_0_bps": 0.046037187231849006,
        "calmar_ratio_1_0_bps": -0.572889878026809,
        "perc_pos_return_1_0_bps": 0.471977791745233,
        "profit_loss_ratio_1_0_bps": 0.9413236316402446,
        "annual_return_1_5_bps": -0.0313375443818125,
        "annual_volatility_1_5_bps": 0.024618865027440002,
        "sharpe_ratio_1_5_bps": -1.182278716613782,
        "downside_risk_1_5_bps": 0.019264462993679503,
        "sortino_ratio_1_5_bps": -1.510412606789599,
        "max_drawdown_1_5_bps": 0.048868047579410503,
        "calmar_ratio_1_5_bps": -0.62293864740557,
        "perc_pos_return_1_5_bps": 0.46425578402322554,
        "profit_loss_ratio_1_5_bps": 0.9457207746035836,
        "annual_return_2_0_bps": -0.0353781360705215,
        "annual_volatility_2_0_bps": 0.024619219230598503,
        "sharpe_ratio_2_0_bps": -1.3406271000764165,
        "downside_risk_2_0_bps": 0.019411270656129003,
        "sortino_ratio_2_0_bps": -1.6997763477541494,
        "max_drawdown_2_0_bps": 0.051789486569892004,
        "calmar_ratio_2_0_bps": -0.6666556769692465,
        "perc_pos_return_2_0_bps": 0.4603872975965996,
        "profit_loss_ratio_2_0_bps": 0.9351994730725601,
        "annual_return_2_5_bps": -0.0393971439686675,
        "annual_volatility_2_5_bps": 0.0246202214115505,
        "sharpe_ratio_2_5_bps": -1.4989312094267015,
        "downside_risk_2_5_bps": 0.019559478916153,
        "sortino_ratio_2_5_bps": -1.886181363005962,
        "max_drawdown_2_5_bps": 0.0547769207524855,
        "calmar_ratio_2_5_bps": -0.7042561667789126,
        "perc_pos_return_2_5_bps": 0.4545883092394715,
        "profit_loss_ratio_2_5_bps": 0.932263857008637,
        "annual_return_3_0_bps": -0.043394697378099506,
        "annual_volatility_3_0_bps": 0.024621871502796003,
        "sharpe_ratio_3_0_bps": -1.6571784771784241,
        "downside_risk_3_0_bps": 0.0197091010481165,
        "sortino_ratio_3_0_bps": -2.0696583090034704,
        "max_drawdown_3_0_bps": 0.057985687876535505,
        "calmar_ratio_3_0_bps": -0.7322084826895295,
        "perc_pos_return_3_0_bps": 0.4545883092394715,
        "profit_loss_ratio_3_0_bps": 0.9077347878060231,
        "annual_return_rescaled": -0.11788592914651241,
        "annual_volatility_rescaled": 0.15000000000000008,
        "downside_risk_rescaled": 0.11473058625145156,
        "max_drawdown_rescaled": 0.2230685587677696,
        "annual_return_rescaled_0_5_bps": -0.13939519748353763,
        "annual_volatility_rescaled_0_5_bps": 0.15000000000000205,
        "downside_risk_rescaled_0_5_bps": 0.11560703237043865,
        "max_drawdown_rescaled_0_5_bps": 0.23580776466504771,
        "annual_return_rescaled_1_0_bps": -0.16022564760346392,
        "annual_volatility_rescaled_1_0_bps": 0.1500000000000037,
        "downside_risk_rescaled_1_0_bps": 0.1164888833775625,
        "max_drawdown_rescaled_1_0_bps": 0.2485987460235356,
        "annual_return_rescaled_1_5_bps": -0.18040000883566853,
        "annual_volatility_rescaled_1_5_bps": 0.15000000000000135,
        "downside_risk_rescaled_1_5_bps": 0.11737622533903172,
        "max_drawdown_rescaled_1_5_bps": 0.2611727855894668,
        "annual_return_rescaled_2_0_bps": -0.19994029647319472,
        "annual_volatility_rescaled_2_0_bps": 0.15000000000000197,
        "downside_risk_rescaled_2_0_bps": 0.11826900646794533,
        "max_drawdown_rescaled_2_0_bps": 0.2738706485398812,
        "annual_return_rescaled_2_5_bps": -0.21886782938914212,
        "annual_volatility_rescaled_2_5_bps": 0.15000000000000147,
        "downside_risk_rescaled_2_5_bps": 0.11916715891298305,
        "max_drawdown_rescaled_2_5_bps": 0.2869378348623016,
        "annual_return_rescaled_3_0_bps": -0.2372032475103169,
        "annual_volatility_rescaled_3_0_bps": 0.14999999999999963,
        "downside_risk_rescaled_3_0_bps": 0.12007069230630385,
        "max_drawdown_rescaled_3_0_bps": 0.30050737051160326,
        "sharpe_ratio_years": -0.2841965537055795,
        "sharpe_ratio_years_0_5_bps": -0.4317392894772265,
        "sharpe_ratio_years_1_0_bps": -0.5793559958226646,
        "sharpe_ratio_years_1_5_bps": -0.7270274898748406,
        "sharpe_ratio_years_2_0_bps": -0.8747344152657135,
        "sharpe_ratio_years_2_5_bps": -1.0224572579886142,
        "sharpe_ratio_years_3_0_bps": -1.1701763627922146,
        "sharpe_ratio_years_std": 0.026962875355077492,
        "sharpe_ratio_years_std_0_5_bps": 0.001979683201892485,
        "sharpe_ratio_years_std_1_0_bps": 0.03069578346281049,
        "sharpe_ratio_years_std_1_5_bps": 0.05919295494968546,
        "sharpe_ratio_years_std_2_0_bps": 0.08747896371936953,
        "sharpe_ratio_years_std_2_5_bps": 0.11556180017682804,
        "sharpe_ratio_years_std_3_0_bps": 0.14344966630291955
    }
}