{
    "ALL": {
        "annual_return": [
            -0.008560403448022,
            -0.029609519295916
        ],
        "annual_volatility": [
            0.017769996016630003,
            0.031473384215000004
        ],
        "sharpe_ratio": [
            -0.47494390474559206,
            -0.939243593535905
        ],
        "downside_risk": [
            0.013506688403259002,
            0.024158124149927
        ],
        "sortino_ratio": [
            -0.624857185082852,
            -1.2236535546954501
        ],
        "max_drawdown": [
            0.020962969970361,
            0.060223951526998006
        ],
        "calmar_ratio": [
            -0.408358331864474,
            -0.49165686649841106
        ],
        "perc_pos_return": [
            0.49224806201550303,
            0.47104247104247104
        ],
        "profit_loss_ratio": [
            0.9524719615557651,
            0.9509270549630371
        ],
        "annual_return_0_5_bps": [
            -0.010519884770202001,
            -0.035862291969442
        ],
        "annual_volatility_0_5_bps": [
            0.01777008242875,
            0.031470118657632
        ],
        "sharpe_ratio_0_5_bps": [
            -0.586267901436184,
            -1.14473100594453
        ],
        "downside_risk_0_5_bps": [
            0.013571828041278001,
            0.024378262098189003
        ],
        "sortino_ratio_0_5_bps": [
            -0.767621642579393,
            -1.477743591526172
        ],
        "max_drawdown_0_5_bps": [
            0.022183512942916,
            0.064206461319981
        ],
        "calmar_ratio_0_5_bps": [
            -0.47422086832111104,
            -0.558546464517303
        ],
        "perc_pos_return_0_5_bps": [
            0.488372093023255,
            0.46332046332046306
        ],
        "profit_loss_ratio_0_5_bps": [
            0.9494044494107391,
            0.9543990164096721
        ],
        "annual_return_1_0_bps": [
            -0.012475513453123002,
            -0.04207496412811
        ],
        "annual_volatility_1_0_bps": [
            0.017770440032517,
            0.031467877594107005
        ],
        "sharpe_ratio_1_0_bps": [
            -0.69758016962818,
            -1.350217108172986
        ],
        "downside_risk_1_0_bps": [
            0.013637380384029,
            0.024600730547405
        ],
        "sortino_ratio_1_0_bps": [
            -0.9089947059604001,
            -1.727122152067119
        ],
        "max_drawdown_1_0_bps": [
            0.023402544683465,
            0.068671829780233
        ],
        "calmar_ratio_1_0_bps": [
            -0.533083629231875,
            -0.612696126821743
        ],
        "perc_pos_return_1_0_bps": [
            0.48449612403100706,
            0.45945945945945904
        ],
        "profit_loss_ratio_1_0_bps": [
            0.9463541849996351,
            0.9362930782808541
        ],
        "annual_return_1_5_bps": [
            -0.014427297032280002,
            -0.048247791731345004
        ],
        "annual_volatility_1_5_bps": [
            0.01777106881156,
            0.03146666124332
        ],
        "sharpe_ratio_1_5_bps": [
            -0.80887561480262,
            -1.5556818184249441
        ],
        "downside_risk_1_5_bps": [
            0.013703356419081,
            0.024825569568278003
        ],
        "sortino_ratio_1_5_bps": [
            -1.048982728832379,
            -1.9718424847468192
        ],
        "max_drawdown_1_5_bps": [
            0.024620067050333,
            0.07311602810848801
        ],
        "calmar_ratio_1_5_bps": [
            -0.585997471200419,
            -0.6598798236107211
        ],
        "perc_pos_return_1_5_bps": [
            0.48449612403100706,
            0.444015444015444
        ],
        "profit_loss_ratio_1_5_bps": [
            0.9287739075211081,
            0.9626676416860591
        ],
        "annual_return_2_0_bps": [
            -0.01637524302851,
            -0.054381029112533
        ],
        "annual_volatility_2_0_bps": [
            0.017771968737096,
            0.031466469724101005
        ],
        "sharpe_ratio_2_0_bps": [
            -0.9201491455989561,
            -1.7611050545538771
        ],
        "downside_risk_2_0_bps": [
            0.013769751065242001,
            0.025052790247016003
        ],
        "sortino_ratio_2_0_bps": [
            -1.187593135966583,
            -2.211959559541716
        ],
        "max_drawdown_2_0_bps": [
            0.025836081899583002,
            0.077742891240201
        ],
        "calmar_ratio_2_0_bps": [
            -0.6338129400640621,
            -0.699498413874431
        ],
        "perc_pos_return_2_0_bps": [
            0.48062015503875904,
            0.44015444015444005
        ],
        "profit_loss_ratio_2_0_bps": [
            0.925764686004481,
            0.9446342601406391
        ],
        "annual_return_2_5_bps": [
            -0.018319358948016,
            -0.060474928989319006
        ],
        "annual_volatility_2_5_bps": [
            0.017773139767936,
            0.031467303055165
        ],
        "sharpe_ratio_2_5_bps": [
            -1.03139567497916,
            -1.9664667438742431
        ],
        "downside_risk_2_5_bps": [
            0.013836570895208001,
            0.025282386937098
        ],
        "sortino_ratio_2_5_bps": [
            -1.32483254892276,
            -2.447530177089164
        ],
        "max_drawdown_2_5_bps": [
            0.027157445885136,
            0.082396395619835
        ],
        "calmar_ratio_2_5_bps": [
            -0.674561187583656,
            -0.7339511459741691
        ],
        "perc_pos_return_2_5_bps": [
            0.47674418604651103,
            0.432432432432432
        ],
        "profit_loss_ratio_2_5_bps": [
            0.922779240699193,
            0.9417484733180811
        ],
        "annual_return_3_0_bps": [
            -0.020259652282389,
            -0.06652974247381001
        ],
        "annual_volatility_3_0_bps": [
            0.017774581850499002,
            0.031469161155093
        ],
        "sharpe_ratio_3_0_bps": [
            -1.142610121389687,
            -2.171746832967161
        ],
        "downside_risk_3_0_bps": [
            0.013903823950472,
            0.025514378145761
        ],
        "sortino_ratio_3_0_bps": [
            -1.460707298811781,
            -2.67860931919516
        ],
        "max_drawdown_3_0_bps": [
            0.028944812715205003,
            0.087026563037866
        ],
        "calmar_ratio_3_0_bps": [
            -0.69994069340607,
            -0.7644762719729891
        ],
        "perc_pos_return_3_0_bps": [
            0.47674418604651103,
            0.432432432432432
        ],
        "profit_loss_ratio_3_0_bps": [
            0.905610621852568,
            0.9098589537594781
        ],
        "annual_return_rescaled": [
            -0.055669799653879415,
            -0.1801020586391454
        ],
        "annual_volatility_rescaled": [
            0.10825818170712907,
            0.1917418182928711
        ],
        "downside_risk_rescaled": [
            0.08228530417526422,
            0.1471758683276389
        ],
        "max_drawdown_rescaled": [
            0.12442127711270794,
            0.32171584042283125
        ],
        "annual_return_rescaled_0_5_bps": [
            -0.06699029187643057,
            -0.21180010309064468
        ],
        "annual_volatility_rescaled_0_5_bps": [
            0.10826569776335662,
            0.19173430223664747
        ],
        "downside_risk_rescaled_0_5_bps": [
            0.08268748548042999,
            0.1485265792604473
        ],
        "max_drawdown_rescaled_0_5_bps": [
            0.13106434658570776,
            0.34055118274438767
        ],
        "annual_return_rescaled_1_0_bps": [
            -0.07817509074915896,
            -0.24227620445776887
        ],
        "annual_volatility_rescaled_1_0_bps": [
            0.1082720179471096,
            0.19172798205289784
        ],
        "downside_risk_rescaled_1_0_bps": [
            0.08309004678495945,
            0.14988771997016556
        ],
        "max_drawdown_rescaled_1_0_bps": [
            0.13765474065469183,
            0.3595427513923794
        ],
        "annual_return_rescaled_1_5_bps": [
            -0.08922495488086746,
            -0.2715750627904696
        ],
        "annual_volatility_rescaled_1_5_bps": [
            0.10827714107709495,
            0.19172285892290775
        ],
        "downside_risk_rescaled_1_5_bps": [
            0.08349302295500464,
            0.1512594277230588
        ],
        "max_drawdown_rescaled_1_5_bps": [
            0.14419237771869317,
            0.37815319346024046
        ],
        "annual_return_rescaled_2_0_bps": [
            -0.10014066500571728,
            -0.29973992794067217
        ],
        "annual_volatility_rescaled_2_0_bps": [
            0.1082810663325654,
            0.1917189336674385
        ],
        "downside_risk_rescaled_2_0_bps": [
            0.08389635107596106,
            0.1526416618599296
        ],
        "max_drawdown_rescaled_2_0_bps": [
            0.15067718867188373,
            0.3970641084078787
        ],
        "annual_return_rescaled_2_5_bps": [
            -0.11092302330297255,
            -0.3268126354753117
        ],
        "annual_volatility_rescaled_2_5_bps": [
            0.10828379325377431,
            0.19171620674622863
        ],
        "downside_risk_rescaled_2_5_bps": [
            0.08430003936957292,
            0.15403427845639317
        ],
        "max_drawdown_rescaled_2_5_bps": [
            0.15848133587999644,
            0.4153943338446068
        ],
        "annual_return_rescaled_3_0_bps": [
            -0.12157285271176976,
            -0.35283364230886405
        ],
        "annual_volatility_rescaled_3_0_bps": [
            0.10828532174217803,
            0.19171467825782124
        ],
        "downside_risk_rescaled_3_0_bps": [
            0.08470410514221319,
            0.1554372794703945
        ],
        "max_drawdown_rescaled_3_0_bps": [
            0.16785425526679154,
            0.43316048575641497
        ],
        "sharpe_ratio_years": [
            -0.311159429060657,
            -0.25723367835050204
        ],
        "sharpe_ratio_years_0_5_bps": [
            -0.42975960627533405,
            -0.433718972679119
        ],
        "sharpe_ratio_years_1_0_bps": [
            -0.5486602123598541,
            -0.610051779285475
        ],
        "sharpe_ratio_years_1_5_bps": [
            -0.6678345349251551,
            -0.786220444824526
        ],
        "sharpe_ratio_years_2_0_bps": [
            -0.787255451546344,
            -0.9622133789850831
        ],
        "sharpe_ratio_years_2_5_bps": [
            -0.906895457811786,
            -1.1380190581654421
        ],
        "sharpe_ratio_years_3_0_bps": [
            -1.026726696489295,
            -1.313626029095134
        ]
    },
    "COMB": {
        "annual_return": [
            -0.008560403448022,
            -0.029609519295916
        ],
        "annual_volatility": [
            0.017769996016630003,
            0.031473384215000004
        ],
        "sharpe_ratio": [
            -0.47494390474559206,
            -0.939243593535905
        ],
        "downside_risk": [
            0.013506688403259002,
            0.024158124149927
        ],
        "sortino_ratio": [
            -0.624857185082852,
            -1.2236535546954501
        ],
        "max_drawdown": [
            0.020962969970361,
            0.060223951526998006
        ],
        "calmar_ratio": [
            -0.408358331864474,
            -0.49165686649841106
        ],
        "perc_pos_return": [
            0.49224806201550303,
            0.47104247104247104
        ],
        "profit_loss_ratio": [
            0.9524719615557651,
            0.9509270549630371
        ],
        "annual_return_0_5_bps": [
            -0.010519884770202001,
            -0.035862291969442
        ],
        "annual_volatility_0_5_bps": [
            0.01777008242875,
            0.031470118657632
        ],
        "sharpe_ratio_0_5_bps": [
            -0.586267901436184,
            -1.14473100594453
        ],
        "downside_risk_0_5_bps": [
            0.013571828041278001,
            0.024378262098189003
        ],
        "sortino_ratio_0_5_bps": [
            -0.767621642579393,
            -1.477743591526172
        ],
        "max_drawdown_0_5_bps": [
            0.022183512942916,
            0.064206461319981
        ],
        "calmar_ratio_0_5_bps": [
            -0.47422086832111104,
            -0.558546464517303
        ],
        "perc_pos_return_0_5_bps": [
            0.488372093023255,
            0.46332046332046306
        ],
        "profit_loss_ratio_0_5_bps": [
            0.9494044494107391,
            0.9543990164096721
        ],
        "annual_return_1_0_bps": [
            -0.012475513453123002,
            -0.04207496412811
        ],
        "annual_volatility_1_0_bps": [
            0.017770440032517,
            0.031467877594107005
        ],
        "sharpe_ratio_1_0_bps": [
            -0.69758016962818,
            -1.350217108172986
        ],
        "downside_risk_1_0_bps": [
            0.013637380384029,
            0.024600730547405
        ],
        "sortino_ratio_1_0_bps": [
            -0.9089947059604001,
            -1.727122152067119
        ],
        "max_drawdown_1_0_bps": [
            0.023402544683465,
            0.068671829780233
        ],
        "calmar_ratio_1_0_bps": [
            -0.533083629231875,
            -0.612696126821743
        ],
        "perc_pos_return_1_0_bps": [
            0.48449612403100706,
            0.45945945945945904
        ],
        "profit_loss_ratio_1_0_bps": [
            0.9463541849996351,
            0.9362930782808541
        ],
        "annual_return_1_5_bps": [
            -0.014427297032280002,
            -0.048247791731345004
        ],
        "annual_volatility_1_5_bps": [
            0.01777106881156,
            0.03146666124332
        ],
        "sharpe_ratio_1_5_bps": [
            -0.80887561480262,
            -1.5556818184249441
        ],
        "downside_risk_1_5_bps": [
            0.013703356419081,
            0.024825569568278003
        ],
        "sortino_ratio_1_5_bps": [
            -1.048982728832379,
            -1.9718424847468192
        ],
        "max_drawdown_1_5_bps": [
            0.024620067050333,
            0.07311602810848801
        ],
        "calmar_ratio_1_5_bps": [
            -0.585997471200419,
            -0.6598798236107211
        ],
        "perc_pos_return_1_5_bps": [
            0.48449612403100706,
            0.444015444015444
        ],
        "profit_loss_ratio_1_5_bps": [
            0.9287739075211081,
            0.9626676416860591
        ],
        "annual_return_2_0_bps": [
            -0.01637524302851,
            -0.054381029112533
        ],
        "annual_volatility_2_0_bps": [
            0.017771968737096,
            0.031466469724101005
        ],
        "sharpe_ratio_2_0_bps": [
            -0.9201491455989561,
            -1.7611050545538771
        ],
        "downside_risk_2_0_bps": [
            0.013769751065242001,
            0.025052790247016003
        ],
        "sortino_ratio_2_0_bps": [
            -1.187593135966583,
            -2.211959559541716
        ],
        "max_drawdown_2_0_bps": [
            0.025836081899583002,
            0.077742891240201
        ],
        "calmar_ratio_2_0_bps": [
            -0.6338129400640621,
            -0.699498413874431
        ],
        "perc_pos_return_2_0_bps": [
            0.48062015503875904,
            0.44015444015444005
        ],
        "profit_loss_ratio_2_0_bps": [
            0.925764686004481,
            0.9446342601406391
        ],
        "annual_return_2_5_bps": [
            -0.018319358948016,
            -0.060474928989319006
        ],
        "annual_volatility_2_5_bps": [
            0.017773139767936,
            0.031467303055165
        ],
        "sharpe_ratio_2_5_bps": [
            -1.03139567497916,
            -1.9664667438742431
        ],
        "downside_risk_2_5_bps": [
            0.013836570895208001,
            0.025282386937098
        ],
        "sortino_ratio_2_5_bps": [
            -1.32483254892276,
            -2.447530177089164
        ],
        "max_drawdown_2_5_bps": [
            0.027157445885136,
            0.082396395619835
        ],
        "calmar_ratio_2_5_bps": [
            -0.674561187583656,
            -0.7339511459741691
        ],
        "perc_pos_return_2_5_bps": [
            0.47674418604651103,
            0.432432432432432
        ],
        "profit_loss_ratio_2_5_bps": [
            0.922779240699193,
            0.9417484733180811
        ],
        "annual_return_3_0_bps": [
            -0.020259652282389,
            -0.06652974247381001
        ],
        "annual_volatility_3_0_bps": [
            0.017774581850499002,
            0.031469161155093
        ],
        "sharpe_ratio_3_0_bps": [
            -1.142610121389687,
            -2.171746832967161
        ],
        "downside_risk_3_0_bps": [
            0.013903823950472,
            0.025514378145761
        ],
        "sortino_ratio_3_0_bps": [
            -1.460707298811781,
            -2.67860931919516
        ],
        "max_drawdown_3_0_bps": [
            0.028944812715205003,
            0.087026563037866
        ],
        "calmar_ratio_3_0_bps": [
            -0.69994069340607,
            -0.7644762719729891
        ],
        "perc_pos_return_3_0_bps": [
            0.47674418604651103,
            0.432432432432432
        ],
        "profit_loss_ratio_3_0_bps": [
            0.905610621852568,
            0.9098589537594781
        ],
        "annual_return_rescaled": [
            -0.055669799653879415,
            -0.1801020586391454
        ],
        "annual_volatility_rescaled": [
            0.10825818170712907,
            0.1917418182928711
        ],
        "downside_risk_rescaled": [
            0.08228530417526422,
            0.1471758683276389
        ],
        "max_drawdown_rescaled": [
            0.12442127711270794,
            0.32171584042283125
        ],
        "annual_return_rescaled_0_5_bps": [
            -0.06699029187643057,
            -0.21180010309064468
        ],
        "annual_volatility_rescaled_0_5_bps": [
            0.10826569776335662,
            0.19173430223664747
        ],
        "downside_risk_rescaled_0_5_bps": [
            0.08268748548042999,
            0.1485265792604473
        ],
        "max_drawdown_rescaled_0_5_bps": [
            0.13106434658570776,
            0.34055118274438767
        ],
        "annual_return_rescaled_1_0_bps": [
            -0.07817509074915896,
            -0.24227620445776887
        ],
        "annual_volatility_rescaled_1_0_bps": [
            0.1082720179471096,
            0.19172798205289784
        ],
        "downside_risk_rescaled_1_0_bps": [
            0.08309004678495945,
            0.14988771997016556
        ],
        "max_drawdown_rescaled_1_0_bps": [
            0.13765474065469183,
            0.3595427513923794
        ],
        "annual_return_rescaled_1_5_bps": [
            -0.08922495488086746,
            -0.2715750627904696
        ],
        "annual_volatility_rescaled_1_5_bps": [
            0.10827714107709495,
            0.19172285892290775
        ],
        "downside_risk_rescaled_1_5_bps": [
            0.08349302295500464,
            0.1512594277230588
        ],
        "max_drawdown_rescaled_1_5_bps": [
            0.14419237771869317,
            0.37815319346024046
        ],
        "annual_return_rescaled_2_0_bps": [
            -0.10014066500571728,
            -0.29973992794067217
        ],
        "annual_volatility_rescaled_2_0_bps": [
            0.1082810663325654,
            0.1917189336674385
        ],
        "downside_risk_rescaled_2_0_bps": [
            0.08389635107596106,
            0.1526416618599296
        ],
        "max_drawdown_rescaled_2_0_bps": [
            0.15067718867188373,
            0.3970641084078787
        ],
        "annual_return_rescaled_2_5_bps": [
            -0.11092302330297255,
            -0.3268126354753117
        ],
        "annual_volatility_rescaled_2_5_bps": [
            0.10828379325377431,
            0.19171620674622863
        ],
        "downside_risk_rescaled_2_5_bps": [
            0.08430003936957292,
            0.15403427845639317
        ],
        "max_drawdown_rescaled_2_5_bps": [
            0.15848133587999644,
            0.4153943338446068
        ],
        "annual_return_rescaled_3_0_bps": [
            -0.12157285271176976,
            -0.35283364230886405
        ],
        "annual_volatility_rescaled_3_0_bps": [
            0.10828532174217803,
            0.19171467825782124
        ],
        "downside_risk_rescaled_3_0_bps": [
            0.08470410514221319,
            0.1554372794703945
        ],
        "max_drawdown_rescaled_3_0_bps": [
            0.16785425526679154,
            0.43316048575641497
        ],
        "sharpe_ratio_years": [
            -0.311159429060657,
            -0.25723367835050204
        ],
        "sharpe_ratio_years_0_5_bps": [
            -0.42975960627533405,
            -0.433718972679119
        ],
        "sharpe_ratio_years_1_0_bps": [
            -0.5486602123598541,
            -0.610051779285475
        ],
        "sharpe_ratio_years_1_5_bps": [
            -0.6678345349251551,
            -0.786220444824526
        ],
        "sharpe_ratio_years_2_0_bps": [
            -0.787255451546344,
            -0.9622133789850831
        ],
        "sharpe_ratio_years_2_5_bps": [
            -0.906895457811786,
            -1.1380190581654421
        ],
        "sharpe_ratio_years_3_0_bps": [
            -1.026726696489295,
            -1.313626029095134
        ]
    }
}