{
    "ALL": {
        "annual_return": 0.0367306566934075,
        "annual_volatility": 0.052661707854562506,
        "sharpe_ratio": 0.7053341837629845,
        "downside_risk": 0.03688213145630451,
        "sortino_ratio": 1.027343764519482,
        "max_drawdown": 0.034975246744506,
        "calmar_ratio": 1.034736029859084,
        "perc_pos_return": 0.5238095238095231,
        "profit_loss_ratio": 1.030580454442303,
        "annual_return_0_5_bps": 0.032100994276284,
        "annual_volatility_0_5_bps": 0.052650300852839504,
        "sharpe_ratio_0_5_bps": 0.6209181940151716,
        "downside_risk_0_5_bps": 0.037010115449899,
        "sortino_ratio_0_5_bps": 0.9019115089979834,
        "max_drawdown_0_5_bps": 0.035523329618648,
        "calmar_ratio_0_5_bps": 0.884445669278479,
        "perc_pos_return_0_5_bps": 0.5238095238095231,
        "profit_loss_ratio_0_5_bps": 1.0152720249833704,
        "annual_return_1_0_bps": 0.027492368708604,
        "annual_volatility_1_0_bps": 0.052639424193455506,
        "sharpe_ratio_1_0_bps": 0.5364540583160721,
        "downside_risk_1_0_bps": 0.037138856247949006,
        "sortino_ratio_1_0_bps": 0.777360690707514,
        "max_drawdown_1_0_bps": 0.036094390544637,
        "calmar_ratio_1_0_bps": 0.7390430727714041,
        "perc_pos_return_1_0_bps": 0.5218253968253961,
        "profit_loss_ratio_1_0_bps": 1.0080664068673155,
        "annual_return_1_5_bps": 0.0229046828849975,
        "annual_volatility_1_5_bps": 0.0526290783889305,
        "sharpe_ratio_1_5_bps": 0.45194432874726104,
        "downside_risk_1_5_bps": 0.0372683604715145,
        "sortino_ratio_1_5_bps": 0.6536894417925715,
        "max_drawdown_1_5_bps": 0.0367012508778205,
        "calmar_ratio_1_5_bps": 0.598447920274171,
        "perc_pos_return_1_5_bps": 0.5218253968253961,
        "profit_loss_ratio_1_5_bps": 0.993049627366265,
        "annual_return_2_0_bps": 0.0183378401543685,
        "annual_volatility_2_0_bps": 0.0526192639348335,
        "sharpe_ratio_2_0_bps": 0.36739156877492307,
        "downside_risk_2_0_bps": 0.037398622349505,
        "sortino_ratio_2_0_bps": 0.5308962005702066,
        "max_drawdown_2_0_bps": 0.037588599788505,
        "calmar_ratio_2_0_bps": 0.45997438029174453,
        "perc_pos_return_2_0_bps": 0.517857142857142,
        "profit_loss_ratio_2_0_bps": 0.9939243189862715,
        "annual_return_2_5_bps": 0.013791744317755001,
        "annual_volatility_2_5_bps": 0.052609981309680004,
        "sharpe_ratio_2_5_bps": 0.28279835285013905,
        "downside_risk_2_5_bps": 0.0375296499455095,
        "sortino_ratio_2_5_bps": 0.40897899146873656,
        "max_drawdown_2_5_bps": 0.0396000242920725,
        "calmar_ratio_2_5_bps": 0.319002114080117,
        "perc_pos_return_2_5_bps": 0.515873015873015,
        "profit_loss_ratio_2_5_bps": 0.9868206064936645,
        "annual_return_3_0_bps": 0.0092662996261855,
        "annual_volatility_3_0_bps": 0.0526012309748265,
        "sharpe_ratio_3_0_bps": 0.1981672660035805,
        "downside_risk_3_0_bps": 0.037661442076723506,
        "sortino_ratio_3_0_bps": 0.28793601164276506,
        "max_drawdown_3_0_bps": 0.041680758820334,
        "calmar_ratio_3_0_bps": 0.1919279800314475,
        "perc_pos_return_3_0_bps": 0.5138888888888886,
        "profit_loss_ratio_3_0_bps": 0.9799108643538386,
        "annual_return_rescaled": 0.10048059094194917,
        "annual_volatility_rescaled": 0.1499999999999997,
        "downside_risk_rescaled": 0.10505393660464846,
        "max_drawdown_rescaled": 0.09693729678583754,
        "annual_return_rescaled_0_5_bps": 0.08652262067913696,
        "annual_volatility_rescaled_0_5_bps": 0.1499999999999997,
        "downside_risk_rescaled_0_5_bps": 0.10544132184546803,
        "max_drawdown_rescaled_0_5_bps": 0.09841780926949331,
        "annual_return_rescaled_1_0_bps": 0.07273812716563788,
        "annual_volatility_rescaled_1_0_bps": 0.15000000000000085,
        "downside_risk_rescaled_1_0_bps": 0.1058299653263491,
        "max_drawdown_rescaled_1_0_bps": 0.10004108858395423,
        "annual_return_rescaled_1_5_bps": 0.05912541208246502,
        "annual_volatility_rescaled_1_5_bps": 0.15000000000000085,
        "downside_risk_rescaled_1_5_bps": 0.10621987391485438,
        "max_drawdown_rescaled_1_5_bps": 0.10167679666975948,
        "annual_return_rescaled_2_0_bps": 0.04568278213075283,
        "annual_volatility_rescaled_2_0_bps": 0.1500000000000013,
        "downside_risk_rescaled_2_0_bps": 0.10661101910078574,
        "max_drawdown_rescaled_2_0_bps": 0.10607470726662399,
        "annual_return_rescaled_2_5_bps": 0.032408549277602394,
        "annual_volatility_rescaled_2_5_bps": 0.15000000000000058,
        "downside_risk_rescaled_2_5_bps": 0.10700341174215025,
        "max_drawdown_rescaled_2_5_bps": 0.1115843550923635,
        "annual_return_rescaled_3_0_bps": 0.019301030997153523,
        "annual_volatility_rescaled_3_0_bps": 0.1500000000000008,
        "downside_risk_rescaled_3_0_bps": 0.10739703628251723,
        "max_drawdown_rescaled_3_0_bps": 0.1170592875609276,
        "sharpe_ratio_years": 0.7095353396328695,
        "sharpe_ratio_years_0_5_bps": 0.6250471980153995,
        "sharpe_ratio_years_1_0_bps": 0.540509864834636,
        "sharpe_ratio_years_1_5_bps": 0.4559258911862085,
        "sharpe_ratio_years_2_0_bps": 0.3712978397860155,
        "sharpe_ratio_years_2_5_bps": 0.286628284572584,
        "sharpe_ratio_years_3_0_bps": 0.20191981030373152,
        "sharpe_ratio_years_std": 0.1985134956351845,
        "sharpe_ratio_years_std_0_5_bps": 0.18783017572779148,
        "sharpe_ratio_years_std_1_0_bps": 0.17708287137800502,
        "sharpe_ratio_years_std_1_5_bps": 0.16627272883383248,
        "sharpe_ratio_years_std_2_0_bps": 0.1554009079499575,
        "sharpe_ratio_years_std_2_5_bps": 0.144468581922072,
        "sharpe_ratio_years_std_3_0_bps": 0.1334769370150175
    },
    "COMB": {
        "annual_return": 0.0367306566934075,
        "annual_volatility": 0.052661707854562506,
        "sharpe_ratio": 0.7053341837629845,
        "downside_risk": 0.03688213145630451,
        "sortino_ratio": 1.027343764519482,
        "max_drawdown": 0.034975246744506,
        "calmar_ratio": 1.034736029859084,
        "perc_pos_return": 0.5238095238095231,
        "profit_loss_ratio": 1.030580454442303,
        "annual_return_0_5_bps": 0.032100994276284,
        "annual_volatility_0_5_bps": 0.052650300852839504,
        "sharpe_ratio_0_5_bps": 0.6209181940151716,
        "downside_risk_0_5_bps": 0.037010115449899,
        "sortino_ratio_0_5_bps": 0.9019115089979834,
        "max_drawdown_0_5_bps": 0.035523329618648,
        "calmar_ratio_0_5_bps": 0.884445669278479,
        "perc_pos_return_0_5_bps": 0.5238095238095231,
        "profit_loss_ratio_0_5_bps": 1.0152720249833704,
        "annual_return_1_0_bps": 0.027492368708604,
        "annual_volatility_1_0_bps": 0.052639424193455506,
        "sharpe_ratio_1_0_bps": 0.5364540583160721,
        "downside_risk_1_0_bps": 0.037138856247949006,
        "sortino_ratio_1_0_bps": 0.777360690707514,
        "max_drawdown_1_0_bps": 0.036094390544637,
        "calmar_ratio_1_0_bps": 0.7390430727714041,
        "perc_pos_return_1_0_bps": 0.5218253968253961,
        "profit_loss_ratio_1_0_bps": 1.0080664068673155,
        "annual_return_1_5_bps": 0.0229046828849975,
        "annual_volatility_1_5_bps": 0.0526290783889305,
        "sharpe_ratio_1_5_bps": 0.45194432874726104,
        "downside_risk_1_5_bps": 0.0372683604715145,
        "sortino_ratio_1_5_bps": 0.6536894417925715,
        "max_drawdown_1_5_bps": 0.0367012508778205,
        "calmar_ratio_1_5_bps": 0.598447920274171,
        "perc_pos_return_1_5_bps": 0.5218253968253961,
        "profit_loss_ratio_1_5_bps": 0.993049627366265,
        "annual_return_2_0_bps": 0.0183378401543685,
        "annual_volatility_2_0_bps": 0.0526192639348335,
        "sharpe_ratio_2_0_bps": 0.36739156877492307,
        "downside_risk_2_0_bps": 0.037398622349505,
        "sortino_ratio_2_0_bps": 0.5308962005702066,
        "max_drawdown_2_0_bps": 0.037588599788505,
        "calmar_ratio_2_0_bps": 0.45997438029174453,
        "perc_pos_return_2_0_bps": 0.517857142857142,
        "profit_loss_ratio_2_0_bps": 0.9939243189862715,
        "annual_return_2_5_bps": 0.013791744317755001,
        "annual_volatility_2_5_bps": 0.052609981309680004,
        "sharpe_ratio_2_5_bps": 0.28279835285013905,
        "downside_risk_2_5_bps": 0.0375296499455095,
        "sortino_ratio_2_5_bps": 0.40897899146873656,
        "max_drawdown_2_5_bps": 0.0396000242920725,
        "calmar_ratio_2_5_bps": 0.319002114080117,
        "perc_pos_return_2_5_bps": 0.515873015873015,
        "profit_loss_ratio_2_5_bps": 0.9868206064936645,
        "annual_return_3_0_bps": 0.0092662996261855,
        "annual_volatility_3_0_bps": 0.0526012309748265,
        "sharpe_ratio_3_0_bps": 0.1981672660035805,
        "downside_risk_3_0_bps": 0.037661442076723506,
        "sortino_ratio_3_0_bps": 0.28793601164276506,
        "max_drawdown_3_0_bps": 0.041680758820334,
        "calmar_ratio_3_0_bps": 0.1919279800314475,
        "perc_pos_return_3_0_bps": 0.5138888888888886,
        "profit_loss_ratio_3_0_bps": 0.9799108643538386,
        "annual_return_rescaled": 0.10048059094194917,
        "annual_volatility_rescaled": 0.1499999999999997,
        "downside_risk_rescaled": 0.10505393660464846,
        "max_drawdown_rescaled": 0.09693729678583754,
        "annual_return_rescaled_0_5_bps": 0.08652262067913696,
        "annual_volatility_rescaled_0_5_bps": 0.1499999999999997,
        "downside_risk_rescaled_0_5_bps": 0.10544132184546803,
        "max_drawdown_rescaled_0_5_bps": 0.09841780926949331,
        "annual_return_rescaled_1_0_bps": 0.07273812716563788,
        "annual_volatility_rescaled_1_0_bps": 0.15000000000000085,
        "downside_risk_rescaled_1_0_bps": 0.1058299653263491,
        "max_drawdown_rescaled_1_0_bps": 0.10004108858395423,
        "annual_return_rescaled_1_5_bps": 0.05912541208246502,
        "annual_volatility_rescaled_1_5_bps": 0.15000000000000085,
        "downside_risk_rescaled_1_5_bps": 0.10621987391485438,
        "max_drawdown_rescaled_1_5_bps": 0.10167679666975948,
        "annual_return_rescaled_2_0_bps": 0.04568278213075283,
        "annual_volatility_rescaled_2_0_bps": 0.1500000000000013,
        "downside_risk_rescaled_2_0_bps": 0.10661101910078574,
        "max_drawdown_rescaled_2_0_bps": 0.10607470726662399,
        "annual_return_rescaled_2_5_bps": 0.032408549277602394,
        "annual_volatility_rescaled_2_5_bps": 0.15000000000000058,
        "downside_risk_rescaled_2_5_bps": 0.10700341174215025,
        "max_drawdown_rescaled_2_5_bps": 0.1115843550923635,
        "annual_return_rescaled_3_0_bps": 0.019301030997153523,
        "annual_volatility_rescaled_3_0_bps": 0.1500000000000008,
        "downside_risk_rescaled_3_0_bps": 0.10739703628251723,
        "max_drawdown_rescaled_3_0_bps": 0.1170592875609276,
        "sharpe_ratio_years": 0.7095353396328695,
        "sharpe_ratio_years_0_5_bps": 0.6250471980153995,
        "sharpe_ratio_years_1_0_bps": 0.540509864834636,
        "sharpe_ratio_years_1_5_bps": 0.4559258911862085,
        "sharpe_ratio_years_2_0_bps": 0.3712978397860155,
        "sharpe_ratio_years_2_5_bps": 0.286628284572584,
        "sharpe_ratio_years_3_0_bps": 0.20191981030373152,
        "sharpe_ratio_years_std": 0.1985134956351845,
        "sharpe_ratio_years_std_0_5_bps": 0.18783017572779148,
        "sharpe_ratio_years_std_1_0_bps": 0.17708287137800502,
        "sharpe_ratio_years_std_1_5_bps": 0.16627272883383248,
        "sharpe_ratio_years_std_2_0_bps": 0.1554009079499575,
        "sharpe_ratio_years_std_2_5_bps": 0.144468581922072,
        "sharpe_ratio_years_std_3_0_bps": 0.1334769370150175
    }
}