{
    "ALL": {
        "annual_return": [
            0.025241382927369,
            0.048219930459446
        ],
        "annual_volatility": [
            0.051361999865838004,
            0.053961415843287
        ],
        "sharpe_ratio": [
            0.511021843997685,
            0.8996465235282841
        ],
        "downside_risk": [
            0.038324486342357,
            0.035439776570252005
        ],
        "sortino_ratio": [
            0.6848651185662491,
            1.369822410472715
        ],
        "max_drawdown": [
            0.025880497272105,
            0.044069996216907006
        ],
        "calmar_ratio": [
            0.975305175243899,
            1.094166884474269
        ],
        "perc_pos_return": [
            0.5119047619047611,
            0.535714285714285
        ],
        "profit_loss_ratio": [
            1.045635494321337,
            1.015525414563269
        ],
        "annual_return_0_5_bps": [
            0.02136497121819,
            0.042837017334378
        ],
        "annual_volatility_0_5_bps": [
            0.051367953890138006,
            0.053932647815541
        ],
        "sharpe_ratio_0_5_bps": [
            0.43721702228760806,
            0.8046193657427351
        ],
        "downside_risk_0_5_bps": [
            0.038435713031565004,
            0.035584517868233
        ],
        "sortino_ratio_0_5_bps": [
            0.5843248913428151,
            1.219498126653152
        ],
        "max_drawdown_0_5_bps": [
            0.026384260042616,
            0.04466239919468001
        ],
        "calmar_ratio_0_5_bps": [
            0.8097620014236191,
            0.959129337133339
        ],
        "perc_pos_return_0_5_bps": [
            0.5119047619047611,
            0.535714285714285
        ],
        "profit_loss_ratio_0_5_bps": [
            1.031806120672893,
            0.9987379292938481
        ],
        "annual_return_1_0_bps": [
            0.017503141122138,
            0.03748159629507
        ],
        "annual_volatility_1_0_bps": [
            0.05137423508715001,
            0.053904613299761005
        ],
        "sharpe_ratio_1_0_bps": [
            0.36342699345663104,
            0.709481123175513
        ],
        "downside_risk_1_0_bps": [
            0.038547518072067,
            0.035730194423831005
        ],
        "sortino_ratio_1_0_bps": [
            0.484357611920716,
            1.070363769494312
        ],
        "max_drawdown_1_0_bps": [
            0.026934331172015002,
            0.045254449917259
        ],
        "calmar_ratio_1_0_bps": [
            0.6498450253082231,
            0.8282411202345851
        ],
        "perc_pos_return_1_0_bps": [
            0.5119047619047611,
            0.5317460317460311
        ],
        "profit_loss_ratio_1_0_bps": [
            1.018161448793882,
            0.9979713649407491
        ],
        "annual_return_1_5_bps": [
            0.013655838070314001,
            0.032153527699681
        ],
        "annual_volatility_1_5_bps": [
            0.051380843336886,
            0.053877313440975
        ],
        "sharpe_ratio_1_5_bps": [
            0.28965316235237604,
            0.614235495142146
        ],
        "downside_risk_1_5_bps": [
            0.038659896446059,
            0.03587682449697
        ],
        "sortino_ratio_1_5_bps": [
            0.384962845868621,
            0.922416037716522
        ],
        "max_drawdown_1_5_bps": [
            0.027556353170254,
            0.045846148585387006
        ],
        "calmar_ratio_1_5_bps": [
            0.495560424340015,
            0.7013354162083271
        ],
        "perc_pos_return_1_5_bps": [
            0.5119047619047611,
            0.5317460317460311
        ],
        "profit_loss_ratio_1_5_bps": [
            1.004697802981962,
            0.981401451750568
        ],
        "annual_return_2_0_bps": [
            0.009823007696976001,
            0.026852672611761
        ],
        "annual_volatility_2_0_bps": [
            0.051387778513173006,
            0.053850749356494004
        ],
        "sharpe_ratio_2_0_bps": [
            0.21589693183605801,
            0.5188862057137881
        ],
        "downside_risk_2_0_bps": [
            0.038772843827126,
            0.036024400871884
        ],
        "sortino_ratio_2_0_bps": [
            0.28614005628091305,
            0.7756523448595001
        ],
        "max_drawdown_2_0_bps": [
            0.028177988099906,
            0.046999211477104
        ],
        "calmar_ratio_2_0_bps": [
            0.348605715289143,
            0.5713430452943461
        ],
        "perc_pos_return_2_0_bps": [
            0.507936507936507,
            0.527777777777777
        ],
        "profit_loss_ratio_2_0_bps": [
            1.007279248033748,
            0.980569389938795
        ],
        "annual_return_2_5_bps": [
            0.006004595838793,
            0.021578892796717
        ],
        "annual_volatility_2_5_bps": [
            0.051395040483666006,
            0.053824922135694
        ],
        "sharpe_ratio_2_5_bps": [
            0.142159702650512,
            0.42343700304976606
        ],
        "downside_risk_2_5_bps": [
            0.038886356177440004,
            0.036172943713579
        ],
        "sortino_ratio_2_5_bps": [
            0.187888616756221,
            0.6300693661812521
        ],
        "max_drawdown_2_5_bps": [
            0.029645627745696002,
            0.049554420838449006
        ],
        "calmar_ratio_2_5_bps": [
            0.202545747733922,
            0.435458480426312
        ],
        "perc_pos_return_2_5_bps": [
            0.507936507936507,
            0.5238095238095231
        ],
        "profit_loss_ratio_2_5_bps": [
            0.993956777045588,
            0.979684435941741
        ],
        "annual_return_3_0_bps": [
            0.0022005485340930004,
            0.016332050718278
        ],
        "annual_volatility_3_0_bps": [
            0.05140262910986,
            0.053799832839793005
        ],
        "sharpe_ratio_3_0_bps": [
            0.068442873288714,
            0.327891658718447
        ],
        "downside_risk_3_0_bps": [
            0.039000428651002006,
            0.036322455502445006
        ],
        "sortino_ratio_3_0_bps": [
            0.090207819569249,
            0.48566420371628105
        ],
        "max_drawdown_3_0_bps": [
            0.031258672434613,
            0.052102845206055
        ],
        "calmar_ratio_3_0_bps": [
            0.070398016380776,
            0.31345794368211904
        ],
        "perc_pos_return_3_0_bps": [
            0.5039682539682541,
            0.5238095238095231
        ],
        "profit_loss_ratio_3_0_bps": [
            0.9965031518407711,
            0.963318576866906
        ],
        "annual_return_rescaled": [
            0.06609017706098808,
            0.13487100482291026
        ],
        "annual_volatility_rescaled": [
            0.14629795146699198,
            0.15370204853300737
        ],
        "downside_risk_rescaled": [
            0.10916229620258312,
            0.1009455770067138
        ],
        "max_drawdown_rescaled": [
            0.07272272496148974,
            0.12115186861018533
        ],
        "annual_return_rescaled_0_5_bps": [
            0.05465797946337858,
            0.11838726189489535
        ],
        "annual_volatility_rescaled_0_5_bps": [
            0.14634661072606497,
            0.15365338927393443
        ],
        "downside_risk_rescaled_0_5_bps": [
            0.10950283020887878,
            0.1013798134820573
        ],
        "max_drawdown_rescaled_0_5_bps": [
            0.07410547420648121,
            0.12273014433250543
        ],
        "annual_return_rescaled_1_0_bps": [
            0.04334254168374829,
            0.10213371264752746
        ],
        "annual_volatility_rescaled_1_0_bps": [
            0.14639474844465772,
            0.15360525155534402
        ],
        "downside_risk_rescaled_1_0_bps": [
            0.10984405318645156,
            0.10181587746624664
        ],
        "max_drawdown_rescaled_1_0_bps": [
            0.07577697800171501,
            0.12430519916619345
        ],
        "annual_return_rescaled_1_5_bps": [
            0.03214306938961298,
            0.08610775477531707
        ],
        "annual_volatility_rescaled_1_5_bps": [
            0.1464423610760778,
            0.15355763892392388
        ],
        "downside_risk_rescaled_1_5_bps": [
            0.11018593987252091,
            0.10225380795718784
        ],
        "max_drawdown_rescaled_1_5_bps": [
            0.0774766019948521,
            0.12587699134466687
        ],
        "annual_return_rescaled_2_0_bps": [
            0.02105876518125438,
            0.07030679908025128
        ],
        "annual_volatility_rescaled_2_0_bps": [
            0.14648944513025153,
            0.15351055486975104
        ],
        "downside_risk_rescaled_2_0_bps": [
            0.11052846693697117,
            0.10269357126460031
        ],
        "max_drawdown_rescaled_2_0_bps": [
            0.08037478452941978,
            0.13177463000382822
        ],
        "annual_return_rescaled_2_5_bps": [
            0.010088828768825664,
            0.054728269786379125
        ],
        "annual_volatility_rescaled_2_5_bps": [
            0.14653599717457974,
            0.1534640028254214
        ],
        "downside_risk_rescaled_2_5_bps": [
            0.11087161183885154,
            0.10313521164544896
        ],
        "max_drawdown_rescaled_2_5_bps": [
            0.08474458900085875,
            0.13842412118386824
        ],
        "annual_return_rescaled_3_0_bps": [
            -0.0007675428515352412,
            0.03936960484584229
        ],
        "annual_volatility_rescaled_3_0_bps": [
            0.14658201383479122,
            0.15341798616521035
        ],
        "downside_risk_rescaled_3_0_bps": [
            0.11121534970255666,
            0.10357872286247782
        ],
        "max_drawdown_rescaled_3_0_bps": [
            0.08909448985499066,
            0.14502408526686453
        ],
        "sharpe_ratio_years": [
            0.511021843997685,
            0.908048835268054
        ],
        "sharpe_ratio_years_0_5_bps": [
            0.43721702228760806,
            0.812877373743191
        ],
        "sharpe_ratio_years_1_0_bps": [
            0.36342699345663104,
            0.7175927362126411
        ],
        "sharpe_ratio_years_1_5_bps": [
            0.28965316235237604,
            0.622198620020041
        ],
        "sharpe_ratio_years_2_0_bps": [
            0.21589693183605801,
            0.526698747735973
        ],
        "sharpe_ratio_years_2_5_bps": [
            0.142159702650512,
            0.431096866494656
        ],
        "sharpe_ratio_years_3_0_bps": [
            0.068442873288714,
            0.335396747318749
        ]
    },
    "COMB": {
        "annual_return": [
            0.025241382927369,
            0.048219930459446
        ],
        "annual_volatility": [
            0.051361999865838004,
            0.053961415843287
        ],
        "sharpe_ratio": [
            0.511021843997685,
            0.8996465235282841
        ],
        "downside_risk": [
            0.038324486342357,
            0.035439776570252005
        ],
        "sortino_ratio": [
            0.6848651185662491,
            1.369822410472715
        ],
        "max_drawdown": [
            0.025880497272105,
            0.044069996216907006
        ],
        "calmar_ratio": [
            0.975305175243899,
            1.094166884474269
        ],
        "perc_pos_return": [
            0.5119047619047611,
            0.535714285714285
        ],
        "profit_loss_ratio": [
            1.045635494321337,
            1.015525414563269
        ],
        "annual_return_0_5_bps": [
            0.02136497121819,
            0.042837017334378
        ],
        "annual_volatility_0_5_bps": [
            0.051367953890138006,
            0.053932647815541
        ],
        "sharpe_ratio_0_5_bps": [
            0.43721702228760806,
            0.8046193657427351
        ],
        "downside_risk_0_5_bps": [
            0.038435713031565004,
            0.035584517868233
        ],
        "sortino_ratio_0_5_bps": [
            0.5843248913428151,
            1.219498126653152
        ],
        "max_drawdown_0_5_bps": [
            0.026384260042616,
            0.04466239919468001
        ],
        "calmar_ratio_0_5_bps": [
            0.8097620014236191,
            0.959129337133339
        ],
        "perc_pos_return_0_5_bps": [
            0.5119047619047611,
            0.535714285714285
        ],
        "profit_loss_ratio_0_5_bps": [
            1.031806120672893,
            0.9987379292938481
        ],
        "annual_return_1_0_bps": [
            0.017503141122138,
            0.03748159629507
        ],
        "annual_volatility_1_0_bps": [
            0.05137423508715001,
            0.053904613299761005
        ],
        "sharpe_ratio_1_0_bps": [
            0.36342699345663104,
            0.709481123175513
        ],
        "downside_risk_1_0_bps": [
            0.038547518072067,
            0.035730194423831005
        ],
        "sortino_ratio_1_0_bps": [
            0.484357611920716,
            1.070363769494312
        ],
        "max_drawdown_1_0_bps": [
            0.026934331172015002,
            0.045254449917259
        ],
        "calmar_ratio_1_0_bps": [
            0.6498450253082231,
            0.8282411202345851
        ],
        "perc_pos_return_1_0_bps": [
            0.5119047619047611,
            0.5317460317460311
        ],
        "profit_loss_ratio_1_0_bps": [
            1.018161448793882,
            0.9979713649407491
        ],
        "annual_return_1_5_bps": [
            0.013655838070314001,
            0.032153527699681
        ],
        "annual_volatility_1_5_bps": [
            0.051380843336886,
            0.053877313440975
        ],
        "sharpe_ratio_1_5_bps": [
            0.28965316235237604,
            0.614235495142146
        ],
        "downside_risk_1_5_bps": [
            0.038659896446059,
            0.03587682449697
        ],
        "sortino_ratio_1_5_bps": [
            0.384962845868621,
            0.922416037716522
        ],
        "max_drawdown_1_5_bps": [
            0.027556353170254,
            0.045846148585387006
        ],
        "calmar_ratio_1_5_bps": [
            0.495560424340015,
            0.7013354162083271
        ],
        "perc_pos_return_1_5_bps": [
            0.5119047619047611,
            0.5317460317460311
        ],
        "profit_loss_ratio_1_5_bps": [
            1.004697802981962,
            0.981401451750568
        ],
        "annual_return_2_0_bps": [
            0.009823007696976001,
            0.026852672611761
        ],
        "annual_volatility_2_0_bps": [
            0.051387778513173006,
            0.053850749356494004
        ],
        "sharpe_ratio_2_0_bps": [
            0.21589693183605801,
            0.5188862057137881
        ],
        "downside_risk_2_0_bps": [
            0.038772843827126,
            0.036024400871884
        ],
        "sortino_ratio_2_0_bps": [
            0.28614005628091305,
            0.7756523448595001
        ],
        "max_drawdown_2_0_bps": [
            0.028177988099906,
            0.046999211477104
        ],
        "calmar_ratio_2_0_bps": [
            0.348605715289143,
            0.5713430452943461
        ],
        "perc_pos_return_2_0_bps": [
            0.507936507936507,
            0.527777777777777
        ],
        "profit_loss_ratio_2_0_bps": [
            1.007279248033748,
            0.980569389938795
        ],
        "annual_return_2_5_bps": [
            0.006004595838793,
            0.021578892796717
        ],
        "annual_volatility_2_5_bps": [
            0.051395040483666006,
            0.053824922135694
        ],
        "sharpe_ratio_2_5_bps": [
            0.142159702650512,
            0.42343700304976606
        ],
        "downside_risk_2_5_bps": [
            0.038886356177440004,
            0.036172943713579
        ],
        "sortino_ratio_2_5_bps": [
            0.187888616756221,
            0.6300693661812521
        ],
        "max_drawdown_2_5_bps": [
            0.029645627745696002,
            0.049554420838449006
        ],
        "calmar_ratio_2_5_bps": [
            0.202545747733922,
            0.435458480426312
        ],
        "perc_pos_return_2_5_bps": [
            0.507936507936507,
            0.5238095238095231
        ],
        "profit_loss_ratio_2_5_bps": [
            0.993956777045588,
            0.979684435941741
        ],
        "annual_return_3_0_bps": [
            0.0022005485340930004,
            0.016332050718278
        ],
        "annual_volatility_3_0_bps": [
            0.05140262910986,
            0.053799832839793005
        ],
        "sharpe_ratio_3_0_bps": [
            0.068442873288714,
            0.327891658718447
        ],
        "downside_risk_3_0_bps": [
            0.039000428651002006,
            0.036322455502445006
        ],
        "sortino_ratio_3_0_bps": [
            0.090207819569249,
            0.48566420371628105
        ],
        "max_drawdown_3_0_bps": [
            0.031258672434613,
            0.052102845206055
        ],
        "calmar_ratio_3_0_bps": [
            0.070398016380776,
            0.31345794368211904
        ],
        "perc_pos_return_3_0_bps": [
            0.5039682539682541,
            0.5238095238095231
        ],
        "profit_loss_ratio_3_0_bps": [
            0.9965031518407711,
            0.963318576866906
        ],
        "annual_return_rescaled": [
            0.06609017706098808,
            0.13487100482291026
        ],
        "annual_volatility_rescaled": [
            0.14629795146699198,
            0.15370204853300737
        ],
        "downside_risk_rescaled": [
            0.10916229620258312,
            0.1009455770067138
        ],
        "max_drawdown_rescaled": [
            0.07272272496148974,
            0.12115186861018533
        ],
        "annual_return_rescaled_0_5_bps": [
            0.05465797946337858,
            0.11838726189489535
        ],
        "annual_volatility_rescaled_0_5_bps": [
            0.14634661072606497,
            0.15365338927393443
        ],
        "downside_risk_rescaled_0_5_bps": [
            0.10950283020887878,
            0.1013798134820573
        ],
        "max_drawdown_rescaled_0_5_bps": [
            0.07410547420648121,
            0.12273014433250543
        ],
        "annual_return_rescaled_1_0_bps": [
            0.04334254168374829,
            0.10213371264752746
        ],
        "annual_volatility_rescaled_1_0_bps": [
            0.14639474844465772,
            0.15360525155534402
        ],
        "downside_risk_rescaled_1_0_bps": [
            0.10984405318645156,
            0.10181587746624664
        ],
        "max_drawdown_rescaled_1_0_bps": [
            0.07577697800171501,
            0.12430519916619345
        ],
        "annual_return_rescaled_1_5_bps": [
            0.03214306938961298,
            0.08610775477531707
        ],
        "annual_volatility_rescaled_1_5_bps": [
            0.1464423610760778,
            0.15355763892392388
        ],
        "downside_risk_rescaled_1_5_bps": [
            0.11018593987252091,
            0.10225380795718784
        ],
        "max_drawdown_rescaled_1_5_bps": [
            0.0774766019948521,
            0.12587699134466687
        ],
        "annual_return_rescaled_2_0_bps": [
            0.02105876518125438,
            0.07030679908025128
        ],
        "annual_volatility_rescaled_2_0_bps": [
            0.14648944513025153,
            0.15351055486975104
        ],
        "downside_risk_rescaled_2_0_bps": [
            0.11052846693697117,
            0.10269357126460031
        ],
        "max_drawdown_rescaled_2_0_bps": [
            0.08037478452941978,
            0.13177463000382822
        ],
        "annual_return_rescaled_2_5_bps": [
            0.010088828768825664,
            0.054728269786379125
        ],
        "annual_volatility_rescaled_2_5_bps": [
            0.14653599717457974,
            0.1534640028254214
        ],
        "downside_risk_rescaled_2_5_bps": [
            0.11087161183885154,
            0.10313521164544896
        ],
        "max_drawdown_rescaled_2_5_bps": [
            0.08474458900085875,
            0.13842412118386824
        ],
        "annual_return_rescaled_3_0_bps": [
            -0.0007675428515352412,
            0.03936960484584229
        ],
        "annual_volatility_rescaled_3_0_bps": [
            0.14658201383479122,
            0.15341798616521035
        ],
        "downside_risk_rescaled_3_0_bps": [
            0.11121534970255666,
            0.10357872286247782
        ],
        "max_drawdown_rescaled_3_0_bps": [
            0.08909448985499066,
            0.14502408526686453
        ],
        "sharpe_ratio_years": [
            0.511021843997685,
            0.908048835268054
        ],
        "sharpe_ratio_years_0_5_bps": [
            0.43721702228760806,
            0.812877373743191
        ],
        "sharpe_ratio_years_1_0_bps": [
            0.36342699345663104,
            0.7175927362126411
        ],
        "sharpe_ratio_years_1_5_bps": [
            0.28965316235237604,
            0.622198620020041
        ],
        "sharpe_ratio_years_2_0_bps": [
            0.21589693183605801,
            0.526698747735973
        ],
        "sharpe_ratio_years_2_5_bps": [
            0.142159702650512,
            0.431096866494656
        ],
        "sharpe_ratio_years_3_0_bps": [
            0.068442873288714,
            0.335396747318749
        ]
    }
}