{
    "ALL": {
        "annual_return": 0.009779755122497003,
        "annual_volatility": 0.0323269179359702,
        "sharpe_ratio": 0.2406173309306372,
        "downside_risk": 0.022171915907759403,
        "sortino_ratio": 0.451247762954676,
        "max_drawdown": 0.03382025827329001,
        "calmar_ratio": 0.45487615427533823,
        "perc_pos_return": 0.5086557539682536,
        "profit_loss_ratio": 1.0177469703617033,
        "annual_return_0_5_bps": 0.008742386982507401,
        "annual_volatility_0_5_bps": 0.0323297197566564,
        "sharpe_ratio_0_5_bps": 0.2079497250726326,
        "downside_risk_0_5_bps": 0.022206131886911205,
        "sortino_ratio_0_5_bps": 0.40338228914083646,
        "max_drawdown_0_5_bps": 0.0340928383839222,
        "calmar_ratio_0_5_bps": 0.4171739320097075,
        "perc_pos_return_0_5_bps": 0.5086557539682536,
        "profit_loss_ratio_0_5_bps": 1.0117983033499844,
        "annual_return_1_0_bps": 0.0077061807041492,
        "annual_volatility_1_0_bps": 0.032332613315805,
        "sharpe_ratio_1_0_bps": 0.17528761395929543,
        "downside_risk_1_0_bps": 0.022240469602020002,
        "sortino_ratio_1_0_bps": 0.35568317710807656,
        "max_drawdown_1_0_bps": 0.03439429260028461,
        "calmar_ratio_1_0_bps": 0.37897326624602146,
        "perc_pos_return_1_0_bps": 0.5078745039682536,
        "profit_loss_ratio_1_0_bps": 1.0094382276939171,
        "annual_return_1_5_bps": 0.0066711349044036,
        "annual_volatility_1_5_bps": 0.032335598563163204,
        "sharpe_ratio_1_5_bps": 0.1426313470147554,
        "downside_risk_1_5_bps": 0.0222749284019854,
        "sortino_ratio_1_5_bps": 0.30815039600442984,
        "max_drawdown_1_5_bps": 0.034699051720040404,
        "calmar_ratio_1_5_bps": 0.3414164569997184,
        "perc_pos_return_1_5_bps": 0.5078745039682536,
        "profit_loss_ratio_1_5_bps": 1.0035473051495203,
        "annual_return_2_0_bps": 0.005637248201973,
        "annual_volatility_2_0_bps": 0.032338675447339406,
        "sharpe_ratio_2_0_bps": 0.10998127284030881,
        "downside_risk_2_0_bps": 0.022309507773479002,
        "sortino_ratio_2_0_bps": 0.26078389967235194,
        "max_drawdown_2_0_bps": 0.035003699401133404,
        "calmar_ratio_2_0_bps": 0.3046251824134446,
        "perc_pos_return_2_0_bps": 0.5062872023809522,
        "profit_loss_ratio_2_0_bps": 1.0040560184561627,
        "annual_return_2_5_bps": 0.0046045192172726,
        "annual_volatility_2_5_bps": 0.0323418439158078,
        "sharpe_ratio_2_5_bps": 0.0773377391919798,
        "downside_risk_2_5_bps": 0.022344207228075202,
        "sortino_ratio_2_5_bps": 0.2135836325421236,
        "max_drawdown_2_5_bps": 0.0353097939660292,
        "calmar_ratio_2_5_bps": 0.2684898840495902,
        "perc_pos_return_2_5_bps": 0.5055059523809522,
        "profit_loss_ratio_2_5_bps": 1.0017458834899393,
        "annual_return_3_0_bps": 0.0035729465724222004,
        "annual_volatility_3_0_bps": 0.0323451039149146,
        "sharpe_ratio_3_0_bps": 0.044701092958319595,
        "downside_risk_3_0_bps": 0.022379026390915803,
        "sortino_ratio_3_0_bps": 0.16654953440057865,
        "max_drawdown_3_0_bps": 0.0356198896070122,
        "calmar_ratio_3_0_bps": 0.23286478865735863,
        "perc_pos_return_3_0_bps": 0.5039371077888516,
        "profit_loss_ratio_3_0_bps": 1.0017532622277145,
        "annual_return_rescaled": 0.04139008534026478,
        "annual_volatility_rescaled": 0.15000000000000058,
        "downside_risk_rescaled": 0.10287981652786393,
        "max_drawdown_rescaled": 0.14901101650216514,
        "annual_return_rescaled_0_5_bps": 0.0364135237801678,
        "annual_volatility_rescaled_0_5_bps": 0.1500000000000002,
        "downside_risk_rescaled_0_5_bps": 0.10302965222427876,
        "max_drawdown_rescaled_0_5_bps": 0.15022607739243116,
        "annual_return_rescaled_1_0_bps": 0.03146351731845898,
        "annual_volatility_rescaled_1_0_bps": 0.1500000000000003,
        "downside_risk_rescaled_1_0_bps": 0.1031797339645387,
        "max_drawdown_rescaled_1_0_bps": 0.15143851459160534,
        "annual_return_rescaled_1_5_bps": 0.02653995408655858,
        "annual_volatility_rescaled_1_5_bps": 0.15000000000000055,
        "downside_risk_rescaled_1_5_bps": 0.10333005754543814,
        "max_drawdown_rescaled_1_5_bps": 0.15264832490206878,
        "annual_return_rescaled_2_0_bps": 0.021642722239631353,
        "annual_volatility_rescaled_2_0_bps": 0.15000000000000013,
        "downside_risk_rescaled_2_0_bps": 0.10348061940481339,
        "max_drawdown_rescaled_2_0_bps": 0.15385550519872088,
        "annual_return_rescaled_2_5_bps": 0.01677170996220123,
        "annual_volatility_rescaled_2_5_bps": 0.1500000000000003,
        "downside_risk_rescaled_2_5_bps": 0.1036314160978666,
        "max_drawdown_rescaled_2_5_bps": 0.15507219053700427,
        "annual_return_rescaled_3_0_bps": 0.01192680547370204,
        "annual_volatility_rescaled_3_0_bps": 0.15000000000000058,
        "downside_risk_rescaled_3_0_bps": 0.10378244470841007,
        "max_drawdown_rescaled_3_0_bps": 0.15633408296729082,
        "sharpe_ratio_years": 0.26912050156003164,
        "sharpe_ratio_years_0_5_bps": 0.23651337374828318,
        "sharpe_ratio_years_1_0_bps": 0.2039118018015018,
        "sharpe_ratio_years_1_5_bps": 0.1713161307036558,
        "sharpe_ratio_years_2_0_bps": 0.1387267046179686,
        "sharpe_ratio_years_2_5_bps": 0.10614386686524901,
        "sharpe_ratio_years_3_0_bps": 0.0735679599024488,
        "sharpe_ratio_years_std": 0.676025286529664,
        "sharpe_ratio_years_std_0_5_bps": 0.6764253013800825,
        "sharpe_ratio_years_std_1_0_bps": 0.6770518715123643,
        "sharpe_ratio_years_std_1_5_bps": 0.6779040708960333,
        "sharpe_ratio_years_std_2_0_bps": 0.6789807324223913,
        "sharpe_ratio_years_std_2_5_bps": 0.6802804534226614,
        "sharpe_ratio_years_std_3_0_bps": 0.6818016022808107
    },
    "COMB": {
        "annual_return": 0.009779755122497003,
        "annual_volatility": 0.0323269179359702,
        "sharpe_ratio": 0.2406173309306372,
        "downside_risk": 0.022171915907759403,
        "sortino_ratio": 0.451247762954676,
        "max_drawdown": 0.03382025827329001,
        "calmar_ratio": 0.45487615427533823,
        "perc_pos_return": 0.5086557539682536,
        "profit_loss_ratio": 1.0177469703617033,
        "annual_return_0_5_bps": 0.008742386982507401,
        "annual_volatility_0_5_bps": 0.0323297197566564,
        "sharpe_ratio_0_5_bps": 0.2079497250726326,
        "downside_risk_0_5_bps": 0.022206131886911205,
        "sortino_ratio_0_5_bps": 0.40338228914083646,
        "max_drawdown_0_5_bps": 0.0340928383839222,
        "calmar_ratio_0_5_bps": 0.4171739320097075,
        "perc_pos_return_0_5_bps": 0.5086557539682536,
        "profit_loss_ratio_0_5_bps": 1.0117983033499844,
        "annual_return_1_0_bps": 0.0077061807041492,
        "annual_volatility_1_0_bps": 0.032332613315805,
        "sharpe_ratio_1_0_bps": 0.17528761395929543,
        "downside_risk_1_0_bps": 0.022240469602020002,
        "sortino_ratio_1_0_bps": 0.35568317710807656,
        "max_drawdown_1_0_bps": 0.03439429260028461,
        "calmar_ratio_1_0_bps": 0.37897326624602146,
        "perc_pos_return_1_0_bps": 0.5078745039682536,
        "profit_loss_ratio_1_0_bps": 1.0094382276939171,
        "annual_return_1_5_bps": 0.0066711349044036,
        "annual_volatility_1_5_bps": 0.032335598563163204,
        "sharpe_ratio_1_5_bps": 0.1426313470147554,
        "downside_risk_1_5_bps": 0.0222749284019854,
        "sortino_ratio_1_5_bps": 0.30815039600442984,
        "max_drawdown_1_5_bps": 0.034699051720040404,
        "calmar_ratio_1_5_bps": 0.3414164569997184,
        "perc_pos_return_1_5_bps": 0.5078745039682536,
        "profit_loss_ratio_1_5_bps": 1.0035473051495203,
        "annual_return_2_0_bps": 0.005637248201973,
        "annual_volatility_2_0_bps": 0.032338675447339406,
        "sharpe_ratio_2_0_bps": 0.10998127284030881,
        "downside_risk_2_0_bps": 0.022309507773479002,
        "sortino_ratio_2_0_bps": 0.26078389967235194,
        "max_drawdown_2_0_bps": 0.035003699401133404,
        "calmar_ratio_2_0_bps": 0.3046251824134446,
        "perc_pos_return_2_0_bps": 0.5062872023809522,
        "profit_loss_ratio_2_0_bps": 1.0040560184561627,
        "annual_return_2_5_bps": 0.0046045192172726,
        "annual_volatility_2_5_bps": 0.0323418439158078,
        "sharpe_ratio_2_5_bps": 0.0773377391919798,
        "downside_risk_2_5_bps": 0.022344207228075202,
        "sortino_ratio_2_5_bps": 0.2135836325421236,
        "max_drawdown_2_5_bps": 0.0353097939660292,
        "calmar_ratio_2_5_bps": 0.2684898840495902,
        "perc_pos_return_2_5_bps": 0.5055059523809522,
        "profit_loss_ratio_2_5_bps": 1.0017458834899393,
        "annual_return_3_0_bps": 0.0035729465724222004,
        "annual_volatility_3_0_bps": 0.0323451039149146,
        "sharpe_ratio_3_0_bps": 0.044701092958319595,
        "downside_risk_3_0_bps": 0.022379026390915803,
        "sortino_ratio_3_0_bps": 0.16654953440057865,
        "max_drawdown_3_0_bps": 0.0356198896070122,
        "calmar_ratio_3_0_bps": 0.23286478865735863,
        "perc_pos_return_3_0_bps": 0.5039371077888516,
        "profit_loss_ratio_3_0_bps": 1.0017532622277145,
        "annual_return_rescaled": 0.04139008534026478,
        "annual_volatility_rescaled": 0.15000000000000058,
        "downside_risk_rescaled": 0.10287981652786393,
        "max_drawdown_rescaled": 0.14901101650216514,
        "annual_return_rescaled_0_5_bps": 0.0364135237801678,
        "annual_volatility_rescaled_0_5_bps": 0.1500000000000002,
        "downside_risk_rescaled_0_5_bps": 0.10302965222427876,
        "max_drawdown_rescaled_0_5_bps": 0.15022607739243116,
        "annual_return_rescaled_1_0_bps": 0.03146351731845898,
        "annual_volatility_rescaled_1_0_bps": 0.1500000000000003,
        "downside_risk_rescaled_1_0_bps": 0.1031797339645387,
        "max_drawdown_rescaled_1_0_bps": 0.15143851459160534,
        "annual_return_rescaled_1_5_bps": 0.02653995408655858,
        "annual_volatility_rescaled_1_5_bps": 0.15000000000000055,
        "downside_risk_rescaled_1_5_bps": 0.10333005754543814,
        "max_drawdown_rescaled_1_5_bps": 0.15264832490206878,
        "annual_return_rescaled_2_0_bps": 0.021642722239631353,
        "annual_volatility_rescaled_2_0_bps": 0.15000000000000013,
        "downside_risk_rescaled_2_0_bps": 0.10348061940481339,
        "max_drawdown_rescaled_2_0_bps": 0.15385550519872088,
        "annual_return_rescaled_2_5_bps": 0.01677170996220123,
        "annual_volatility_rescaled_2_5_bps": 0.1500000000000003,
        "downside_risk_rescaled_2_5_bps": 0.1036314160978666,
        "max_drawdown_rescaled_2_5_bps": 0.15507219053700427,
        "annual_return_rescaled_3_0_bps": 0.01192680547370204,
        "annual_volatility_rescaled_3_0_bps": 0.15000000000000058,
        "downside_risk_rescaled_3_0_bps": 0.10378244470841007,
        "max_drawdown_rescaled_3_0_bps": 0.15633408296729082,
        "sharpe_ratio_years": 0.26912050156003164,
        "sharpe_ratio_years_0_5_bps": 0.23651337374828318,
        "sharpe_ratio_years_1_0_bps": 0.2039118018015018,
        "sharpe_ratio_years_1_5_bps": 0.1713161307036558,
        "sharpe_ratio_years_2_0_bps": 0.1387267046179686,
        "sharpe_ratio_years_2_5_bps": 0.10614386686524901,
        "sharpe_ratio_years_3_0_bps": 0.0735679599024488,
        "sharpe_ratio_years_std": 0.676025286529664,
        "sharpe_ratio_years_std_0_5_bps": 0.6764253013800825,
        "sharpe_ratio_years_std_1_0_bps": 0.6770518715123643,
        "sharpe_ratio_years_std_1_5_bps": 0.6779040708960333,
        "sharpe_ratio_years_std_2_0_bps": 0.6789807324223913,
        "sharpe_ratio_years_std_2_5_bps": 0.6802804534226614,
        "sharpe_ratio_years_std_3_0_bps": 0.6818016022808107
    }
}