{
    "ALL": {
        "annual_return": -0.007226121173405501,
        "annual_volatility": 0.06861604612486101,
        "sharpe_ratio": -0.027323559185846516,
        "downside_risk": 0.04809208195390301,
        "sortino_ratio": -0.035511757727863996,
        "max_drawdown": 0.07823605462011302,
        "calmar_ratio": -0.05567718518724049,
        "perc_pos_return": 0.5086797761216361,
        "profit_loss_ratio": 0.9578621682725871,
        "annual_return_0_5_bps": -0.010907258273101001,
        "annual_volatility_0_5_bps": 0.06861579148602151,
        "sharpe_ratio_0_5_bps": -0.08243128487472101,
        "downside_risk_0_5_bps": 0.04821644025657751,
        "sortino_ratio_0_5_bps": -0.1141587741000095,
        "max_drawdown_0_5_bps": 0.07976149857359201,
        "calmar_ratio_0_5_bps": -0.10316802263899649,
        "perc_pos_return_0_5_bps": 0.50481128969501,
        "profit_loss_ratio_0_5_bps": 0.9677064621258391,
        "annual_return_1_0_bps": -0.0145746487482055,
        "annual_volatility_1_0_bps": 0.068616565055651,
        "sharpe_ratio_1_0_bps": -0.137531063137672,
        "downside_risk_1_0_bps": 0.048341782335135,
        "sortino_ratio_1_0_bps": -0.19237707548815652,
        "max_drawdown_1_0_bps": 0.08128421444641001,
        "calmar_ratio_1_0_bps": -0.148438170706073,
        "perc_pos_return_1_0_bps": 0.50481128969501,
        "profit_loss_ratio_1_0_bps": 0.9587957855526316,
        "annual_return_1_5_bps": -0.018228344236318503,
        "annual_volatility_1_5_bps": 0.068618366869903,
        "sharpe_ratio_1_5_bps": -0.19262051023761054,
        "downside_risk_1_5_bps": 0.048468102808917,
        "sortino_ratio_1_5_bps": -0.270165363538207,
        "max_drawdown_1_5_bps": 0.08280420741029801,
        "calmar_ratio_1_5_bps": -0.1916573903210045,
        "perc_pos_return_1_5_bps": 0.50481128969501,
        "profit_loss_ratio_1_5_bps": 0.9499662741673232,
        "annual_return_2_0_bps": -0.021868396180229004,
        "annual_volatility_2_0_bps": 0.0686211969184615,
        "sharpe_ratio_2_0_bps": -0.24769724415882052,
        "downside_risk_2_0_bps": 0.048595401456233006,
        "sortino_ratio_2_0_bps": -0.347522395794835,
        "max_drawdown_2_0_bps": 0.084321482626836,
        "calmar_ratio_2_0_bps": -0.23297701727970152,
        "perc_pos_return_2_0_bps": 0.500942803268384,
        "profit_loss_ratio_2_0_bps": 0.9559078014182245,
        "annual_return_2_5_bps": -0.025494855828654,
        "annual_volatility_2_5_bps": 0.068625055144528,
        "sharpe_ratio_2_5_bps": -0.3027588851250505,
        "downside_risk_2_5_bps": 0.048723684708884,
        "sortino_ratio_2_5_bps": -0.42444693697943753,
        "max_drawdown_2_5_bps": 0.08589264050523351,
        "calmar_ratio_2_5_bps": -0.27246149204559955,
        "perc_pos_return_2_5_bps": 0.49900481877226005,
        "profit_loss_ratio_2_5_bps": 0.954633043161432,
        "annual_return_3_0_bps": -0.029107774236971,
        "annual_volatility_3_0_bps": 0.068629941444817,
        "sharpe_ratio_3_0_bps": -0.35780305611683255,
        "downside_risk_3_0_bps": 0.048852968338253505,
        "sortino_ratio_3_0_bps": -0.5009376686897216,
        "max_drawdown_3_0_bps": 0.08748565312971651,
        "calmar_ratio_3_0_bps": -0.3102058237965695,
        "perc_pos_return_3_0_bps": 0.49900481877226005,
        "profit_loss_ratio_3_0_bps": 0.945853260048308,
        "annual_return_rescaled": -0.021488184272042687,
        "annual_volatility_rescaled": 0.15000000000000102,
        "downside_risk_rescaled": 0.10513302209163303,
        "max_drawdown_rescaled": 0.16482958448788626,
        "annual_return_rescaled_0_5_bps": -0.029380173716035518,
        "annual_volatility_rescaled_0_5_bps": 0.15000000000000102,
        "downside_risk_rescaled_0_5_bps": 0.10540527015504933,
        "max_drawdown_rescaled_0_5_bps": 0.16786847421400808,
        "annual_return_rescaled_1_0_bps": -0.03720741407798894,
        "annual_volatility_rescaled_1_0_bps": 0.15000000000000052,
        "downside_risk_rescaled_1_0_bps": 0.10567808727220848,
        "max_drawdown_rescaled_1_0_bps": 0.1708930760681746,
        "annual_return_rescaled_1_5_bps": -0.04497009912930977,
        "annual_volatility_rescaled_1_5_bps": 0.15000000000000044,
        "downside_risk_rescaled_1_5_bps": 0.10595144934185882,
        "max_drawdown_rescaled_1_5_bps": 0.17390332852183304,
        "annual_return_rescaled_2_0_bps": -0.05266842946548217,
        "annual_volatility_rescaled_2_0_bps": 0.1500000000000007,
        "downside_risk_rescaled_2_0_bps": 0.10622534356397842,
        "max_drawdown_rescaled_2_0_bps": 0.1769114951466137,
        "annual_return_rescaled_2_5_bps": -0.06030261238161805,
        "annual_volatility_rescaled_2_5_bps": 0.14999999999999997,
        "downside_risk_rescaled_2_5_bps": 0.10649977170787593,
        "max_drawdown_rescaled_2_5_bps": 0.18005497995033745,
        "annual_return_rescaled_3_0_bps": -0.06787286174676643,
        "annual_volatility_rescaled_3_0_bps": 0.1500000000000013,
        "downside_risk_rescaled_3_0_bps": 0.10677475598067061,
        "max_drawdown_rescaled_3_0_bps": 0.18318232619302732,
        "sharpe_ratio_years": 0.040774516880562,
        "sharpe_ratio_years_0_5_bps": -0.011895590872181002,
        "sharpe_ratio_years_1_0_bps": -0.0645608305226075,
        "sharpe_ratio_years_1_5_bps": -0.11721918176553,
        "sharpe_ratio_years_2_0_bps": -0.16986862538052752,
        "sharpe_ratio_years_2_5_bps": -0.222507143619798,
        "sharpe_ratio_years_3_0_bps": -0.275132720595539,
        "sharpe_ratio_years_std": 0.044328944407593,
        "sharpe_ratio_years_std_0_5_bps": 0.049349923871095006,
        "sharpe_ratio_years_std_1_0_bps": 0.0543524412419415,
        "sharpe_ratio_years_std_1_5_bps": 0.05933651361061101,
        "sharpe_ratio_years_std_2_0_bps": 0.06430216214091951,
        "sharpe_ratio_years_std_2_5_bps": 0.069249412022916,
        "sharpe_ratio_years_std_3_0_bps": 0.074178292423909
    },
    "COMB": {
        "annual_return": -0.007226121173405501,
        "annual_volatility": 0.06861604612486101,
        "sharpe_ratio": -0.027323559185846516,
        "downside_risk": 0.04809208195390301,
        "sortino_ratio": -0.035511757727863996,
        "max_drawdown": 0.07823605462011302,
        "calmar_ratio": -0.05567718518724049,
        "perc_pos_return": 0.5086797761216361,
        "profit_loss_ratio": 0.9578621682725871,
        "annual_return_0_5_bps": -0.010907258273101001,
        "annual_volatility_0_5_bps": 0.06861579148602151,
        "sharpe_ratio_0_5_bps": -0.08243128487472101,
        "downside_risk_0_5_bps": 0.04821644025657751,
        "sortino_ratio_0_5_bps": -0.1141587741000095,
        "max_drawdown_0_5_bps": 0.07976149857359201,
        "calmar_ratio_0_5_bps": -0.10316802263899649,
        "perc_pos_return_0_5_bps": 0.50481128969501,
        "profit_loss_ratio_0_5_bps": 0.9677064621258391,
        "annual_return_1_0_bps": -0.0145746487482055,
        "annual_volatility_1_0_bps": 0.068616565055651,
        "sharpe_ratio_1_0_bps": -0.137531063137672,
        "downside_risk_1_0_bps": 0.048341782335135,
        "sortino_ratio_1_0_bps": -0.19237707548815652,
        "max_drawdown_1_0_bps": 0.08128421444641001,
        "calmar_ratio_1_0_bps": -0.148438170706073,
        "perc_pos_return_1_0_bps": 0.50481128969501,
        "profit_loss_ratio_1_0_bps": 0.9587957855526316,
        "annual_return_1_5_bps": -0.018228344236318503,
        "annual_volatility_1_5_bps": 0.068618366869903,
        "sharpe_ratio_1_5_bps": -0.19262051023761054,
        "downside_risk_1_5_bps": 0.048468102808917,
        "sortino_ratio_1_5_bps": -0.270165363538207,
        "max_drawdown_1_5_bps": 0.08280420741029801,
        "calmar_ratio_1_5_bps": -0.1916573903210045,
        "perc_pos_return_1_5_bps": 0.50481128969501,
        "profit_loss_ratio_1_5_bps": 0.9499662741673232,
        "annual_return_2_0_bps": -0.021868396180229004,
        "annual_volatility_2_0_bps": 0.0686211969184615,
        "sharpe_ratio_2_0_bps": -0.24769724415882052,
        "downside_risk_2_0_bps": 0.048595401456233006,
        "sortino_ratio_2_0_bps": -0.347522395794835,
        "max_drawdown_2_0_bps": 0.084321482626836,
        "calmar_ratio_2_0_bps": -0.23297701727970152,
        "perc_pos_return_2_0_bps": 0.500942803268384,
        "profit_loss_ratio_2_0_bps": 0.9559078014182245,
        "annual_return_2_5_bps": -0.025494855828654,
        "annual_volatility_2_5_bps": 0.068625055144528,
        "sharpe_ratio_2_5_bps": -0.3027588851250505,
        "downside_risk_2_5_bps": 0.048723684708884,
        "sortino_ratio_2_5_bps": -0.42444693697943753,
        "max_drawdown_2_5_bps": 0.08589264050523351,
        "calmar_ratio_2_5_bps": -0.27246149204559955,
        "perc_pos_return_2_5_bps": 0.49900481877226005,
        "profit_loss_ratio_2_5_bps": 0.954633043161432,
        "annual_return_3_0_bps": -0.029107774236971,
        "annual_volatility_3_0_bps": 0.068629941444817,
        "sharpe_ratio_3_0_bps": -0.35780305611683255,
        "downside_risk_3_0_bps": 0.048852968338253505,
        "sortino_ratio_3_0_bps": -0.5009376686897216,
        "max_drawdown_3_0_bps": 0.08748565312971651,
        "calmar_ratio_3_0_bps": -0.3102058237965695,
        "perc_pos_return_3_0_bps": 0.49900481877226005,
        "profit_loss_ratio_3_0_bps": 0.945853260048308,
        "annual_return_rescaled": -0.021488184272042687,
        "annual_volatility_rescaled": 0.15000000000000102,
        "downside_risk_rescaled": 0.10513302209163303,
        "max_drawdown_rescaled": 0.16482958448788626,
        "annual_return_rescaled_0_5_bps": -0.029380173716035518,
        "annual_volatility_rescaled_0_5_bps": 0.15000000000000102,
        "downside_risk_rescaled_0_5_bps": 0.10540527015504933,
        "max_drawdown_rescaled_0_5_bps": 0.16786847421400808,
        "annual_return_rescaled_1_0_bps": -0.03720741407798894,
        "annual_volatility_rescaled_1_0_bps": 0.15000000000000052,
        "downside_risk_rescaled_1_0_bps": 0.10567808727220848,
        "max_drawdown_rescaled_1_0_bps": 0.1708930760681746,
        "annual_return_rescaled_1_5_bps": -0.04497009912930977,
        "annual_volatility_rescaled_1_5_bps": 0.15000000000000044,
        "downside_risk_rescaled_1_5_bps": 0.10595144934185882,
        "max_drawdown_rescaled_1_5_bps": 0.17390332852183304,
        "annual_return_rescaled_2_0_bps": -0.05266842946548217,
        "annual_volatility_rescaled_2_0_bps": 0.1500000000000007,
        "downside_risk_rescaled_2_0_bps": 0.10622534356397842,
        "max_drawdown_rescaled_2_0_bps": 0.1769114951466137,
        "annual_return_rescaled_2_5_bps": -0.06030261238161805,
        "annual_volatility_rescaled_2_5_bps": 0.14999999999999997,
        "downside_risk_rescaled_2_5_bps": 0.10649977170787593,
        "max_drawdown_rescaled_2_5_bps": 0.18005497995033745,
        "annual_return_rescaled_3_0_bps": -0.06787286174676643,
        "annual_volatility_rescaled_3_0_bps": 0.1500000000000013,
        "downside_risk_rescaled_3_0_bps": 0.10677475598067061,
        "max_drawdown_rescaled_3_0_bps": 0.18318232619302732,
        "sharpe_ratio_years": 0.040774516880562,
        "sharpe_ratio_years_0_5_bps": -0.011895590872181002,
        "sharpe_ratio_years_1_0_bps": -0.0645608305226075,
        "sharpe_ratio_years_1_5_bps": -0.11721918176553,
        "sharpe_ratio_years_2_0_bps": -0.16986862538052752,
        "sharpe_ratio_years_2_5_bps": -0.222507143619798,
        "sharpe_ratio_years_3_0_bps": -0.275132720595539,
        "sharpe_ratio_years_std": 0.044328944407593,
        "sharpe_ratio_years_std_0_5_bps": 0.049349923871095006,
        "sharpe_ratio_years_std_1_0_bps": 0.0543524412419415,
        "sharpe_ratio_years_std_1_5_bps": 0.05933651361061101,
        "sharpe_ratio_years_std_2_0_bps": 0.06430216214091951,
        "sharpe_ratio_years_std_2_5_bps": 0.069249412022916,
        "sharpe_ratio_years_std_3_0_bps": 0.074178292423909
    }
}