{
    "ALL": {
        "annual_return": [
            -0.023793290146906003,
            0.009341047800095
        ],
        "annual_volatility": [
            0.08235259476277401,
            0.054879497486948
        ],
        "sharpe_ratio": [
            -0.25139866504539404,
            0.196751546673701
        ],
        "downside_risk": [
            0.058232158925339006,
            0.037952004982467
        ],
        "sortino_ratio": [
            -0.35553090883904803,
            0.28450739338332004
        ],
        "max_drawdown": [
            0.09247094359737801,
            0.06400116564284801
        ],
        "calmar_ratio": [
            -0.257305584016786,
            0.145951213642305
        ],
        "perc_pos_return": [
            0.49612403100775104,
            0.5212355212355211
        ],
        "profit_loss_ratio": [
            0.9738714937655821,
            0.941852842779592
        ],
        "annual_return_0_5_bps": [
            -0.027885829543162002,
            0.00607131299696
        ],
        "annual_volatility_0_5_bps": [
            0.08233926521738301,
            0.054892317754660004
        ],
        "sharpe_ratio_0_5_bps": [
            -0.30246860931748704,
            0.137606039568045
        ],
        "downside_risk_0_5_bps": [
            0.05836277653210901,
            0.038070103981046
        ],
        "sortino_ratio_0_5_bps": [
            -0.426728207984141,
            0.198410659784122
        ],
        "max_drawdown_0_5_bps": [
            0.093489214271464,
            0.06603378287572001
        ],
        "calmar_ratio_0_5_bps": [
            -0.298278574276923,
            0.09194252899893
        ],
        "perc_pos_return_0_5_bps": [
            0.49224806201550303,
            0.517374517374517
        ],
        "profit_loss_ratio_0_5_bps": [
            0.9806753878119451,
            0.954737536439733
        ],
        "annual_return_1_0_bps": [
            -0.031961387309148,
            0.0028120898127370004
        ],
        "annual_volatility_1_0_bps": [
            0.08232728986109,
            0.054905840250212
        ],
        "sharpe_ratio_1_0_bps": [
            -0.353549275674896,
            0.07848714939955201
        ],
        "downside_risk_1_0_bps": [
            0.058494506967700005,
            0.03818905770257
        ],
        "sortino_ratio_1_0_bps": [
            -0.49759806873384105,
            0.11284391775752801
        ],
        "max_drawdown_1_0_bps": [
            0.09450638084858201,
            0.068062048044238
        ],
        "calmar_ratio_1_0_bps": [
            -0.338192903189853,
            0.041316561777707005
        ],
        "perc_pos_return_1_0_bps": [
            0.49224806201550303,
            0.517374517374517
        ],
        "profit_loss_ratio_1_0_bps": [
            0.9723263387203961,
            0.945265232384867
        ],
        "annual_return_1_5_bps": [
            -0.036020033183719005,
            -0.000436655288918
        ],
        "annual_volatility_1_5_bps": [
            0.082316669284913,
            0.054920064454893
        ],
        "sharpe_ratio_1_5_bps": [
            -0.40463814491228606,
            0.019397124437065
        ],
        "downside_risk_1_5_bps": [
            0.058627347369367006,
            0.038308858248467005
        ],
        "sortino_ratio_1_5_bps": [
            -0.5681386903786311,
            0.027807963302217003
        ],
        "max_drawdown_1_5_bps": [
            0.095522444484798,
            0.07008597033579801
        ],
        "calmar_ratio_1_5_bps": [
            -0.37708449964815804,
            -0.006230280993851
        ],
        "perc_pos_return_1_5_bps": [
            0.49224806201550303,
            0.517374517374517
        ],
        "profit_loss_ratio_1_5_bps": [
            0.9640402701851911,
            0.9358922781494551
        ],
        "annual_return_2_0_bps": [
            -0.040061836622304,
            -0.0036749557381540003
        ],
        "annual_volatility_2_0_bps": [
            0.082307404013297,
            0.054934989823626004
        ],
        "sharpe_ratio_2_0_bps": [
            -0.455732694532384,
            -0.039661793785257006
        ],
        "downside_risk_2_0_bps": [
            0.05876130451277901,
            0.038429498399687005
        ],
        "sortino_ratio_2_0_bps": [
            -0.638348234811358,
            -0.05669655677831201
        ],
        "max_drawdown_2_0_bps": [
            0.09653740633501001,
            0.07210555891866201
        ],
        "calmar_ratio_2_0_bps": [
            -0.414987704178412,
            -0.05096633038099101
        ],
        "perc_pos_return_2_0_bps": [
            0.488372093023255,
            0.513513513513513
        ],
        "profit_loss_ratio_2_0_bps": [
            0.9707626247924691,
            0.94105297804398
        ],
        "annual_return_2_5_bps": [
            -0.044086866798036,
            -0.006902844859272001
        ],
        "annual_volatility_2_5_bps": [
            0.08229949450398201,
            0.05495061578507401
        ],
        "sharpe_ratio_2_5_bps": [
            -0.506830399366151,
            -0.09868737088395
        ],
        "downside_risk_2_5_bps": [
            0.058896397116496,
            0.038550972301272
        ],
        "sortino_ratio_2_5_bps": [
            -0.708224742246622,
            -0.140669131712253
        ],
        "max_drawdown_2_5_bps": [
            0.09755126755295301,
            0.074234013457514
        ],
        "calmar_ratio_2_5_bps": [
            -0.45193535567443704,
            -0.092987628416762
        ],
        "perc_pos_return_2_5_bps": [
            0.48449612403100706,
            0.513513513513513
        ],
        "profit_loss_ratio_2_5_bps": [
            0.9775342955127061,
            0.9317317908101581
        ],
        "annual_return_3_0_bps": [
            -0.048095192602884,
            -0.010120355871058001
        ],
        "annual_volatility_3_0_bps": [
            0.08229294114789,
            0.054966941741744005
        ],
        "sharpe_ratio_3_0_bps": [
            -0.5579287321948191,
            -0.15767738003884602
        ],
        "downside_risk_3_0_bps": [
            0.05903266445133001,
            0.038673272225177004
        ],
        "sortino_ratio_3_0_bps": [
            -0.777765949579987,
            -0.22410938779945602
        ],
        "max_drawdown_3_0_bps": [
            0.09856402929119201,
            0.07640727696824101
        ],
        "calmar_ratio_3_0_bps": [
            -0.48795887250910003,
            -0.13245277508403902
        ],
        "perc_pos_return_3_0_bps": [
            0.48449612403100706,
            0.513513513513513
        ],
        "profit_loss_ratio_3_0_bps": [
            0.969199090020017,
            0.9225074300765991
        ],
        "annual_return_rescaled": [
            -0.05955009909177034,
            0.01657373054768496
        ],
        "annual_volatility_rescaled": [
            0.18002916099154878,
            0.11997083900845328
        ],
        "downside_risk_rescaled": [
            0.12730001700922994,
            0.08296602717403613
        ],
        "max_drawdown_rescaled": [
            0.19341410894151306,
            0.13624506003425949
        ],
        "annual_return_rescaled_0_5_bps": [
            -0.06814695061468612,
            0.009386603182615083
        ],
        "annual_volatility_rescaled_0_5_bps": [
            0.1800006895660986,
            0.11999931043390342
        ],
        "downside_risk_rescaled_0_5_bps": [
            0.12758603071130903,
            0.08322450959878963
        ],
        "max_drawdown_rescaled_0_5_bps": [
            0.195393461542873,
            0.14034348688514317
        ],
        "annual_return_rescaled_1_0_bps": [
            -0.07666475249520766,
            0.0022499243392297696
        ],
        "annual_volatility_rescaled_1_0_bps": [
            0.17997248141389616,
            0.12002751858610486
        ],
        "downside_risk_rescaled_1_0_bps": [
            0.12787256310540676,
            0.08348361143901019
        ],
        "max_drawdown_rescaled_1_0_bps": [
            0.19736542698978427,
            0.14442072514656498
        ],
        "annual_return_rescaled_1_5_bps": [
            -0.08510385831220002,
            -0.004836339946419521
        ],
        "annual_volatility_rescaled_1_5_bps": [
            0.17994453899124824,
            0.12005546100875264
        ],
        "downside_risk_rescaled_1_5_bps": [
            0.12815959496789417,
            0.08374330371582349
        ],
        "max_drawdown_rescaled_1_5_bps": [
            0.19932994735838613,
            0.14847670968527996
        ],
        "annual_return_rescaled_2_0_bps": [
            -0.09346462874936678,
            -0.011872230181597554
        ],
        "annual_volatility_rescaled_2_0_bps": [
            0.1799168647067575,
            0.1200831352932439
        ],
        "downside_risk_rescaled_2_0_bps": [
            0.12844712818679527,
            0.08400355894116159
        ],
        "max_drawdown_rescaled_2_0_bps": [
            0.20128696579764688,
            0.1525360244955805
        ],
        "annual_return_rescaled_2_5_bps": [
            -0.10174743141803577,
            -0.018857793345200324
        ],
        "annual_volatility_rescaled_2_5_bps": [
            0.1798894609206244,
            0.12011053907937554
        ],
        "downside_risk_rescaled_2_5_bps": [
            0.1287351907968401,
            0.08426435261891177
        ],
        "max_drawdown_rescaled_2_5_bps": [
            0.2032364265373441,
            0.1568735333633308
        ],
        "annual_return_rescaled_3_0_bps": [
            -0.10995264067931221,
            -0.025793082814220658
        ],
        "annual_volatility_rescaled_3_0_bps": [
            0.17986232994397824,
            0.12013767005602434
        ],
        "downside_risk_rescaled_3_0_bps": [
            0.12902385578777473,
            0.0845256561735665
        ],
        "max_drawdown_rescaled_3_0_bps": [
            0.20517827489565446,
            0.16118637749040018
        ],
        "sharpe_ratio_years": [
            0.085103461288155,
            -0.003554427527031
        ],
        "sharpe_ratio_years_0_5_bps": [
            0.037454332998914,
            -0.061245514743276004
        ],
        "sharpe_ratio_years_1_0_bps": [
            -0.010208389280666,
            -0.11891327176454901
        ],
        "sharpe_ratio_years_1_5_bps": [
            -0.057882668154919006,
            -0.17655569537614102
        ],
        "sharpe_ratio_years_2_0_bps": [
            -0.10556646323960801,
            -0.23417078752144702
        ],
        "sharpe_ratio_years_2_5_bps": [
            -0.15325773159688202,
            -0.291756555642714
        ],
        "sharpe_ratio_years_3_0_bps": [
            -0.20095442817163,
            -0.349311013019448
        ]
    },
    "COMB": {
        "annual_return": [
            -0.023793290146906003,
            0.009341047800095
        ],
        "annual_volatility": [
            0.08235259476277401,
            0.054879497486948
        ],
        "sharpe_ratio": [
            -0.25139866504539404,
            0.196751546673701
        ],
        "downside_risk": [
            0.058232158925339006,
            0.037952004982467
        ],
        "sortino_ratio": [
            -0.35553090883904803,
            0.28450739338332004
        ],
        "max_drawdown": [
            0.09247094359737801,
            0.06400116564284801
        ],
        "calmar_ratio": [
            -0.257305584016786,
            0.145951213642305
        ],
        "perc_pos_return": [
            0.49612403100775104,
            0.5212355212355211
        ],
        "profit_loss_ratio": [
            0.9738714937655821,
            0.941852842779592
        ],
        "annual_return_0_5_bps": [
            -0.027885829543162002,
            0.00607131299696
        ],
        "annual_volatility_0_5_bps": [
            0.08233926521738301,
            0.054892317754660004
        ],
        "sharpe_ratio_0_5_bps": [
            -0.30246860931748704,
            0.137606039568045
        ],
        "downside_risk_0_5_bps": [
            0.05836277653210901,
            0.038070103981046
        ],
        "sortino_ratio_0_5_bps": [
            -0.426728207984141,
            0.198410659784122
        ],
        "max_drawdown_0_5_bps": [
            0.093489214271464,
            0.06603378287572001
        ],
        "calmar_ratio_0_5_bps": [
            -0.298278574276923,
            0.09194252899893
        ],
        "perc_pos_return_0_5_bps": [
            0.49224806201550303,
            0.517374517374517
        ],
        "profit_loss_ratio_0_5_bps": [
            0.9806753878119451,
            0.954737536439733
        ],
        "annual_return_1_0_bps": [
            -0.031961387309148,
            0.0028120898127370004
        ],
        "annual_volatility_1_0_bps": [
            0.08232728986109,
            0.054905840250212
        ],
        "sharpe_ratio_1_0_bps": [
            -0.353549275674896,
            0.07848714939955201
        ],
        "downside_risk_1_0_bps": [
            0.058494506967700005,
            0.03818905770257
        ],
        "sortino_ratio_1_0_bps": [
            -0.49759806873384105,
            0.11284391775752801
        ],
        "max_drawdown_1_0_bps": [
            0.09450638084858201,
            0.068062048044238
        ],
        "calmar_ratio_1_0_bps": [
            -0.338192903189853,
            0.041316561777707005
        ],
        "perc_pos_return_1_0_bps": [
            0.49224806201550303,
            0.517374517374517
        ],
        "profit_loss_ratio_1_0_bps": [
            0.9723263387203961,
            0.945265232384867
        ],
        "annual_return_1_5_bps": [
            -0.036020033183719005,
            -0.000436655288918
        ],
        "annual_volatility_1_5_bps": [
            0.082316669284913,
            0.054920064454893
        ],
        "sharpe_ratio_1_5_bps": [
            -0.40463814491228606,
            0.019397124437065
        ],
        "downside_risk_1_5_bps": [
            0.058627347369367006,
            0.038308858248467005
        ],
        "sortino_ratio_1_5_bps": [
            -0.5681386903786311,
            0.027807963302217003
        ],
        "max_drawdown_1_5_bps": [
            0.095522444484798,
            0.07008597033579801
        ],
        "calmar_ratio_1_5_bps": [
            -0.37708449964815804,
            -0.006230280993851
        ],
        "perc_pos_return_1_5_bps": [
            0.49224806201550303,
            0.517374517374517
        ],
        "profit_loss_ratio_1_5_bps": [
            0.9640402701851911,
            0.9358922781494551
        ],
        "annual_return_2_0_bps": [
            -0.040061836622304,
            -0.0036749557381540003
        ],
        "annual_volatility_2_0_bps": [
            0.082307404013297,
            0.054934989823626004
        ],
        "sharpe_ratio_2_0_bps": [
            -0.455732694532384,
            -0.039661793785257006
        ],
        "downside_risk_2_0_bps": [
            0.05876130451277901,
            0.038429498399687005
        ],
        "sortino_ratio_2_0_bps": [
            -0.638348234811358,
            -0.05669655677831201
        ],
        "max_drawdown_2_0_bps": [
            0.09653740633501001,
            0.07210555891866201
        ],
        "calmar_ratio_2_0_bps": [
            -0.414987704178412,
            -0.05096633038099101
        ],
        "perc_pos_return_2_0_bps": [
            0.488372093023255,
            0.513513513513513
        ],
        "profit_loss_ratio_2_0_bps": [
            0.9707626247924691,
            0.94105297804398
        ],
        "annual_return_2_5_bps": [
            -0.044086866798036,
            -0.006902844859272001
        ],
        "annual_volatility_2_5_bps": [
            0.08229949450398201,
            0.05495061578507401
        ],
        "sharpe_ratio_2_5_bps": [
            -0.506830399366151,
            -0.09868737088395
        ],
        "downside_risk_2_5_bps": [
            0.058896397116496,
            0.038550972301272
        ],
        "sortino_ratio_2_5_bps": [
            -0.708224742246622,
            -0.140669131712253
        ],
        "max_drawdown_2_5_bps": [
            0.09755126755295301,
            0.074234013457514
        ],
        "calmar_ratio_2_5_bps": [
            -0.45193535567443704,
            -0.092987628416762
        ],
        "perc_pos_return_2_5_bps": [
            0.48449612403100706,
            0.513513513513513
        ],
        "profit_loss_ratio_2_5_bps": [
            0.9775342955127061,
            0.9317317908101581
        ],
        "annual_return_3_0_bps": [
            -0.048095192602884,
            -0.010120355871058001
        ],
        "annual_volatility_3_0_bps": [
            0.08229294114789,
            0.054966941741744005
        ],
        "sharpe_ratio_3_0_bps": [
            -0.5579287321948191,
            -0.15767738003884602
        ],
        "downside_risk_3_0_bps": [
            0.05903266445133001,
            0.038673272225177004
        ],
        "sortino_ratio_3_0_bps": [
            -0.777765949579987,
            -0.22410938779945602
        ],
        "max_drawdown_3_0_bps": [
            0.09856402929119201,
            0.07640727696824101
        ],
        "calmar_ratio_3_0_bps": [
            -0.48795887250910003,
            -0.13245277508403902
        ],
        "perc_pos_return_3_0_bps": [
            0.48449612403100706,
            0.513513513513513
        ],
        "profit_loss_ratio_3_0_bps": [
            0.969199090020017,
            0.9225074300765991
        ],
        "annual_return_rescaled": [
            -0.05955009909177034,
            0.01657373054768496
        ],
        "annual_volatility_rescaled": [
            0.18002916099154878,
            0.11997083900845328
        ],
        "downside_risk_rescaled": [
            0.12730001700922994,
            0.08296602717403613
        ],
        "max_drawdown_rescaled": [
            0.19341410894151306,
            0.13624506003425949
        ],
        "annual_return_rescaled_0_5_bps": [
            -0.06814695061468612,
            0.009386603182615083
        ],
        "annual_volatility_rescaled_0_5_bps": [
            0.1800006895660986,
            0.11999931043390342
        ],
        "downside_risk_rescaled_0_5_bps": [
            0.12758603071130903,
            0.08322450959878963
        ],
        "max_drawdown_rescaled_0_5_bps": [
            0.195393461542873,
            0.14034348688514317
        ],
        "annual_return_rescaled_1_0_bps": [
            -0.07666475249520766,
            0.0022499243392297696
        ],
        "annual_volatility_rescaled_1_0_bps": [
            0.17997248141389616,
            0.12002751858610486
        ],
        "downside_risk_rescaled_1_0_bps": [
            0.12787256310540676,
            0.08348361143901019
        ],
        "max_drawdown_rescaled_1_0_bps": [
            0.19736542698978427,
            0.14442072514656498
        ],
        "annual_return_rescaled_1_5_bps": [
            -0.08510385831220002,
            -0.004836339946419521
        ],
        "annual_volatility_rescaled_1_5_bps": [
            0.17994453899124824,
            0.12005546100875264
        ],
        "downside_risk_rescaled_1_5_bps": [
            0.12815959496789417,
            0.08374330371582349
        ],
        "max_drawdown_rescaled_1_5_bps": [
            0.19932994735838613,
            0.14847670968527996
        ],
        "annual_return_rescaled_2_0_bps": [
            -0.09346462874936678,
            -0.011872230181597554
        ],
        "annual_volatility_rescaled_2_0_bps": [
            0.1799168647067575,
            0.1200831352932439
        ],
        "downside_risk_rescaled_2_0_bps": [
            0.12844712818679527,
            0.08400355894116159
        ],
        "max_drawdown_rescaled_2_0_bps": [
            0.20128696579764688,
            0.1525360244955805
        ],
        "annual_return_rescaled_2_5_bps": [
            -0.10174743141803577,
            -0.018857793345200324
        ],
        "annual_volatility_rescaled_2_5_bps": [
            0.1798894609206244,
            0.12011053907937554
        ],
        "downside_risk_rescaled_2_5_bps": [
            0.1287351907968401,
            0.08426435261891177
        ],
        "max_drawdown_rescaled_2_5_bps": [
            0.2032364265373441,
            0.1568735333633308
        ],
        "annual_return_rescaled_3_0_bps": [
            -0.10995264067931221,
            -0.025793082814220658
        ],
        "annual_volatility_rescaled_3_0_bps": [
            0.17986232994397824,
            0.12013767005602434
        ],
        "downside_risk_rescaled_3_0_bps": [
            0.12902385578777473,
            0.0845256561735665
        ],
        "max_drawdown_rescaled_3_0_bps": [
            0.20517827489565446,
            0.16118637749040018
        ],
        "sharpe_ratio_years": [
            0.085103461288155,
            -0.003554427527031
        ],
        "sharpe_ratio_years_0_5_bps": [
            0.037454332998914,
            -0.061245514743276004
        ],
        "sharpe_ratio_years_1_0_bps": [
            -0.010208389280666,
            -0.11891327176454901
        ],
        "sharpe_ratio_years_1_5_bps": [
            -0.057882668154919006,
            -0.17655569537614102
        ],
        "sharpe_ratio_years_2_0_bps": [
            -0.10556646323960801,
            -0.23417078752144702
        ],
        "sharpe_ratio_years_2_5_bps": [
            -0.15325773159688202,
            -0.291756555642714
        ],
        "sharpe_ratio_years_3_0_bps": [
            -0.20095442817163,
            -0.349311013019448
        ]
    }
}