{
    "ALL": {
        "annual_return": -0.014596496549687504,
        "annual_volatility": 0.049479876840507,
        "sharpe_ratio": -0.663554494428602,
        "downside_risk": 0.036710560968204006,
        "sortino_ratio": -0.7347683189663781,
        "max_drawdown": 0.0703168303729445,
        "calmar_ratio": -0.029628017394022987,
        "perc_pos_return": 0.4816751967914755,
        "profit_loss_ratio": 0.9598355044087126,
        "annual_return_0_5_bps": -0.0191059956508625,
        "annual_volatility_0_5_bps": 0.0494658137158845,
        "sharpe_ratio_0_5_bps": -0.7810142519838575,
        "downside_risk_0_5_bps": 0.036846148543415,
        "sortino_ratio_0_5_bps": -0.8727068637427275,
        "max_drawdown_0_5_bps": 0.07252320260762851,
        "calmar_ratio_0_5_bps": -0.07407268272114903,
        "perc_pos_return_0_5_bps": 0.47781419293047156,
        "profit_loss_ratio_0_5_bps": 0.9573920655100171,
        "annual_return_1_0_bps": -0.023589849337334504,
        "annual_volatility_1_0_bps": 0.049452851968247,
        "sharpe_ratio_1_0_bps": -0.8984801188809208,
        "downside_risk_1_0_bps": 0.0369835465364915,
        "sortino_ratio_1_0_bps": -1.008866404403175,
        "max_drawdown_1_0_bps": 0.07528295872120801,
        "calmar_ratio_1_0_bps": -0.111441618536048,
        "perc_pos_return_1_0_bps": 0.472007722007722,
        "profit_loss_ratio_1_0_bps": 0.9624436790823556,
        "annual_return_1_5_bps": -0.028048221392142005,
        "annual_volatility_1_5_bps": 0.0494409923852325,
        "sharpe_ratio_1_5_bps": -1.0159362574005224,
        "downside_risk_1_5_bps": 0.037122761573912505,
        "sortino_ratio_1_5_bps": -1.1432465243545549,
        "max_drawdown_1_5_bps": 0.0780285182086665,
        "calmar_ratio_1_5_bps": -0.14705940983420202,
        "perc_pos_return_1_5_bps": 0.47007722007722,
        "profit_loss_ratio_1_5_bps": 0.9507051670072542,
        "annual_return_2_0_bps": -0.03248127450356401,
        "annual_volatility_2_0_bps": 0.0494302356047325,
        "sharpe_ratio_2_0_bps": -1.1333668199336635,
        "downside_risk_2_0_bps": 0.037263819782543006,
        "sortino_ratio_2_0_bps": -1.2758456716379016,
        "max_drawdown_2_0_bps": 0.08075995879530151,
        "calmar_ratio_2_0_bps": -0.181131147491836,
        "perc_pos_return_2_0_bps": 0.4623402472239675,
        "profit_loss_ratio_2_0_bps": 0.9625947343840995,
        "annual_return_2_5_bps": -0.0368891702725455,
        "annual_volatility_2_5_bps": 0.049420582114484,
        "sharpe_ratio_2_5_bps": -1.2507559612737966,
        "downside_risk_2_5_bps": 0.037406716006443505,
        "sortino_ratio_2_5_bps": -1.4066665026188359,
        "max_drawdown_2_5_bps": 0.08347735778136851,
        "calmar_ratio_2_5_bps": -0.21382461717226747,
        "perc_pos_return_2_5_bps": 0.4623402472239675,
        "profit_loss_ratio_2_5_bps": 0.9448609578681901,
        "annual_return_3_0_bps": -0.041272069220045005,
        "annual_volatility_3_0_bps": 0.04941203225178201,
        "sharpe_ratio_3_0_bps": -1.368087850923401,
        "downside_risk_3_0_bps": 0.0375514470528345,
        "sortino_ratio_3_0_bps": -1.5357123843428822,
        "max_drawdown_3_0_bps": 0.086180792044379,
        "calmar_ratio_3_0_bps": -0.24527871620993702,
        "perc_pos_return_3_0_bps": 0.4546107569363375,
        "profit_loss_ratio_3_0_bps": 0.9544430808196616,
        "annual_return_rescaled": -0.04324517979082354,
        "annual_volatility_rescaled": 0.15000000000000013,
        "downside_risk_rescaled": 0.11128936644245413,
        "max_drawdown_rescaled": 0.200525317399376,
        "annual_return_rescaled_0_5_bps": -0.05575969950301918,
        "annual_volatility_rescaled_0_5_bps": 0.15000000000000152,
        "downside_risk_rescaled_0_5_bps": 0.11173216139245457,
        "max_drawdown_rescaled_0_5_bps": 0.2063184561338225,
        "annual_return_rescaled_1_0_bps": -0.06807242188085005,
        "annual_volatility_rescaled_1_0_bps": 0.15000000000000124,
        "downside_risk_rescaled_1_0_bps": 0.11217820124986466,
        "max_drawdown_rescaled_1_0_bps": 0.21325801414854278,
        "annual_return_rescaled_1_5_bps": -0.08018626401023604,
        "annual_volatility_rescaled_1_5_bps": 0.15000000000000108,
        "downside_risk_rescaled_1_5_bps": 0.11262747706800069,
        "max_drawdown_rescaled_1_5_bps": 0.22008938636312092,
        "annual_return_rescaled_2_0_bps": -0.0921041220808207,
        "annual_volatility_rescaled_2_0_bps": 0.15000000000000036,
        "downside_risk_rescaled_2_0_bps": 0.11308003894778872,
        "max_drawdown_rescaled_2_0_bps": 0.22681388148876577,
        "annual_return_rescaled_2_5_bps": -0.10382887078615388,
        "annual_volatility_rescaled_2_5_bps": 0.150000000000001,
        "downside_risk_rescaled_2_5_bps": 0.11353584196901179,
        "max_drawdown_rescaled_2_5_bps": 0.23343280732418997,
        "annual_return_rescaled_3_0_bps": -0.11536336274689546,
        "annual_volatility_rescaled_3_0_bps": 0.15000000000000088,
        "downside_risk_rescaled_3_0_bps": 0.11399484702882458,
        "max_drawdown_rescaled_3_0_bps": 0.23994747028808694,
        "sharpe_ratio_years": -0.5095616486529381,
        "sharpe_ratio_years_0_5_bps": -0.6269140958138654,
        "sharpe_ratio_years_1_0_bps": -0.7442873638635878,
        "sharpe_ratio_years_1_5_bps": -0.8616653097001475,
        "sharpe_ratio_years_2_0_bps": -0.979031763830444,
        "sharpe_ratio_years_2_5_bps": -1.096370543063042,
        "sharpe_ratio_years_3_0_bps": -1.2136654632487276,
        "sharpe_ratio_years_std": 1.443898115491673,
        "sharpe_ratio_years_std_0_5_bps": 1.5258870470535704,
        "sharpe_ratio_years_std_1_0_bps": 1.607878216343208,
        "sharpe_ratio_years_std_1_5_bps": 1.6898559341032615,
        "sharpe_ratio_years_std_2_0_bps": 1.771804485959522,
        "sharpe_ratio_years_std_2_5_bps": 1.8537081450855761,
        "sharpe_ratio_years_std_3_0_bps": 1.9355511849150484
    },
    "COMB": {
        "annual_return": -0.014596496549687504,
        "annual_volatility": 0.049479876840507,
        "sharpe_ratio": -0.663554494428602,
        "downside_risk": 0.036710560968204006,
        "sortino_ratio": -0.7347683189663781,
        "max_drawdown": 0.0703168303729445,
        "calmar_ratio": -0.029628017394022987,
        "perc_pos_return": 0.4816751967914755,
        "profit_loss_ratio": 0.9598355044087126,
        "annual_return_0_5_bps": -0.0191059956508625,
        "annual_volatility_0_5_bps": 0.0494658137158845,
        "sharpe_ratio_0_5_bps": -0.7810142519838575,
        "downside_risk_0_5_bps": 0.036846148543415,
        "sortino_ratio_0_5_bps": -0.8727068637427275,
        "max_drawdown_0_5_bps": 0.07252320260762851,
        "calmar_ratio_0_5_bps": -0.07407268272114903,
        "perc_pos_return_0_5_bps": 0.47781419293047156,
        "profit_loss_ratio_0_5_bps": 0.9573920655100171,
        "annual_return_1_0_bps": -0.023589849337334504,
        "annual_volatility_1_0_bps": 0.049452851968247,
        "sharpe_ratio_1_0_bps": -0.8984801188809208,
        "downside_risk_1_0_bps": 0.0369835465364915,
        "sortino_ratio_1_0_bps": -1.008866404403175,
        "max_drawdown_1_0_bps": 0.07528295872120801,
        "calmar_ratio_1_0_bps": -0.111441618536048,
        "perc_pos_return_1_0_bps": 0.472007722007722,
        "profit_loss_ratio_1_0_bps": 0.9624436790823556,
        "annual_return_1_5_bps": -0.028048221392142005,
        "annual_volatility_1_5_bps": 0.0494409923852325,
        "sharpe_ratio_1_5_bps": -1.0159362574005224,
        "downside_risk_1_5_bps": 0.037122761573912505,
        "sortino_ratio_1_5_bps": -1.1432465243545549,
        "max_drawdown_1_5_bps": 0.0780285182086665,
        "calmar_ratio_1_5_bps": -0.14705940983420202,
        "perc_pos_return_1_5_bps": 0.47007722007722,
        "profit_loss_ratio_1_5_bps": 0.9507051670072542,
        "annual_return_2_0_bps": -0.03248127450356401,
        "annual_volatility_2_0_bps": 0.0494302356047325,
        "sharpe_ratio_2_0_bps": -1.1333668199336635,
        "downside_risk_2_0_bps": 0.037263819782543006,
        "sortino_ratio_2_0_bps": -1.2758456716379016,
        "max_drawdown_2_0_bps": 0.08075995879530151,
        "calmar_ratio_2_0_bps": -0.181131147491836,
        "perc_pos_return_2_0_bps": 0.4623402472239675,
        "profit_loss_ratio_2_0_bps": 0.9625947343840995,
        "annual_return_2_5_bps": -0.0368891702725455,
        "annual_volatility_2_5_bps": 0.049420582114484,
        "sharpe_ratio_2_5_bps": -1.2507559612737966,
        "downside_risk_2_5_bps": 0.037406716006443505,
        "sortino_ratio_2_5_bps": -1.4066665026188359,
        "max_drawdown_2_5_bps": 0.08347735778136851,
        "calmar_ratio_2_5_bps": -0.21382461717226747,
        "perc_pos_return_2_5_bps": 0.4623402472239675,
        "profit_loss_ratio_2_5_bps": 0.9448609578681901,
        "annual_return_3_0_bps": -0.041272069220045005,
        "annual_volatility_3_0_bps": 0.04941203225178201,
        "sharpe_ratio_3_0_bps": -1.368087850923401,
        "downside_risk_3_0_bps": 0.0375514470528345,
        "sortino_ratio_3_0_bps": -1.5357123843428822,
        "max_drawdown_3_0_bps": 0.086180792044379,
        "calmar_ratio_3_0_bps": -0.24527871620993702,
        "perc_pos_return_3_0_bps": 0.4546107569363375,
        "profit_loss_ratio_3_0_bps": 0.9544430808196616,
        "annual_return_rescaled": -0.04324517979082354,
        "annual_volatility_rescaled": 0.15000000000000013,
        "downside_risk_rescaled": 0.11128936644245413,
        "max_drawdown_rescaled": 0.200525317399376,
        "annual_return_rescaled_0_5_bps": -0.05575969950301918,
        "annual_volatility_rescaled_0_5_bps": 0.15000000000000152,
        "downside_risk_rescaled_0_5_bps": 0.11173216139245457,
        "max_drawdown_rescaled_0_5_bps": 0.2063184561338225,
        "annual_return_rescaled_1_0_bps": -0.06807242188085005,
        "annual_volatility_rescaled_1_0_bps": 0.15000000000000124,
        "downside_risk_rescaled_1_0_bps": 0.11217820124986466,
        "max_drawdown_rescaled_1_0_bps": 0.21325801414854278,
        "annual_return_rescaled_1_5_bps": -0.08018626401023604,
        "annual_volatility_rescaled_1_5_bps": 0.15000000000000108,
        "downside_risk_rescaled_1_5_bps": 0.11262747706800069,
        "max_drawdown_rescaled_1_5_bps": 0.22008938636312092,
        "annual_return_rescaled_2_0_bps": -0.0921041220808207,
        "annual_volatility_rescaled_2_0_bps": 0.15000000000000036,
        "downside_risk_rescaled_2_0_bps": 0.11308003894778872,
        "max_drawdown_rescaled_2_0_bps": 0.22681388148876577,
        "annual_return_rescaled_2_5_bps": -0.10382887078615388,
        "annual_volatility_rescaled_2_5_bps": 0.150000000000001,
        "downside_risk_rescaled_2_5_bps": 0.11353584196901179,
        "max_drawdown_rescaled_2_5_bps": 0.23343280732418997,
        "annual_return_rescaled_3_0_bps": -0.11536336274689546,
        "annual_volatility_rescaled_3_0_bps": 0.15000000000000088,
        "downside_risk_rescaled_3_0_bps": 0.11399484702882458,
        "max_drawdown_rescaled_3_0_bps": 0.23994747028808694,
        "sharpe_ratio_years": -0.5095616486529381,
        "sharpe_ratio_years_0_5_bps": -0.6269140958138654,
        "sharpe_ratio_years_1_0_bps": -0.7442873638635878,
        "sharpe_ratio_years_1_5_bps": -0.8616653097001475,
        "sharpe_ratio_years_2_0_bps": -0.979031763830444,
        "sharpe_ratio_years_2_5_bps": -1.096370543063042,
        "sharpe_ratio_years_3_0_bps": -1.2136654632487276,
        "sharpe_ratio_years_std": 1.443898115491673,
        "sharpe_ratio_years_std_0_5_bps": 1.5258870470535704,
        "sharpe_ratio_years_std_1_0_bps": 1.607878216343208,
        "sharpe_ratio_years_std_1_5_bps": 1.6898559341032615,
        "sharpe_ratio_years_std_2_0_bps": 1.771804485959522,
        "sharpe_ratio_years_std_2_5_bps": 1.8537081450855761,
        "sharpe_ratio_years_std_3_0_bps": 1.9355511849150484
    }
}