{
    "ALL": {
        "annual_return": [
            0.039393796787071,
            -0.06858678988644601
        ],
        "annual_volatility": [
            0.063218263039542,
            0.035741490641472
        ],
        "sharpe_ratio": [
            0.64273266484684,
            -1.969841653704044
        ],
        "downside_risk": [
            0.043999901798371,
            0.029421220138037003
        ],
        "sortino_ratio": [
            0.923466667189186,
            -2.393003305121942
        ],
        "max_drawdown": [
            0.053871319329903,
            0.086762341415986
        ],
        "calmar_ratio": [
            0.731257323508777,
            -0.790513358296823
        ],
        "perc_pos_return": [
            0.507751937984496,
            0.455598455598455
        ],
        "profit_loss_ratio": [
            1.085654307979705,
            0.8340167008377201
        ],
        "annual_return_0_5_bps": [
            0.036886964832723,
            -0.075098956134448
        ],
        "annual_volatility_0_5_bps": [
            0.063200268065374,
            0.035731359366395
        ],
        "sharpe_ratio_0_5_bps": [
            0.6046846776547541,
            -2.166713181622469
        ],
        "downside_risk_0_5_bps": [
            0.044060975189171,
            0.029631321897659
        ],
        "sortino_ratio_0_5_bps": [
            0.8673487946811701,
            -2.612762522166625
        ],
        "max_drawdown_0_5_bps": [
            0.054295091685087005,
            0.09075131353017
        ],
        "calmar_ratio_0_5_bps": [
            0.679379363546686,
            -0.8275247289889841
        ],
        "perc_pos_return_0_5_bps": [
            0.507751937984496,
            0.44787644787644704
        ],
        "profit_loss_ratio_0_5_bps": [
            1.07839184791415,
            0.8363922831058841
        ],
        "annual_return_1_0_bps": [
            0.034386133391511,
            -0.08156583206618001
        ],
        "annual_volatility_1_0_bps": [
            0.063182600795779,
            0.035723103140715
        ],
        "sharpe_ratio_1_0_bps": [
            0.5666120787102521,
            -2.363572316472094
        ],
        "downside_risk_1_0_bps": [
            0.044122358643993005,
            0.02984473442899
        ],
        "sortino_ratio_1_0_bps": [
            0.8113805760946221,
            -2.829113384900972
        ],
        "max_drawdown_1_0_bps": [
            0.054733497165396,
            0.09583242027702
        ],
        "calmar_ratio_1_0_bps": [
            0.628246598012947,
            -0.851129835085043
        ],
        "perc_pos_return_1_0_bps": [
            0.5,
            0.444015444015444
        ],
        "profit_loss_ratio_1_0_bps": [
            1.104911338451449,
            0.8199760197132621
        ],
        "annual_return_1_5_bps": [
            0.031891288208303004,
            -0.08798773099258701
        ],
        "annual_volatility_1_5_bps": [
            0.063165261505732,
            0.035716723264733005
        ],
        "sharpe_ratio_1_5_bps": [
            0.5285154376286121,
            -2.560387952429657
        ],
        "downside_risk_1_5_bps": [
            0.044184051782778004,
            0.030061471365047002
        ],
        "sortino_ratio_1_5_bps": [
            0.755562572480953,
            -3.042055621190063
        ],
        "max_drawdown_1_5_bps": [
            0.05517170521699501,
            0.100885331200338
        ],
        "calmar_ratio_1_5_bps": [
            0.5780370224714301,
            -0.8721558421398341
        ],
        "perc_pos_return_1_5_bps": [
            0.5,
            0.44015444015444005
        ],
        "profit_loss_ratio_1_5_bps": [
            1.097513314201379,
            0.8038970198131291
        ],
        "annual_return_2_0_bps": [
            0.029402415061591,
            -0.09436496406871901
        ],
        "annual_volatility_2_0_bps": [
            0.06314825046540501,
            0.035712220744060004
        ],
        "sharpe_ratio_2_0_bps": [
            0.490395326106535,
            -2.757128965973862
        ],
        "downside_risk_2_0_bps": [
            0.044246054544591004,
            0.030281585020495
        ],
        "sortino_ratio_2_0_bps": [
            0.69989532849376,
            -3.251586671769563
        ],
        "max_drawdown_2_0_bps": [
            0.055609715926282006,
            0.10591020166432101
        ],
        "calmar_ratio_2_0_bps": [
            0.5287280212070731,
            -0.8909903161907451
        ],
        "perc_pos_return_2_0_bps": [
            0.49224806201550303,
            0.432432432432432
        ],
        "profit_loss_ratio_2_0_bps": [
            1.124495468254418,
            0.800694000513781
        ],
        "annual_return_2_5_bps": [
            0.026919499763385,
            -0.100697840308476
        ],
        "annual_volatility_2_5_bps": [
            0.063131567940141,
            0.035709596288827
        ],
        "sharpe_ratio_2_5_bps": [
            0.452252317881956,
            -2.953764240429549
        ],
        "downside_risk_2_5_bps": [
            0.04430837019483801,
            0.030505061818049004
        ],
        "sortino_ratio_2_5_bps": [
            0.644379330742723,
            -3.457712335980395
        ],
        "max_drawdown_2_5_bps": [
            0.05604752937962101,
            0.11090718618311601
        ],
        "calmar_ratio_2_5_bps": [
            0.48029770556083506,
            -0.90794693990537
        ],
        "perc_pos_return_2_5_bps": [
            0.49224806201550303,
            0.432432432432432
        ],
        "profit_loss_ratio_2_5_bps": [
            1.1169579855287681,
            0.772763930207612
        ],
        "annual_return_3_0_bps": [
            0.024442528159165002,
            -0.10698666659925501
        ],
        "annual_volatility_3_0_bps": [
            0.063115214190438,
            0.035708850313126005
        ],
        "sharpe_ratio_3_0_bps": [
            0.41408698869347704,
            -3.150262690540279
        ],
        "downside_risk_3_0_bps": [
            0.044370997922808006,
            0.030731896182861002
        ],
        "sortino_ratio_3_0_bps": [
            0.5890151271857721,
            -3.6604398958715363
        ],
        "max_drawdown_3_0_bps": [
            0.056485145663334006,
            0.11587643842542401
        ],
        "calmar_ratio_3_0_bps": [
            0.432724884960889,
            -0.923282317380763
        ],
        "perc_pos_return_3_0_bps": [
            0.488372093023255,
            0.42084942084942
        ],
        "profit_loss_ratio_3_0_bps": [
            1.126811097711864,
            0.7820750639274591
        ],
        "annual_return_rescaled": [
            0.11051259783700296,
            -0.19700295741865004
        ],
        "annual_volatility_rescaled": [
            0.1916484045927988,
            0.10835159540720143
        ],
        "downside_risk_rescaled": [
            0.13338726147257893,
            0.08919147141232935
        ],
        "max_drawdown_rescaled": [
            0.15834442252366743,
            0.24270621227508463
        ],
        "annual_return_rescaled_0_5_bps": [
            0.10244700089027114,
            -0.2139663998963095
        ],
        "annual_volatility_rescaled_0_5_bps": [
            0.19164832229904144,
            0.10835167770096163
        ],
        "downside_risk_rescaled_0_5_bps": [
            0.13361038223967234,
            0.08985394054523681
        ],
        "max_drawdown_rescaled_0_5_bps": [
            0.15957102073521764,
            0.2530658915324273
        ],
        "annual_return_rescaled_1_0_bps": [
            0.09443325853813311,
            -0.23057810229983322
        ],
        "annual_volatility_rescaled_1_0_bps": [
            0.19164496570293243,
            0.10835503429707007
        ],
        "downside_risk_rescaled_1_0_bps": [
            0.1338315897503443,
            0.09052481274938504
        ],
        "max_drawdown_rescaled_1_0_bps": [
            0.16079317163285328,
            0.2657228566642323
        ],
        "annual_return_rescaled_1_5_bps": [
            0.0864716147904303,
            -0.2468441428109024
        ],
        "annual_volatility_rescaled_1_5_bps": [
            0.19163833023485,
            0.10836166976515217
        ],
        "downside_risk_rescaled_1_5_bps": [
            0.13405086442796443,
            0.09120408970803696
        ],
        "max_drawdown_rescaled_1_5_bps": [
            0.16201080309489554,
            0.2781679696313463
        ],
        "annual_return_rescaled_2_0_bps": [
            0.07856230153630417,
            -0.26277054569794556
        ],
        "annual_volatility_rescaled_2_0_bps": [
            0.19162841232550956,
            0.10837158767449113
        ],
        "downside_risk_rescaled_2_0_bps": [
            0.13426818829593565,
            0.09189188959964179
        ],
        "max_drawdown_rescaled_2_0_bps": [
            0.16322384411863777,
            0.2904039188588938
        ],
        "annual_return_rescaled_2_5_bps": [
            0.07070553848843408,
            -0.27836328006074185
        ],
        "annual_volatility_rescaled_2_5_bps": [
            0.19161520940980176,
            0.10838479059020024
        ],
        "downside_risk_rescaled_2_5_bps": [
            0.13448355411576474,
            0.09258812982225885
        ],
        "max_drawdown_rescaled_2_5_bps": [
            0.16443222485110112,
            0.3024333897972788
        ],
        "annual_return_rescaled_3_0_bps": [
            0.0629015331367424,
            -0.2936282586305333
        ],
        "annual_volatility_rescaled_3_0_bps": [
            0.19159871992968533,
            0.10840128007031644
        ],
        "downside_risk_rescaled_3_0_bps": [
            0.13469694293298762,
            0.09329275112466154
        ],
        "max_drawdown_rescaled_3_0_bps": [
            0.1656358766188011,
            0.3142590639573728
        ],
        "sharpe_ratio_years": [
            0.9343364668387351,
            -1.9534597641446112
        ],
        "sharpe_ratio_years_0_5_bps": [
            0.8989729512397051,
            -2.152801142867436
        ],
        "sharpe_ratio_years_1_0_bps": [
            0.8635908524796201,
            -2.352165580206796
        ],
        "sharpe_ratio_years_1_5_bps": [
            0.8281906244031141,
            -2.551521243803409
        ],
        "sharpe_ratio_years_2_0_bps": [
            0.792772722129078,
            -2.750836249789966
        ],
        "sharpe_ratio_years_2_5_bps": [
            0.7573376020225341,
            -2.950078688148618
        ],
        "sharpe_ratio_years_3_0_bps": [
            0.721885721666321,
            -3.149216648163776
        ]
    },
    "COMB": {
        "annual_return": [
            0.039393796787071,
            -0.06858678988644601
        ],
        "annual_volatility": [
            0.063218263039542,
            0.035741490641472
        ],
        "sharpe_ratio": [
            0.64273266484684,
            -1.969841653704044
        ],
        "downside_risk": [
            0.043999901798371,
            0.029421220138037003
        ],
        "sortino_ratio": [
            0.923466667189186,
            -2.393003305121942
        ],
        "max_drawdown": [
            0.053871319329903,
            0.086762341415986
        ],
        "calmar_ratio": [
            0.731257323508777,
            -0.790513358296823
        ],
        "perc_pos_return": [
            0.507751937984496,
            0.455598455598455
        ],
        "profit_loss_ratio": [
            1.085654307979705,
            0.8340167008377201
        ],
        "annual_return_0_5_bps": [
            0.036886964832723,
            -0.075098956134448
        ],
        "annual_volatility_0_5_bps": [
            0.063200268065374,
            0.035731359366395
        ],
        "sharpe_ratio_0_5_bps": [
            0.6046846776547541,
            -2.166713181622469
        ],
        "downside_risk_0_5_bps": [
            0.044060975189171,
            0.029631321897659
        ],
        "sortino_ratio_0_5_bps": [
            0.8673487946811701,
            -2.612762522166625
        ],
        "max_drawdown_0_5_bps": [
            0.054295091685087005,
            0.09075131353017
        ],
        "calmar_ratio_0_5_bps": [
            0.679379363546686,
            -0.8275247289889841
        ],
        "perc_pos_return_0_5_bps": [
            0.507751937984496,
            0.44787644787644704
        ],
        "profit_loss_ratio_0_5_bps": [
            1.07839184791415,
            0.8363922831058841
        ],
        "annual_return_1_0_bps": [
            0.034386133391511,
            -0.08156583206618001
        ],
        "annual_volatility_1_0_bps": [
            0.063182600795779,
            0.035723103140715
        ],
        "sharpe_ratio_1_0_bps": [
            0.5666120787102521,
            -2.363572316472094
        ],
        "downside_risk_1_0_bps": [
            0.044122358643993005,
            0.02984473442899
        ],
        "sortino_ratio_1_0_bps": [
            0.8113805760946221,
            -2.829113384900972
        ],
        "max_drawdown_1_0_bps": [
            0.054733497165396,
            0.09583242027702
        ],
        "calmar_ratio_1_0_bps": [
            0.628246598012947,
            -0.851129835085043
        ],
        "perc_pos_return_1_0_bps": [
            0.5,
            0.444015444015444
        ],
        "profit_loss_ratio_1_0_bps": [
            1.104911338451449,
            0.8199760197132621
        ],
        "annual_return_1_5_bps": [
            0.031891288208303004,
            -0.08798773099258701
        ],
        "annual_volatility_1_5_bps": [
            0.063165261505732,
            0.035716723264733005
        ],
        "sharpe_ratio_1_5_bps": [
            0.5285154376286121,
            -2.560387952429657
        ],
        "downside_risk_1_5_bps": [
            0.044184051782778004,
            0.030061471365047002
        ],
        "sortino_ratio_1_5_bps": [
            0.755562572480953,
            -3.042055621190063
        ],
        "max_drawdown_1_5_bps": [
            0.05517170521699501,
            0.100885331200338
        ],
        "calmar_ratio_1_5_bps": [
            0.5780370224714301,
            -0.8721558421398341
        ],
        "perc_pos_return_1_5_bps": [
            0.5,
            0.44015444015444005
        ],
        "profit_loss_ratio_1_5_bps": [
            1.097513314201379,
            0.8038970198131291
        ],
        "annual_return_2_0_bps": [
            0.029402415061591,
            -0.09436496406871901
        ],
        "annual_volatility_2_0_bps": [
            0.06314825046540501,
            0.035712220744060004
        ],
        "sharpe_ratio_2_0_bps": [
            0.490395326106535,
            -2.757128965973862
        ],
        "downside_risk_2_0_bps": [
            0.044246054544591004,
            0.030281585020495
        ],
        "sortino_ratio_2_0_bps": [
            0.69989532849376,
            -3.251586671769563
        ],
        "max_drawdown_2_0_bps": [
            0.055609715926282006,
            0.10591020166432101
        ],
        "calmar_ratio_2_0_bps": [
            0.5287280212070731,
            -0.8909903161907451
        ],
        "perc_pos_return_2_0_bps": [
            0.49224806201550303,
            0.432432432432432
        ],
        "profit_loss_ratio_2_0_bps": [
            1.124495468254418,
            0.800694000513781
        ],
        "annual_return_2_5_bps": [
            0.026919499763385,
            -0.100697840308476
        ],
        "annual_volatility_2_5_bps": [
            0.063131567940141,
            0.035709596288827
        ],
        "sharpe_ratio_2_5_bps": [
            0.452252317881956,
            -2.953764240429549
        ],
        "downside_risk_2_5_bps": [
            0.04430837019483801,
            0.030505061818049004
        ],
        "sortino_ratio_2_5_bps": [
            0.644379330742723,
            -3.457712335980395
        ],
        "max_drawdown_2_5_bps": [
            0.05604752937962101,
            0.11090718618311601
        ],
        "calmar_ratio_2_5_bps": [
            0.48029770556083506,
            -0.90794693990537
        ],
        "perc_pos_return_2_5_bps": [
            0.49224806201550303,
            0.432432432432432
        ],
        "profit_loss_ratio_2_5_bps": [
            1.1169579855287681,
            0.772763930207612
        ],
        "annual_return_3_0_bps": [
            0.024442528159165002,
            -0.10698666659925501
        ],
        "annual_volatility_3_0_bps": [
            0.063115214190438,
            0.035708850313126005
        ],
        "sharpe_ratio_3_0_bps": [
            0.41408698869347704,
            -3.150262690540279
        ],
        "downside_risk_3_0_bps": [
            0.044370997922808006,
            0.030731896182861002
        ],
        "sortino_ratio_3_0_bps": [
            0.5890151271857721,
            -3.6604398958715363
        ],
        "max_drawdown_3_0_bps": [
            0.056485145663334006,
            0.11587643842542401
        ],
        "calmar_ratio_3_0_bps": [
            0.432724884960889,
            -0.923282317380763
        ],
        "perc_pos_return_3_0_bps": [
            0.488372093023255,
            0.42084942084942
        ],
        "profit_loss_ratio_3_0_bps": [
            1.126811097711864,
            0.7820750639274591
        ],
        "annual_return_rescaled": [
            0.11051259783700296,
            -0.19700295741865004
        ],
        "annual_volatility_rescaled": [
            0.1916484045927988,
            0.10835159540720143
        ],
        "downside_risk_rescaled": [
            0.13338726147257893,
            0.08919147141232935
        ],
        "max_drawdown_rescaled": [
            0.15834442252366743,
            0.24270621227508463
        ],
        "annual_return_rescaled_0_5_bps": [
            0.10244700089027114,
            -0.2139663998963095
        ],
        "annual_volatility_rescaled_0_5_bps": [
            0.19164832229904144,
            0.10835167770096163
        ],
        "downside_risk_rescaled_0_5_bps": [
            0.13361038223967234,
            0.08985394054523681
        ],
        "max_drawdown_rescaled_0_5_bps": [
            0.15957102073521764,
            0.2530658915324273
        ],
        "annual_return_rescaled_1_0_bps": [
            0.09443325853813311,
            -0.23057810229983322
        ],
        "annual_volatility_rescaled_1_0_bps": [
            0.19164496570293243,
            0.10835503429707007
        ],
        "downside_risk_rescaled_1_0_bps": [
            0.1338315897503443,
            0.09052481274938504
        ],
        "max_drawdown_rescaled_1_0_bps": [
            0.16079317163285328,
            0.2657228566642323
        ],
        "annual_return_rescaled_1_5_bps": [
            0.0864716147904303,
            -0.2468441428109024
        ],
        "annual_volatility_rescaled_1_5_bps": [
            0.19163833023485,
            0.10836166976515217
        ],
        "downside_risk_rescaled_1_5_bps": [
            0.13405086442796443,
            0.09120408970803696
        ],
        "max_drawdown_rescaled_1_5_bps": [
            0.16201080309489554,
            0.2781679696313463
        ],
        "annual_return_rescaled_2_0_bps": [
            0.07856230153630417,
            -0.26277054569794556
        ],
        "annual_volatility_rescaled_2_0_bps": [
            0.19162841232550956,
            0.10837158767449113
        ],
        "downside_risk_rescaled_2_0_bps": [
            0.13426818829593565,
            0.09189188959964179
        ],
        "max_drawdown_rescaled_2_0_bps": [
            0.16322384411863777,
            0.2904039188588938
        ],
        "annual_return_rescaled_2_5_bps": [
            0.07070553848843408,
            -0.27836328006074185
        ],
        "annual_volatility_rescaled_2_5_bps": [
            0.19161520940980176,
            0.10838479059020024
        ],
        "downside_risk_rescaled_2_5_bps": [
            0.13448355411576474,
            0.09258812982225885
        ],
        "max_drawdown_rescaled_2_5_bps": [
            0.16443222485110112,
            0.3024333897972788
        ],
        "annual_return_rescaled_3_0_bps": [
            0.0629015331367424,
            -0.2936282586305333
        ],
        "annual_volatility_rescaled_3_0_bps": [
            0.19159871992968533,
            0.10840128007031644
        ],
        "downside_risk_rescaled_3_0_bps": [
            0.13469694293298762,
            0.09329275112466154
        ],
        "max_drawdown_rescaled_3_0_bps": [
            0.1656358766188011,
            0.3142590639573728
        ],
        "sharpe_ratio_years": [
            0.9343364668387351,
            -1.9534597641446112
        ],
        "sharpe_ratio_years_0_5_bps": [
            0.8989729512397051,
            -2.152801142867436
        ],
        "sharpe_ratio_years_1_0_bps": [
            0.8635908524796201,
            -2.352165580206796
        ],
        "sharpe_ratio_years_1_5_bps": [
            0.8281906244031141,
            -2.551521243803409
        ],
        "sharpe_ratio_years_2_0_bps": [
            0.792772722129078,
            -2.750836249789966
        ],
        "sharpe_ratio_years_2_5_bps": [
            0.7573376020225341,
            -2.950078688148618
        ],
        "sharpe_ratio_years_3_0_bps": [
            0.721885721666321,
            -3.149216648163776
        ]
    }
}