{
    "ALL": {
        "annual_return": 0.042722249355112506,
        "annual_volatility": 0.051606495281635,
        "sharpe_ratio": 0.690833201334366,
        "downside_risk": 0.032900314019891505,
        "sortino_ratio": 1.221641278124377,
        "max_drawdown": 0.0549086059604325,
        "calmar_ratio": 0.638518767028552,
        "perc_pos_return": 0.5019379844961236,
        "profit_loss_ratio": 1.116424800487174,
        "annual_return_0_5_bps": 0.034295545297805,
        "annual_volatility_0_5_bps": 0.051596302549301004,
        "sharpe_ratio_0_5_bps": 0.533337772429232,
        "downside_risk_0_5_bps": 0.033182082833060504,
        "sortino_ratio_0_5_bps": 0.9675900070413701,
        "max_drawdown_0_5_bps": 0.05906387267225051,
        "calmar_ratio_0_5_bps": 0.4613025225279905,
        "perc_pos_return_0_5_bps": 0.49418604651162756,
        "profit_loss_ratio_0_5_bps": 1.125611401087806,
        "annual_return_1_0_bps": 0.025937035139543502,
        "annual_volatility_1_0_bps": 0.05158957739430851,
        "sharpe_ratio_1_0_bps": 0.37576483383476444,
        "downside_risk_1_0_bps": 0.033468116645825,
        "sortino_ratio_1_0_bps": 0.7177167129213886,
        "max_drawdown_1_0_bps": 0.0635845524396415,
        "calmar_ratio_1_0_bps": 0.31081581611826253,
        "perc_pos_return_1_0_bps": 0.48643410852713154,
        "profit_loss_ratio_1_0_bps": 1.1299661356153725,
        "annual_return_1_5_bps": 0.017646166477136502,
        "annual_volatility_1_5_bps": 0.051586321300462507,
        "sharpe_ratio_1_5_bps": 0.21814564366199646,
        "downside_risk_1_5_bps": 0.0337584326825555,
        "sortino_ratio_1_5_bps": 0.47200816299804604,
        "max_drawdown_1_5_bps": 0.06808340526105501,
        "calmar_ratio_1_5_bps": 0.18022725190577302,
        "perc_pos_return_1_5_bps": 0.47868217054263557,
        "profit_loss_ratio_1_5_bps": 1.1334573768236056,
        "annual_return_2_0_bps": 0.009422391384223499,
        "annual_volatility_2_0_bps": 0.051586535051575504,
        "sharpe_ratio_2_0_bps": 0.060511505076418504,
        "downside_risk_2_0_bps": 0.034053064042694,
        "sortino_ratio_2_0_bps": 0.23045293985945903,
        "max_drawdown_2_0_bps": 0.0729069837096385,
        "calmar_ratio_2_0_bps": 0.06870000296754603,
        "perc_pos_return_2_0_bps": 0.4728682170542631,
        "profit_loss_ratio_2_0_bps": 1.1296357145212634,
        "annual_return_2_5_bps": 0.0012651663750000014,
        "annual_volatility_2_5_bps": 0.051590218730548004,
        "sharpe_ratio_2_5_bps": -0.09710626480679396,
        "downside_risk_2_5_bps": 0.0343520422524915,
        "sortino_ratio_2_5_bps": -0.006962574317195047,
        "max_drawdown_2_5_bps": 0.07789471820194452,
        "calmar_ratio_2_5_bps": -0.027920730731693988,
        "perc_pos_return_2_5_bps": 0.4728682170542631,
        "profit_loss_ratio_2_5_bps": 1.099477850840614,
        "annual_return_3_0_bps": -0.0068260476317715015,
        "annual_volatility_3_0_bps": 0.05159737171916,
        "sharpe_ratio_3_0_bps": -0.25467636606690947,
        "downside_risk_3_0_bps": 0.034655295155655005,
        "sortino_ratio_3_0_bps": -0.24025458695803747,
        "max_drawdown_3_0_bps": 0.082854620018751,
        "calmar_ratio_3_0_bps": -0.11363112782398602,
        "perc_pos_return_3_0_bps": 0.47093023255813904,
        "profit_loss_ratio_3_0_bps": 1.079058190430697,
        "annual_return_rescaled": 0.12796814896936454,
        "annual_volatility_rescaled": 0.15000000000000102,
        "downside_risk_rescaled": 0.09562841026214632,
        "max_drawdown_rescaled": 0.15337524610122438,
        "annual_return_rescaled_0_5_bps": 0.10149670050265142,
        "annual_volatility_rescaled_0_5_bps": 0.1500000000000009,
        "downside_risk_rescaled_0_5_bps": 0.0964664555217552,
        "max_drawdown_rescaled_0_5_bps": 0.16521115039753015,
        "annual_return_rescaled_1_0_bps": 0.07563181287398807,
        "annual_volatility_rescaled_1_0_bps": 0.14999999999999972,
        "downside_risk_rescaled_1_0_bps": 0.0973106924001992,
        "max_drawdown_rescaled_1_0_bps": 0.17687431579974355,
        "annual_return_rescaled_1_5_bps": 0.05036503115500296,
        "annual_volatility_rescaled_1_5_bps": 0.15000000000000038,
        "downside_risk_rescaled_1_5_bps": 0.0981610003335898,
        "max_drawdown_rescaled_1_5_bps": 0.18836503957335532,
        "annual_return_rescaled_2_0_bps": 0.02568772460711405,
        "annual_volatility_rescaled_2_0_bps": 0.15000000000000102,
        "downside_risk_rescaled_2_0_bps": 0.09901730366843345,
        "max_drawdown_rescaled_2_0_bps": 0.2007682876261723,
        "annual_return_rescaled_2_5_bps": 0.001591102340213424,
        "annual_volatility_rescaled_2_5_bps": 0.15000000000000097,
        "downside_risk_rescaled_2_5_bps": 0.09987952105391301,
        "max_drawdown_rescaled_2_5_bps": 0.2132412214965734,
        "annual_return_rescaled_3_0_bps": -0.02193377118981843,
        "annual_volatility_rescaled_3_0_bps": 0.15000000000000036,
        "downside_risk_rescaled_3_0_bps": 0.10074726871054927,
        "max_drawdown_rescaled_3_0_bps": 0.22549699907681525,
        "sharpe_ratio_years": 0.9429670928366725,
        "sharpe_ratio_years_0_5_bps": 0.8007613549852345,
        "sharpe_ratio_years_1_0_bps": 0.658501559009019,
        "sharpe_ratio_years_1_5_bps": 0.5162122423224624,
        "sharpe_ratio_years_2_0_bps": 0.373917965173085,
        "sharpe_ratio_years_2_5_bps": 0.23164328877739093,
        "sharpe_ratio_years_3_0_bps": 0.08941275344370653,
        "sharpe_ratio_years_std": 1.0427258944964684,
        "sharpe_ratio_years_std_0_5_bps": 1.0440398599708265,
        "sharpe_ratio_years_std_1_0_bps": 1.045223432420693,
        "sharpe_ratio_years_std_1_5_bps": 1.0462809075610044,
        "sharpe_ratio_years_std_2_0_bps": 1.047216678092624,
        "sharpe_ratio_years_std_2_5_bps": 1.048035225915511,
        "sharpe_ratio_years_std_3_0_bps": 1.0487411141799445
    },
    "COMB": {
        "annual_return": 0.042722249355112506,
        "annual_volatility": 0.051606495281635,
        "sharpe_ratio": 0.690833201334366,
        "downside_risk": 0.032900314019891505,
        "sortino_ratio": 1.221641278124377,
        "max_drawdown": 0.0549086059604325,
        "calmar_ratio": 0.638518767028552,
        "perc_pos_return": 0.5019379844961236,
        "profit_loss_ratio": 1.116424800487174,
        "annual_return_0_5_bps": 0.034295545297805,
        "annual_volatility_0_5_bps": 0.051596302549301004,
        "sharpe_ratio_0_5_bps": 0.533337772429232,
        "downside_risk_0_5_bps": 0.033182082833060504,
        "sortino_ratio_0_5_bps": 0.9675900070413701,
        "max_drawdown_0_5_bps": 0.05906387267225051,
        "calmar_ratio_0_5_bps": 0.4613025225279905,
        "perc_pos_return_0_5_bps": 0.49418604651162756,
        "profit_loss_ratio_0_5_bps": 1.125611401087806,
        "annual_return_1_0_bps": 0.025937035139543502,
        "annual_volatility_1_0_bps": 0.05158957739430851,
        "sharpe_ratio_1_0_bps": 0.37576483383476444,
        "downside_risk_1_0_bps": 0.033468116645825,
        "sortino_ratio_1_0_bps": 0.7177167129213886,
        "max_drawdown_1_0_bps": 0.0635845524396415,
        "calmar_ratio_1_0_bps": 0.31081581611826253,
        "perc_pos_return_1_0_bps": 0.48643410852713154,
        "profit_loss_ratio_1_0_bps": 1.1299661356153725,
        "annual_return_1_5_bps": 0.017646166477136502,
        "annual_volatility_1_5_bps": 0.051586321300462507,
        "sharpe_ratio_1_5_bps": 0.21814564366199646,
        "downside_risk_1_5_bps": 0.0337584326825555,
        "sortino_ratio_1_5_bps": 0.47200816299804604,
        "max_drawdown_1_5_bps": 0.06808340526105501,
        "calmar_ratio_1_5_bps": 0.18022725190577302,
        "perc_pos_return_1_5_bps": 0.47868217054263557,
        "profit_loss_ratio_1_5_bps": 1.1334573768236056,
        "annual_return_2_0_bps": 0.009422391384223499,
        "annual_volatility_2_0_bps": 0.051586535051575504,
        "sharpe_ratio_2_0_bps": 0.060511505076418504,
        "downside_risk_2_0_bps": 0.034053064042694,
        "sortino_ratio_2_0_bps": 0.23045293985945903,
        "max_drawdown_2_0_bps": 0.0729069837096385,
        "calmar_ratio_2_0_bps": 0.06870000296754603,
        "perc_pos_return_2_0_bps": 0.4728682170542631,
        "profit_loss_ratio_2_0_bps": 1.1296357145212634,
        "annual_return_2_5_bps": 0.0012651663750000014,
        "annual_volatility_2_5_bps": 0.051590218730548004,
        "sharpe_ratio_2_5_bps": -0.09710626480679396,
        "downside_risk_2_5_bps": 0.0343520422524915,
        "sortino_ratio_2_5_bps": -0.006962574317195047,
        "max_drawdown_2_5_bps": 0.07789471820194452,
        "calmar_ratio_2_5_bps": -0.027920730731693988,
        "perc_pos_return_2_5_bps": 0.4728682170542631,
        "profit_loss_ratio_2_5_bps": 1.099477850840614,
        "annual_return_3_0_bps": -0.0068260476317715015,
        "annual_volatility_3_0_bps": 0.05159737171916,
        "sharpe_ratio_3_0_bps": -0.25467636606690947,
        "downside_risk_3_0_bps": 0.034655295155655005,
        "sortino_ratio_3_0_bps": -0.24025458695803747,
        "max_drawdown_3_0_bps": 0.082854620018751,
        "calmar_ratio_3_0_bps": -0.11363112782398602,
        "perc_pos_return_3_0_bps": 0.47093023255813904,
        "profit_loss_ratio_3_0_bps": 1.079058190430697,
        "annual_return_rescaled": 0.12796814896936454,
        "annual_volatility_rescaled": 0.15000000000000102,
        "downside_risk_rescaled": 0.09562841026214632,
        "max_drawdown_rescaled": 0.15337524610122438,
        "annual_return_rescaled_0_5_bps": 0.10149670050265142,
        "annual_volatility_rescaled_0_5_bps": 0.1500000000000009,
        "downside_risk_rescaled_0_5_bps": 0.0964664555217552,
        "max_drawdown_rescaled_0_5_bps": 0.16521115039753015,
        "annual_return_rescaled_1_0_bps": 0.07563181287398807,
        "annual_volatility_rescaled_1_0_bps": 0.14999999999999972,
        "downside_risk_rescaled_1_0_bps": 0.0973106924001992,
        "max_drawdown_rescaled_1_0_bps": 0.17687431579974355,
        "annual_return_rescaled_1_5_bps": 0.05036503115500296,
        "annual_volatility_rescaled_1_5_bps": 0.15000000000000038,
        "downside_risk_rescaled_1_5_bps": 0.0981610003335898,
        "max_drawdown_rescaled_1_5_bps": 0.18836503957335532,
        "annual_return_rescaled_2_0_bps": 0.02568772460711405,
        "annual_volatility_rescaled_2_0_bps": 0.15000000000000102,
        "downside_risk_rescaled_2_0_bps": 0.09901730366843345,
        "max_drawdown_rescaled_2_0_bps": 0.2007682876261723,
        "annual_return_rescaled_2_5_bps": 0.001591102340213424,
        "annual_volatility_rescaled_2_5_bps": 0.15000000000000097,
        "downside_risk_rescaled_2_5_bps": 0.09987952105391301,
        "max_drawdown_rescaled_2_5_bps": 0.2132412214965734,
        "annual_return_rescaled_3_0_bps": -0.02193377118981843,
        "annual_volatility_rescaled_3_0_bps": 0.15000000000000036,
        "downside_risk_rescaled_3_0_bps": 0.10074726871054927,
        "max_drawdown_rescaled_3_0_bps": 0.22549699907681525,
        "sharpe_ratio_years": 0.9429670928366725,
        "sharpe_ratio_years_0_5_bps": 0.8007613549852345,
        "sharpe_ratio_years_1_0_bps": 0.658501559009019,
        "sharpe_ratio_years_1_5_bps": 0.5162122423224624,
        "sharpe_ratio_years_2_0_bps": 0.373917965173085,
        "sharpe_ratio_years_2_5_bps": 0.23164328877739093,
        "sharpe_ratio_years_3_0_bps": 0.08941275344370653,
        "sharpe_ratio_years_std": 1.0427258944964684,
        "sharpe_ratio_years_std_0_5_bps": 1.0440398599708265,
        "sharpe_ratio_years_std_1_0_bps": 1.045223432420693,
        "sharpe_ratio_years_std_1_5_bps": 1.0462809075610044,
        "sharpe_ratio_years_std_2_0_bps": 1.047216678092624,
        "sharpe_ratio_years_std_2_5_bps": 1.048035225915511,
        "sharpe_ratio_years_std_3_0_bps": 1.0487411141799445
    }
}