{
    "ALL": {
        "annual_return": [
            -0.008289653219183001,
            0.09373415192940801
        ],
        "annual_volatility": [
            0.044204033694025,
            0.059008956869245004
        ],
        "sharpe_ratio": [
            -0.166286158998905,
            1.547952561667637
        ],
        "downside_risk": [
            0.03165951559033,
            0.034141112449453004
        ],
        "sortino_ratio": [
            -0.23217408220493702,
            2.6754566384536913
        ],
        "max_drawdown": [
            0.045569521949501,
            0.064247689971364
        ],
        "calmar_ratio": [
            -0.18191222695664802,
            1.458949761013752
        ],
        "perc_pos_return": [
            0.48062015503875904,
            0.5232558139534881
        ],
        "profit_loss_ratio": [
            1.050240875864023,
            1.182608725110325
        ],
        "annual_return_0_5_bps": [
            -0.015544026008884002,
            0.084135116604494
        ],
        "annual_volatility_0_5_bps": [
            0.044206083968863004,
            0.058986521129739004
        ],
        "sharpe_ratio_0_5_bps": [
            -0.33235122129981803,
            1.399026766158282
        ],
        "downside_risk_0_5_bps": [
            0.031915053342789004,
            0.034449112323332004
        ],
        "sortino_ratio_0_5_bps": [
            -0.46034533729686405,
            2.395525351379604
        ],
        "max_drawdown_0_5_bps": [
            0.049939367910081,
            0.06818837743442001
        ],
        "calmar_ratio_0_5_bps": [
            -0.31125796459562804,
            1.233863009651609
        ],
        "perc_pos_return_0_5_bps": [
            0.472868217054263,
            0.515503875968992
        ],
        "profit_loss_ratio_0_5_bps": [
            1.052983721101686,
            1.198239081073926
        ],
        "annual_return_1_0_bps": [
            -0.022745661180704,
            0.074619731459791
        ],
        "annual_volatility_1_0_bps": [
            0.044210903434815006,
            0.05896825135380201
        ],
        "sharpe_ratio_1_0_bps": [
            -0.49836966234169905,
            1.249899330011228
        ],
        "downside_risk_1_0_bps": [
            0.032174118398985,
            0.034762114892665
        ],
        "sortino_ratio_1_0_bps": [
            -0.684816682259886,
            2.1202501081026632
        ],
        "max_drawdown_1_0_bps": [
            0.055056402952698,
            0.072112701926585
        ],
        "calmar_ratio_1_0_bps": [
            -0.41313380389646104,
            1.034765436132986
        ],
        "perc_pos_return_1_0_bps": [
            0.46511627906976705,
            0.507751937984496
        ],
        "profit_loss_ratio_1_0_bps": [
            1.055830574067539,
            1.204101697163206
        ],
        "annual_return_1_5_bps": [
            -0.029894939746860003,
            0.065187272701133
        ],
        "annual_volatility_1_5_bps": [
            0.044218491186421,
            0.058954151414504004
        ],
        "sharpe_ratio_1_5_bps": [
            -0.664310320166393,
            1.100601607490386
        ],
        "downside_risk_1_5_bps": [
            0.032436681416914005,
            0.035080183948197
        ],
        "sortino_ratio_1_5_bps": [
            -0.9056043576026511,
            1.8496206835987432
        ],
        "max_drawdown_1_5_bps": [
            0.060146080088387004,
            0.07602073043372301
        ],
        "calmar_ratio_1_5_bps": [
            -0.49703887107735706,
            0.8574933748889031
        ],
        "perc_pos_return_1_5_bps": [
            0.45348837209302306,
            0.5038759689922481
        ],
        "profit_loss_ratio_1_5_bps": [
            1.075487663053954,
            1.191427090593257
        ],
        "annual_return_2_0_bps": [
            -0.036992239983981004,
            0.055837022752428
        ],
        "annual_volatility_2_0_bps": [
            0.044228845798929,
            0.058944224304222005
        ],
        "sharpe_ratio_2_0_bps": [
            -0.8301421028470881,
            0.9511651129999251
        ],
        "downside_risk_2_0_bps": [
            0.032702831356918004,
            0.03540329672847
        ],
        "sortino_ratio_2_0_bps": [
            -1.122723187399352,
            1.58362906711827
        ],
        "max_drawdown_2_0_bps": [
            0.065901437747893,
            0.079912529671384
        ],
        "calmar_ratio_2_0_bps": [
            -0.561326751709059,
            0.698726757644151
        ],
        "perc_pos_return_2_0_bps": [
            0.44961240310077505,
            0.49612403100775104
        ],
        "profit_loss_ratio_2_0_bps": [
            1.061963079173302,
            1.197308349869225
        ],
        "annual_return_2_5_bps": [
            -0.044037937452664,
            0.046568270202664006
        ],
        "annual_volatility_2_5_bps": [
            0.04424196532962801,
            0.058938472131468
        ],
        "sharpe_ratio_2_5_bps": [
            -0.995834017554687,
            0.8016214879410991
        ],
        "downside_risk_2_5_bps": [
            0.032972648964749,
            0.035731435540234
        ],
        "sortino_ratio_2_5_bps": [
            -1.3361878848684872,
            1.322262736234097
        ],
        "max_drawdown_2_5_bps": [
            0.07200127031803101,
            0.08378816608585801
        ],
        "calmar_ratio_2_5_bps": [
            -0.61162722904954,
            0.5557857675861521
        ],
        "perc_pos_return_2_5_bps": [
            0.44961240310077505,
            0.49612403100775104
        ],
        "profit_loss_ratio_2_5_bps": [
            1.032404283208022,
            1.166551418473206
        ],
        "annual_return_3_0_bps": [
            -0.051032405016833,
            0.03738030975329
        ],
        "annual_volatility_3_0_bps": [
            0.044257847319671,
            0.058936896118649
        ],
        "sharpe_ratio_3_0_bps": [
            -1.161355199410469,
            0.65200246727665
        ],
        "downside_risk_3_0_bps": [
            0.033246116096016,
            0.036064474215294004
        ],
        "sortino_ratio_3_0_bps": [
            -1.54601761453796,
            1.065508440621885
        ],
        "max_drawdown_3_0_bps": [
            0.078061534182243,
            0.08764770585525901
        ],
        "calmar_ratio_3_0_bps": [
            -0.6537458628175651,
            0.42648360716959305
        ],
        "perc_pos_return_3_0_bps": [
            0.44961240310077505,
            0.49224806201550303
        ],
        "profit_loss_ratio_3_0_bps": [
            1.003704137882907,
            1.154412242978487
        ],
        "annual_return_rescaled": [
            -0.029164159329734374,
            0.28510045726846345
        ],
        "annual_volatility_rescaled": [
            0.1284839247059559,
            0.17151607529404614
        ],
        "downside_risk_rescaled": [
            0.09202189206286711,
            0.09923492846142552
        ],
        "max_drawdown_rescaled": [
            0.12857913267743803,
            0.17817135952501076
        ],
        "annual_return_rescaled_0_5_bps": [
            -0.049676837715890376,
            0.2526702387211932
        ],
        "annual_volatility_rescaled_0_5_bps": [
            0.12851526694172583,
            0.17148473305827602
        ],
        "downside_risk_rescaled_0_5_bps": [
            0.09278296631515727,
            0.10014994472835313
        ],
        "max_drawdown_rescaled_0_5_bps": [
            0.14218624794380538,
            0.18823605285125491
        ],
        "annual_return_rescaled_1_0_bps": [
            -0.06976156279015566,
            0.2210251885381318
        ],
        "annual_volatility_rescaled_1_0_bps": [
            0.12854603294257375,
            0.1714539670574257
        ],
        "downside_risk_rescaled_1_0_bps": [
            0.09354830963163292,
            0.10107307516876547
        ],
        "max_drawdown_rescaled_1_0_bps": [
            0.1555777029061851,
            0.19817092869330202
        ],
        "annual_return_rescaled_1_5_bps": [
            -0.08942322284806592,
            0.19015328515807184
        ],
        "annual_volatility_rescaled_1_5_bps": [
            0.12857620994780522,
            0.17142379005219555
        ],
        "downside_risk_rescaled_1_5_bps": [
            0.0943176813131954,
            0.10200431935398421
        ],
        "max_drawdown_rescaled_1_5_bps": [
            0.16875431914597439,
            0.20797576000073628
        ],
        "annual_return_rescaled_2_0_bps": [
            -0.10866685540367704,
            0.16004230461790514
        ],
        "annual_volatility_rescaled_2_0_bps": [
            0.12860578566105432,
            0.17139421433894772
        ],
        "downside_risk_rescaled_2_0_bps": [
            0.0950911841361967,
            0.10294342320067021
        ],
        "max_drawdown_rescaled_2_0_bps": [
            0.18388617982946914,
            0.21765039542287545
        ],
        "annual_return_rescaled_2_5_bps": [
            -0.12749763739090336,
            0.1306798420713302
        ],
        "annual_volatility_rescaled_2_5_bps": [
            0.12863474826701427,
            0.17136525173298767
        ],
        "downside_risk_rescaled_2_5_bps": [
            0.09586889659344912,
            0.10389014551437689
        ],
        "max_drawdown_rescaled_2_5_bps": [
            0.19928768478064357,
            0.22719475821250323
        ],
        "annual_return_rescaled_3_0_bps": [
            -0.14592087537592358,
            0.10205333299628672
        ],
        "annual_volatility_rescaled_3_0_bps": [
            0.1286630864472024,
            0.17133691355279834
        ],
        "downside_risk_rescaled_3_0_bps": [
            0.09665060928967072,
            0.10484392813142783
        ],
        "max_drawdown_rescaled_3_0_bps": [
            0.2143851531293764,
            0.23660884502425414
        ],
        "sharpe_ratio_years": [
            -0.099758801659796,
            1.985692987333141
        ],
        "sharpe_ratio_years_0_5_bps": [
            -0.24327850498559203,
            1.844801214956061
        ],
        "sharpe_ratio_years_1_0_bps": [
            -0.386721873411674,
            1.703724991429712
        ],
        "sharpe_ratio_years_1_5_bps": [
            -0.530068665238542,
            1.5624931498834669
        ],
        "sharpe_ratio_years_2_0_bps": [
            -0.673298712919539,
            1.421134643265709
        ],
        "sharpe_ratio_years_2_5_bps": [
            -0.8163919371381201,
            1.279678514692902
        ],
        "sharpe_ratio_years_3_0_bps": [
            -0.9593283607362381,
            1.1381538676236511
        ]
    },
    "COMB": {
        "annual_return": [
            -0.008289653219183001,
            0.09373415192940801
        ],
        "annual_volatility": [
            0.044204033694025,
            0.059008956869245004
        ],
        "sharpe_ratio": [
            -0.166286158998905,
            1.547952561667637
        ],
        "downside_risk": [
            0.03165951559033,
            0.034141112449453004
        ],
        "sortino_ratio": [
            -0.23217408220493702,
            2.6754566384536913
        ],
        "max_drawdown": [
            0.045569521949501,
            0.064247689971364
        ],
        "calmar_ratio": [
            -0.18191222695664802,
            1.458949761013752
        ],
        "perc_pos_return": [
            0.48062015503875904,
            0.5232558139534881
        ],
        "profit_loss_ratio": [
            1.050240875864023,
            1.182608725110325
        ],
        "annual_return_0_5_bps": [
            -0.015544026008884002,
            0.084135116604494
        ],
        "annual_volatility_0_5_bps": [
            0.044206083968863004,
            0.058986521129739004
        ],
        "sharpe_ratio_0_5_bps": [
            -0.33235122129981803,
            1.399026766158282
        ],
        "downside_risk_0_5_bps": [
            0.031915053342789004,
            0.034449112323332004
        ],
        "sortino_ratio_0_5_bps": [
            -0.46034533729686405,
            2.395525351379604
        ],
        "max_drawdown_0_5_bps": [
            0.049939367910081,
            0.06818837743442001
        ],
        "calmar_ratio_0_5_bps": [
            -0.31125796459562804,
            1.233863009651609
        ],
        "perc_pos_return_0_5_bps": [
            0.472868217054263,
            0.515503875968992
        ],
        "profit_loss_ratio_0_5_bps": [
            1.052983721101686,
            1.198239081073926
        ],
        "annual_return_1_0_bps": [
            -0.022745661180704,
            0.074619731459791
        ],
        "annual_volatility_1_0_bps": [
            0.044210903434815006,
            0.05896825135380201
        ],
        "sharpe_ratio_1_0_bps": [
            -0.49836966234169905,
            1.249899330011228
        ],
        "downside_risk_1_0_bps": [
            0.032174118398985,
            0.034762114892665
        ],
        "sortino_ratio_1_0_bps": [
            -0.684816682259886,
            2.1202501081026632
        ],
        "max_drawdown_1_0_bps": [
            0.055056402952698,
            0.072112701926585
        ],
        "calmar_ratio_1_0_bps": [
            -0.41313380389646104,
            1.034765436132986
        ],
        "perc_pos_return_1_0_bps": [
            0.46511627906976705,
            0.507751937984496
        ],
        "profit_loss_ratio_1_0_bps": [
            1.055830574067539,
            1.204101697163206
        ],
        "annual_return_1_5_bps": [
            -0.029894939746860003,
            0.065187272701133
        ],
        "annual_volatility_1_5_bps": [
            0.044218491186421,
            0.058954151414504004
        ],
        "sharpe_ratio_1_5_bps": [
            -0.664310320166393,
            1.100601607490386
        ],
        "downside_risk_1_5_bps": [
            0.032436681416914005,
            0.035080183948197
        ],
        "sortino_ratio_1_5_bps": [
            -0.9056043576026511,
            1.8496206835987432
        ],
        "max_drawdown_1_5_bps": [
            0.060146080088387004,
            0.07602073043372301
        ],
        "calmar_ratio_1_5_bps": [
            -0.49703887107735706,
            0.8574933748889031
        ],
        "perc_pos_return_1_5_bps": [
            0.45348837209302306,
            0.5038759689922481
        ],
        "profit_loss_ratio_1_5_bps": [
            1.075487663053954,
            1.191427090593257
        ],
        "annual_return_2_0_bps": [
            -0.036992239983981004,
            0.055837022752428
        ],
        "annual_volatility_2_0_bps": [
            0.044228845798929,
            0.058944224304222005
        ],
        "sharpe_ratio_2_0_bps": [
            -0.8301421028470881,
            0.9511651129999251
        ],
        "downside_risk_2_0_bps": [
            0.032702831356918004,
            0.03540329672847
        ],
        "sortino_ratio_2_0_bps": [
            -1.122723187399352,
            1.58362906711827
        ],
        "max_drawdown_2_0_bps": [
            0.065901437747893,
            0.079912529671384
        ],
        "calmar_ratio_2_0_bps": [
            -0.561326751709059,
            0.698726757644151
        ],
        "perc_pos_return_2_0_bps": [
            0.44961240310077505,
            0.49612403100775104
        ],
        "profit_loss_ratio_2_0_bps": [
            1.061963079173302,
            1.197308349869225
        ],
        "annual_return_2_5_bps": [
            -0.044037937452664,
            0.046568270202664006
        ],
        "annual_volatility_2_5_bps": [
            0.04424196532962801,
            0.058938472131468
        ],
        "sharpe_ratio_2_5_bps": [
            -0.995834017554687,
            0.8016214879410991
        ],
        "downside_risk_2_5_bps": [
            0.032972648964749,
            0.035731435540234
        ],
        "sortino_ratio_2_5_bps": [
            -1.3361878848684872,
            1.322262736234097
        ],
        "max_drawdown_2_5_bps": [
            0.07200127031803101,
            0.08378816608585801
        ],
        "calmar_ratio_2_5_bps": [
            -0.61162722904954,
            0.5557857675861521
        ],
        "perc_pos_return_2_5_bps": [
            0.44961240310077505,
            0.49612403100775104
        ],
        "profit_loss_ratio_2_5_bps": [
            1.032404283208022,
            1.166551418473206
        ],
        "annual_return_3_0_bps": [
            -0.051032405016833,
            0.03738030975329
        ],
        "annual_volatility_3_0_bps": [
            0.044257847319671,
            0.058936896118649
        ],
        "sharpe_ratio_3_0_bps": [
            -1.161355199410469,
            0.65200246727665
        ],
        "downside_risk_3_0_bps": [
            0.033246116096016,
            0.036064474215294004
        ],
        "sortino_ratio_3_0_bps": [
            -1.54601761453796,
            1.065508440621885
        ],
        "max_drawdown_3_0_bps": [
            0.078061534182243,
            0.08764770585525901
        ],
        "calmar_ratio_3_0_bps": [
            -0.6537458628175651,
            0.42648360716959305
        ],
        "perc_pos_return_3_0_bps": [
            0.44961240310077505,
            0.49224806201550303
        ],
        "profit_loss_ratio_3_0_bps": [
            1.003704137882907,
            1.154412242978487
        ],
        "annual_return_rescaled": [
            -0.029164159329734374,
            0.28510045726846345
        ],
        "annual_volatility_rescaled": [
            0.1284839247059559,
            0.17151607529404614
        ],
        "downside_risk_rescaled": [
            0.09202189206286711,
            0.09923492846142552
        ],
        "max_drawdown_rescaled": [
            0.12857913267743803,
            0.17817135952501076
        ],
        "annual_return_rescaled_0_5_bps": [
            -0.049676837715890376,
            0.2526702387211932
        ],
        "annual_volatility_rescaled_0_5_bps": [
            0.12851526694172583,
            0.17148473305827602
        ],
        "downside_risk_rescaled_0_5_bps": [
            0.09278296631515727,
            0.10014994472835313
        ],
        "max_drawdown_rescaled_0_5_bps": [
            0.14218624794380538,
            0.18823605285125491
        ],
        "annual_return_rescaled_1_0_bps": [
            -0.06976156279015566,
            0.2210251885381318
        ],
        "annual_volatility_rescaled_1_0_bps": [
            0.12854603294257375,
            0.1714539670574257
        ],
        "downside_risk_rescaled_1_0_bps": [
            0.09354830963163292,
            0.10107307516876547
        ],
        "max_drawdown_rescaled_1_0_bps": [
            0.1555777029061851,
            0.19817092869330202
        ],
        "annual_return_rescaled_1_5_bps": [
            -0.08942322284806592,
            0.19015328515807184
        ],
        "annual_volatility_rescaled_1_5_bps": [
            0.12857620994780522,
            0.17142379005219555
        ],
        "downside_risk_rescaled_1_5_bps": [
            0.0943176813131954,
            0.10200431935398421
        ],
        "max_drawdown_rescaled_1_5_bps": [
            0.16875431914597439,
            0.20797576000073628
        ],
        "annual_return_rescaled_2_0_bps": [
            -0.10866685540367704,
            0.16004230461790514
        ],
        "annual_volatility_rescaled_2_0_bps": [
            0.12860578566105432,
            0.17139421433894772
        ],
        "downside_risk_rescaled_2_0_bps": [
            0.0950911841361967,
            0.10294342320067021
        ],
        "max_drawdown_rescaled_2_0_bps": [
            0.18388617982946914,
            0.21765039542287545
        ],
        "annual_return_rescaled_2_5_bps": [
            -0.12749763739090336,
            0.1306798420713302
        ],
        "annual_volatility_rescaled_2_5_bps": [
            0.12863474826701427,
            0.17136525173298767
        ],
        "downside_risk_rescaled_2_5_bps": [
            0.09586889659344912,
            0.10389014551437689
        ],
        "max_drawdown_rescaled_2_5_bps": [
            0.19928768478064357,
            0.22719475821250323
        ],
        "annual_return_rescaled_3_0_bps": [
            -0.14592087537592358,
            0.10205333299628672
        ],
        "annual_volatility_rescaled_3_0_bps": [
            0.1286630864472024,
            0.17133691355279834
        ],
        "downside_risk_rescaled_3_0_bps": [
            0.09665060928967072,
            0.10484392813142783
        ],
        "max_drawdown_rescaled_3_0_bps": [
            0.2143851531293764,
            0.23660884502425414
        ],
        "sharpe_ratio_years": [
            -0.099758801659796,
            1.985692987333141
        ],
        "sharpe_ratio_years_0_5_bps": [
            -0.24327850498559203,
            1.844801214956061
        ],
        "sharpe_ratio_years_1_0_bps": [
            -0.386721873411674,
            1.703724991429712
        ],
        "sharpe_ratio_years_1_5_bps": [
            -0.530068665238542,
            1.5624931498834669
        ],
        "sharpe_ratio_years_2_0_bps": [
            -0.673298712919539,
            1.421134643265709
        ],
        "sharpe_ratio_years_2_5_bps": [
            -0.8163919371381201,
            1.279678514692902
        ],
        "sharpe_ratio_years_3_0_bps": [
            -0.9593283607362381,
            1.1381538676236511
        ]
    }
}