{
    "ALL": {
        "annual_return": -0.026666838179142005,
        "annual_volatility": 0.041626426719603,
        "sharpe_ratio": -0.6328954923126962,
        "downside_risk": 0.031381023750757506,
        "sortino_ratio": -0.840199404345112,
        "max_drawdown": 0.066160206441396,
        "calmar_ratio": -0.4224934841839915,
        "perc_pos_return": 0.490079365079365,
        "profit_loss_ratio": 0.9280313679632215,
        "annual_return_0_5_bps": -0.027065339290669004,
        "annual_volatility_0_5_bps": 0.0416265244020315,
        "sharpe_ratio_0_5_bps": -0.6423182473492806,
        "downside_risk_0_5_bps": 0.031393756626319005,
        "sortino_ratio_0_5_bps": -0.8523565907855402,
        "max_drawdown_0_5_bps": 0.0662558971906645,
        "calmar_ratio_0_5_bps": -0.42732116756799954,
        "perc_pos_return_0_5_bps": 0.490079365079365,
        "profit_loss_ratio_0_5_bps": 0.9263872403556296,
        "annual_return_1_0_bps": -0.0274636071723005,
        "annual_volatility_1_0_bps": 0.041626627213642506,
        "sharpe_ratio_1_0_bps": -0.65174100266441,
        "downside_risk_1_0_bps": 0.031406501449294,
        "sortino_ratio_1_0_bps": -0.8645007352388137,
        "max_drawdown_1_0_bps": 0.06635157783117801,
        "calmar_ratio_1_0_bps": -0.4321318647740571,
        "perc_pos_return_1_0_bps": 0.490079365079365,
        "profit_loss_ratio_1_0_bps": 0.9247471200933141,
        "annual_return_1_5_bps": -0.0278616419760405,
        "annual_volatility_1_5_bps": 0.0416267351545275,
        "sharpe_ratio_1_5_bps": -0.6611637533143515,
        "downside_risk_1_5_bps": 0.0314192581985725,
        "sortino_ratio_1_5_bps": -0.8766318407239675,
        "max_drawdown_1_5_bps": 0.0664472483640245,
        "calmar_ratio_1_5_bps": -0.43692565433300157,
        "perc_pos_return_1_5_bps": 0.490079365079365,
        "profit_loss_ratio_1_5_bps": 0.9231109908091542,
        "annual_return_2_0_bps": -0.028259443853797,
        "annual_volatility_2_0_bps": 0.0416268482247735,
        "sharpe_ratio_2_0_bps": -0.6705864943550726,
        "downside_risk_2_0_bps": 0.031432026903335505,
        "sortino_ratio_2_0_bps": -0.8887499091159791,
        "max_drawdown_2_0_bps": 0.066542908790288,
        "calmar_ratio_2_0_bps": -0.44170261429996804,
        "perc_pos_return_2_0_bps": 0.488095238095238,
        "profit_loss_ratio_2_0_bps": 0.9290714997763105,
        "annual_return_2_5_bps": -0.028657012957373003,
        "annual_volatility_2_5_bps": 0.041626966424465006,
        "sharpe_ratio_2_5_bps": -0.680009220842253,
        "downside_risk_2_5_bps": 0.031444807784472506,
        "sortino_ratio_2_5_bps": -0.9008549374494101,
        "max_drawdown_2_5_bps": 0.06663855911105551,
        "calmar_ratio_2_5_bps": -0.446462822257799,
        "perc_pos_return_2_5_bps": 0.488095238095238,
        "profit_loss_ratio_2_5_bps": 0.9274229381761141,
        "annual_return_3_0_bps": -0.029054349438471502,
        "annual_volatility_3_0_bps": 0.04162708975368551,
        "sharpe_ratio_3_0_bps": -0.6894319278312955,
        "downside_risk_3_0_bps": 0.031457600852242,
        "sortino_ratio_3_0_bps": -0.912946927716423,
        "max_drawdown_3_0_bps": 0.06673419932741251,
        "calmar_ratio_3_0_bps": -0.45120635532076053,
        "perc_pos_return_3_0_bps": 0.488095238095238,
        "profit_loss_ratio_3_0_bps": 0.9257784261194961,
        "annual_return_rescaled": -0.10020577757702054,
        "annual_volatility_rescaled": 0.14999999999999997,
        "downside_risk_rescaled": 0.11308089436360161,
        "max_drawdown_rescaled": 0.22045564302206772,
        "annual_return_rescaled_0_5_bps": -0.10153312892378669,
        "annual_volatility_rescaled_0_5_bps": 0.1500000000000008,
        "downside_risk_rescaled_0_5_bps": 0.11312651155949219,
        "max_drawdown_rescaled_0_5_bps": 0.22074143122113446,
        "annual_return_rescaled_1_0_bps": -0.10285766300619559,
        "annual_volatility_rescaled_1_0_bps": 0.15000000000000208,
        "downside_risk_rescaled_1_0_bps": 0.1131721576484157,
        "max_drawdown_rescaled_1_0_bps": 0.22102708554885825,
        "annual_return_rescaled_1_5_bps": -0.1041793860007389,
        "annual_volatility_rescaled_1_5_bps": 0.15000000000000108,
        "downside_risk_rescaled_1_5_bps": 0.11321783253696602,
        "max_drawdown_rescaled_1_5_bps": 0.22131260597030733,
        "annual_return_rescaled_2_0_bps": -0.10549830407187849,
        "annual_volatility_rescaled_2_0_bps": 0.15000000000000085,
        "downside_risk_rescaled_2_0_bps": 0.11326353631295105,
        "max_drawdown_rescaled_2_0_bps": 0.2215979924507102,
        "annual_return_rescaled_2_5_bps": -0.10681442337204933,
        "annual_volatility_rescaled_2_5_bps": 0.15000000000000224,
        "downside_risk_rescaled_2_5_bps": 0.11330926975497352,
        "max_drawdown_rescaled_2_5_bps": 0.22188324495544082,
        "annual_return_rescaled_3_0_bps": -0.10812775004167313,
        "annual_volatility_rescaled_3_0_bps": 0.1499999999999992,
        "downside_risk_rescaled_3_0_bps": 0.11335503288260787,
        "max_drawdown_rescaled_3_0_bps": 0.22216836345001562,
        "sharpe_ratio_years": -0.648663124994941,
        "sharpe_ratio_years_0_5_bps": -0.65807009574171,
        "sharpe_ratio_years_1_0_bps": -0.6674770753284505,
        "sharpe_ratio_years_1_5_bps": -0.6768840588826516,
        "sharpe_ratio_years_2_0_bps": -0.6862910415314685,
        "sharpe_ratio_years_2_5_bps": -0.6956980184017365,
        "sharpe_ratio_years_3_0_bps": -0.7051049846199791,
        "sharpe_ratio_years_std": 0.048179294359255054,
        "sharpe_ratio_years_std_0_5_bps": 0.04234373567109195,
        "sharpe_ratio_years_std_1_0_bps": 0.03650805029811749,
        "sharpe_ratio_years_std_1_5_bps": 0.030672242874436484,
        "sharpe_ratio_years_std_2_0_bps": 0.024836318034532512,
        "sharpe_ratio_years_std_2_5_bps": 0.019000280413257464,
        "sharpe_ratio_years_std_3_0_bps": 0.013164134645813008
    },
    "COMB": {
        "annual_return": -0.026666838179142005,
        "annual_volatility": 0.041626426719603,
        "sharpe_ratio": -0.6328954923126962,
        "downside_risk": 0.031381023750757506,
        "sortino_ratio": -0.840199404345112,
        "max_drawdown": 0.066160206441396,
        "calmar_ratio": -0.4224934841839915,
        "perc_pos_return": 0.490079365079365,
        "profit_loss_ratio": 0.9280313679632215,
        "annual_return_0_5_bps": -0.027065339290669004,
        "annual_volatility_0_5_bps": 0.0416265244020315,
        "sharpe_ratio_0_5_bps": -0.6423182473492806,
        "downside_risk_0_5_bps": 0.031393756626319005,
        "sortino_ratio_0_5_bps": -0.8523565907855402,
        "max_drawdown_0_5_bps": 0.0662558971906645,
        "calmar_ratio_0_5_bps": -0.42732116756799954,
        "perc_pos_return_0_5_bps": 0.490079365079365,
        "profit_loss_ratio_0_5_bps": 0.9263872403556296,
        "annual_return_1_0_bps": -0.0274636071723005,
        "annual_volatility_1_0_bps": 0.041626627213642506,
        "sharpe_ratio_1_0_bps": -0.65174100266441,
        "downside_risk_1_0_bps": 0.031406501449294,
        "sortino_ratio_1_0_bps": -0.8645007352388137,
        "max_drawdown_1_0_bps": 0.06635157783117801,
        "calmar_ratio_1_0_bps": -0.4321318647740571,
        "perc_pos_return_1_0_bps": 0.490079365079365,
        "profit_loss_ratio_1_0_bps": 0.9247471200933141,
        "annual_return_1_5_bps": -0.0278616419760405,
        "annual_volatility_1_5_bps": 0.0416267351545275,
        "sharpe_ratio_1_5_bps": -0.6611637533143515,
        "downside_risk_1_5_bps": 0.0314192581985725,
        "sortino_ratio_1_5_bps": -0.8766318407239675,
        "max_drawdown_1_5_bps": 0.0664472483640245,
        "calmar_ratio_1_5_bps": -0.43692565433300157,
        "perc_pos_return_1_5_bps": 0.490079365079365,
        "profit_loss_ratio_1_5_bps": 0.9231109908091542,
        "annual_return_2_0_bps": -0.028259443853797,
        "annual_volatility_2_0_bps": 0.0416268482247735,
        "sharpe_ratio_2_0_bps": -0.6705864943550726,
        "downside_risk_2_0_bps": 0.031432026903335505,
        "sortino_ratio_2_0_bps": -0.8887499091159791,
        "max_drawdown_2_0_bps": 0.066542908790288,
        "calmar_ratio_2_0_bps": -0.44170261429996804,
        "perc_pos_return_2_0_bps": 0.488095238095238,
        "profit_loss_ratio_2_0_bps": 0.9290714997763105,
        "annual_return_2_5_bps": -0.028657012957373003,
        "annual_volatility_2_5_bps": 0.041626966424465006,
        "sharpe_ratio_2_5_bps": -0.680009220842253,
        "downside_risk_2_5_bps": 0.031444807784472506,
        "sortino_ratio_2_5_bps": -0.9008549374494101,
        "max_drawdown_2_5_bps": 0.06663855911105551,
        "calmar_ratio_2_5_bps": -0.446462822257799,
        "perc_pos_return_2_5_bps": 0.488095238095238,
        "profit_loss_ratio_2_5_bps": 0.9274229381761141,
        "annual_return_3_0_bps": -0.029054349438471502,
        "annual_volatility_3_0_bps": 0.04162708975368551,
        "sharpe_ratio_3_0_bps": -0.6894319278312955,
        "downside_risk_3_0_bps": 0.031457600852242,
        "sortino_ratio_3_0_bps": -0.912946927716423,
        "max_drawdown_3_0_bps": 0.06673419932741251,
        "calmar_ratio_3_0_bps": -0.45120635532076053,
        "perc_pos_return_3_0_bps": 0.488095238095238,
        "profit_loss_ratio_3_0_bps": 0.9257784261194961,
        "annual_return_rescaled": -0.10020577757702054,
        "annual_volatility_rescaled": 0.14999999999999997,
        "downside_risk_rescaled": 0.11308089436360161,
        "max_drawdown_rescaled": 0.22045564302206772,
        "annual_return_rescaled_0_5_bps": -0.10153312892378669,
        "annual_volatility_rescaled_0_5_bps": 0.1500000000000008,
        "downside_risk_rescaled_0_5_bps": 0.11312651155949219,
        "max_drawdown_rescaled_0_5_bps": 0.22074143122113446,
        "annual_return_rescaled_1_0_bps": -0.10285766300619559,
        "annual_volatility_rescaled_1_0_bps": 0.15000000000000208,
        "downside_risk_rescaled_1_0_bps": 0.1131721576484157,
        "max_drawdown_rescaled_1_0_bps": 0.22102708554885825,
        "annual_return_rescaled_1_5_bps": -0.1041793860007389,
        "annual_volatility_rescaled_1_5_bps": 0.15000000000000108,
        "downside_risk_rescaled_1_5_bps": 0.11321783253696602,
        "max_drawdown_rescaled_1_5_bps": 0.22131260597030733,
        "annual_return_rescaled_2_0_bps": -0.10549830407187849,
        "annual_volatility_rescaled_2_0_bps": 0.15000000000000085,
        "downside_risk_rescaled_2_0_bps": 0.11326353631295105,
        "max_drawdown_rescaled_2_0_bps": 0.2215979924507102,
        "annual_return_rescaled_2_5_bps": -0.10681442337204933,
        "annual_volatility_rescaled_2_5_bps": 0.15000000000000224,
        "downside_risk_rescaled_2_5_bps": 0.11330926975497352,
        "max_drawdown_rescaled_2_5_bps": 0.22188324495544082,
        "annual_return_rescaled_3_0_bps": -0.10812775004167313,
        "annual_volatility_rescaled_3_0_bps": 0.1499999999999992,
        "downside_risk_rescaled_3_0_bps": 0.11335503288260787,
        "max_drawdown_rescaled_3_0_bps": 0.22216836345001562,
        "sharpe_ratio_years": -0.648663124994941,
        "sharpe_ratio_years_0_5_bps": -0.65807009574171,
        "sharpe_ratio_years_1_0_bps": -0.6674770753284505,
        "sharpe_ratio_years_1_5_bps": -0.6768840588826516,
        "sharpe_ratio_years_2_0_bps": -0.6862910415314685,
        "sharpe_ratio_years_2_5_bps": -0.6956980184017365,
        "sharpe_ratio_years_3_0_bps": -0.7051049846199791,
        "sharpe_ratio_years_std": 0.048179294359255054,
        "sharpe_ratio_years_std_0_5_bps": 0.04234373567109195,
        "sharpe_ratio_years_std_1_0_bps": 0.03650805029811749,
        "sharpe_ratio_years_std_1_5_bps": 0.030672242874436484,
        "sharpe_ratio_years_std_2_0_bps": 0.024836318034532512,
        "sharpe_ratio_years_std_2_5_bps": 0.019000280413257464,
        "sharpe_ratio_years_std_3_0_bps": 0.013164134645813008
    }
}