{
    "ALL": {
        "annual_return": [
            -0.027353304217191003,
            -0.025980372141093003
        ],
        "annual_volatility": [
            0.038725277171370004,
            0.044527576267836
        ],
        "sharpe_ratio": [
            -0.6968424193541961,
            -0.5689485652711961
        ],
        "downside_risk": [
            0.029051064999112003,
            0.033710982502403
        ],
        "sortino_ratio": [
            -0.928895922923458,
            -0.751502885766766
        ],
        "max_drawdown": [
            0.052761710164124,
            0.07955870271866801
        ],
        "calmar_ratio": [
            -0.51843096313793,
            -0.326556005230053
        ],
        "perc_pos_return": [
            0.49603174603174605,
            0.484126984126984
        ],
        "profit_loss_ratio": [
            0.8974464508962651,
            0.958616285030178
        ],
        "annual_return_0_5_bps": [
            -0.027488227867166003,
            -0.026642450714172
        ],
        "annual_volatility_0_5_bps": [
            0.038725829116195,
            0.044527219687868005
        ],
        "sharpe_ratio_0_5_bps": [
            -0.700413831412802,
            -0.584222663285759
        ],
        "downside_risk_0_5_bps": [
            0.029056021512437004,
            0.033731491740201
        ],
        "sortino_ratio_0_5_bps": [
            -0.9335106781326401,
            -0.7712025034384401
        ],
        "max_drawdown_0_5_bps": [
            0.052835836642193004,
            0.07967595773913601
        ],
        "calmar_ratio_0_5_bps": [
            -0.520257265032404,
            -0.33438507010359503
        ],
        "perc_pos_return_0_5_bps": [
            0.49603174603174605,
            0.484126984126984
        ],
        "profit_loss_ratio_0_5_bps": [
            0.8968734690296131,
            0.9559010116816461
        ],
        "annual_return_1_0_bps": [
            -0.027623132908507,
            -0.027304081436094002
        ],
        "annual_volatility_1_0_bps": [
            0.038726381943509004,
            0.044526872483776
        ],
        "sharpe_ratio_1_0_bps": [
            -0.703985125626568,
            -0.5994968797022521
        ],
        "downside_risk_1_0_bps": [
            0.029060979062376,
            0.033752023836212
        ],
        "sortino_ratio_1_0_bps": [
            -0.9381238257337161,
            -0.7908776447439111
        ],
        "max_drawdown_1_0_bps": [
            0.052909957389621,
            0.07979319827273501
        ],
        "calmar_ratio_1_0_bps": [
            -0.522078154497368,
            -0.34218557505074604
        ],
        "perc_pos_return_1_0_bps": [
            0.49603174603174605,
            0.484126984126984
        ],
        "profit_loss_ratio_1_0_bps": [
            0.896300836334011,
            0.9531934038526171
        ],
        "annual_return_1_5_bps": [
            -0.027758019343768002,
            -0.027965264608313
        ],
        "annual_volatility_1_5_bps": [
            0.038726935653275,
            0.044526534655780006
        ],
        "sharpe_ratio_1_5_bps": [
            -0.7075563017570881,
            -0.6147712048716151
        ],
        "downside_risk_1_5_bps": [
            0.029065937648399,
            0.033772578748746
        ],
        "sortino_ratio_1_5_bps": [
            -0.9427353660729081,
            -0.810528315375027
        ],
        "max_drawdown_1_5_bps": [
            0.05298407240684701,
            0.079910424321202
        ],
        "calmar_ratio_1_5_bps": [
            -0.523893654882232,
            -0.349957653783771
        ],
        "perc_pos_return_1_5_bps": [
            0.49603174603174605,
            0.484126984126984
        ],
        "profit_loss_ratio_1_5_bps": [
            0.8957285524903831,
            0.9504934291279251
        ],
        "annual_return_2_0_bps": [
            -0.027892887175494003,
            -0.0286260005321
        ],
        "annual_volatility_2_0_bps": [
            0.038727490245455,
            0.044526206204092006
        ],
        "sharpe_ratio_2_0_bps": [
            -0.711127359566001,
            -0.6300456291441441
        ],
        "downside_risk_2_0_bps": [
            0.029070897269976,
            0.033793156536695006
        ],
        "sortino_ratio_2_0_bps": [
            -0.9473452994968751,
            -0.8301545187350831
        ],
        "max_drawdown_2_0_bps": [
            0.053058181694307004,
            0.080027635886269
        ],
        "calmar_ratio_2_0_bps": [
            -0.5257037894023251,
            -0.35770143919761105
        ],
        "perc_pos_return_2_0_bps": [
            0.49603174603174605,
            0.48015873015873006
        ],
        "profit_loss_ratio_2_0_bps": [
            0.895156617180038,
            0.962986382372583
        ],
        "annual_return_2_5_bps": [
            -0.028027736406238003,
            -0.029286289508508003
        ],
        "annual_volatility_2_5_bps": [
            0.038728045720010006,
            0.04452588712892001
        ],
        "sharpe_ratio_2_5_bps": [
            -0.714698298814994,
            -0.645320142869512
        ],
        "downside_risk_2_5_bps": [
            0.029075857926576004,
            0.033813757642369005
        ],
        "sortino_ratio_2_5_bps": [
            -0.9519536263527121,
            -0.8497562485461081
        ],
        "max_drawdown_2_5_bps": [
            0.053132285252438,
            0.08014483296967301
        ],
        "calmar_ratio_2_5_bps": [
            -0.527508581139973,
            -0.365417063375625
        ],
        "perc_pos_return_2_5_bps": [
            0.49603174603174605,
            0.48015873015873006
        ],
        "profit_loss_ratio_2_5_bps": [
            0.89458503008468,
            0.960260846267548
        ],
        "annual_return_3_0_bps": [
            -0.028162567038554003,
            -0.029946131838389
        ],
        "annual_volatility_3_0_bps": [
            0.038728602076904005,
            0.044525577430467006
        ],
        "sharpe_ratio_3_0_bps": [
            -0.7182691192657921,
            -0.660594736396799
        ],
        "downside_risk_3_0_bps": [
            0.029080819617671002,
            0.033834382086813004
        ],
        "sortino_ratio_3_0_bps": [
            -0.9565603469879421,
            -0.8693335084449041
        ],
        "max_drawdown_3_0_bps": [
            0.053206383081681005,
            0.08026201557314401
        ],
        "calmar_ratio_3_0_bps": [
            -0.529308053045445,
            -0.37310465759607603
        ],
        "perc_pos_return_3_0_bps": [
            0.49603174603174605,
            0.48015873015873006
        ],
        "profit_loss_ratio_3_0_bps": [
            0.8940137908863961,
            0.957543061352596
        ],
        "annual_return_rescaled": [
            -0.10146627709725509,
            -0.09894527805678599
        ],
        "annual_volatility_rescaled": [
            0.1395457653579958,
            0.16045423464200415
        ],
        "downside_risk_rescaled": [
            0.1046849343860362,
            0.12147685434116703
        ],
        "max_drawdown_rescaled": [
            0.1797820872407588,
            0.2611291988033766
        ],
        "annual_return_rescaled_0_5_bps": [
            -0.10191543997636432,
            -0.10115081787120905
        ],
        "annual_volatility_rescaled_0_5_bps": [
            0.13954742681197255,
            0.16045257318802908
        ],
        "downside_risk_rescaled_0_5_bps": [
            0.10470254938346141,
            0.12155047373552298
        ],
        "max_drawdown_rescaled_0_5_bps": [
            0.18001323959993776,
            0.26146962284233116
        ],
        "annual_return_rescaled_1_0_bps": [
            -0.10236436448480957,
            -0.10335096152758161
        ],
        "annual_volatility_rescaled_1_0_bps": [
            0.13954907424309967,
            0.16045092575690445
        ],
        "downside_risk_rescaled_1_0_bps": [
            0.1047201551301236,
            0.12162416016670781
        ],
        "max_drawdown_rescaled_1_0_bps": [
            0.18024430604037914,
            0.26180986505733733
        ],
        "annual_return_rescaled_1_5_bps": [
            -0.10281305058946333,
            -0.10554572141201446
        ],
        "annual_volatility_rescaled_1_5_bps": [
            0.13955070765042937,
            0.1604492923495728
        ],
        "downside_risk_rescaled_1_5_bps": [
            0.10473775161744177,
            0.12169791345649027
        ],
        "max_drawdown_rescaled_1_5_bps": [
            0.18047528651227965,
            0.26214992542833504
        ],
        "annual_return_rescaled_2_0_bps": [
            -0.10326149825747422,
            -0.10773510988628276
        ],
        "annual_volatility_rescaled_2_0_bps": [
            0.13955232703303894,
            0.16044767296696275
        ],
        "downside_risk_rescaled_2_0_bps": [
            0.10475533883685388,
            0.12177173378904822
        ],
        "max_drawdown_rescaled_2_0_bps": [
            0.18070618096594687,
            0.26248980393547355
        ],
        "annual_return_rescaled_2_5_bps": [
            -0.10370970745625507,
            -0.10991913928784358
        ],
        "annual_volatility_rescaled_2_5_bps": [
            0.139553932390024,
            0.16044606760998048
        ],
        "downside_risk_rescaled_2_5_bps": [
            0.10477291677981174,
            0.12184562273013529
        ],
        "max_drawdown_rescaled_2_5_bps": [
            0.18093698935179134,
            0.2628295005590903
        ],
        "annual_return_rescaled_3_0_bps": [
            -0.10415767815348487,
            -0.1120978219298614
        ],
        "annual_volatility_rescaled_3_0_bps": [
            0.13955552372049382,
            0.1604444762795046
        ],
        "downside_risk_rescaled_3_0_bps": [
            0.10479048543777766,
            0.12191958032743809
        ],
        "max_drawdown_rescaled_3_0_bps": [
            0.18116771162032133,
            0.2631690152797099
        ],
        "sharpe_ratio_years": [
            -0.6968424193541961,
            -0.600483830635686
        ],
        "sharpe_ratio_years_0_5_bps": [
            -0.700413831412802,
            -0.6157263600706181
        ],
        "sharpe_ratio_years_1_0_bps": [
            -0.703985125626568,
            -0.630969025030333
        ],
        "sharpe_ratio_years_1_5_bps": [
            -0.7075563017570881,
            -0.6462118160082151
        ],
        "sharpe_ratio_years_2_0_bps": [
            -0.711127359566001,
            -0.661454723496936
        ],
        "sharpe_ratio_years_2_5_bps": [
            -0.714698298814994,
            -0.6766977379884791
        ],
        "sharpe_ratio_years_3_0_bps": [
            -0.7182691192657921,
            -0.691940849974166
        ]
    },
    "COMB": {
        "annual_return": [
            -0.027353304217191003,
            -0.025980372141093003
        ],
        "annual_volatility": [
            0.038725277171370004,
            0.044527576267836
        ],
        "sharpe_ratio": [
            -0.6968424193541961,
            -0.5689485652711961
        ],
        "downside_risk": [
            0.029051064999112003,
            0.033710982502403
        ],
        "sortino_ratio": [
            -0.928895922923458,
            -0.751502885766766
        ],
        "max_drawdown": [
            0.052761710164124,
            0.07955870271866801
        ],
        "calmar_ratio": [
            -0.51843096313793,
            -0.326556005230053
        ],
        "perc_pos_return": [
            0.49603174603174605,
            0.484126984126984
        ],
        "profit_loss_ratio": [
            0.8974464508962651,
            0.958616285030178
        ],
        "annual_return_0_5_bps": [
            -0.027488227867166003,
            -0.026642450714172
        ],
        "annual_volatility_0_5_bps": [
            0.038725829116195,
            0.044527219687868005
        ],
        "sharpe_ratio_0_5_bps": [
            -0.700413831412802,
            -0.584222663285759
        ],
        "downside_risk_0_5_bps": [
            0.029056021512437004,
            0.033731491740201
        ],
        "sortino_ratio_0_5_bps": [
            -0.9335106781326401,
            -0.7712025034384401
        ],
        "max_drawdown_0_5_bps": [
            0.052835836642193004,
            0.07967595773913601
        ],
        "calmar_ratio_0_5_bps": [
            -0.520257265032404,
            -0.33438507010359503
        ],
        "perc_pos_return_0_5_bps": [
            0.49603174603174605,
            0.484126984126984
        ],
        "profit_loss_ratio_0_5_bps": [
            0.8968734690296131,
            0.9559010116816461
        ],
        "annual_return_1_0_bps": [
            -0.027623132908507,
            -0.027304081436094002
        ],
        "annual_volatility_1_0_bps": [
            0.038726381943509004,
            0.044526872483776
        ],
        "sharpe_ratio_1_0_bps": [
            -0.703985125626568,
            -0.5994968797022521
        ],
        "downside_risk_1_0_bps": [
            0.029060979062376,
            0.033752023836212
        ],
        "sortino_ratio_1_0_bps": [
            -0.9381238257337161,
            -0.7908776447439111
        ],
        "max_drawdown_1_0_bps": [
            0.052909957389621,
            0.07979319827273501
        ],
        "calmar_ratio_1_0_bps": [
            -0.522078154497368,
            -0.34218557505074604
        ],
        "perc_pos_return_1_0_bps": [
            0.49603174603174605,
            0.484126984126984
        ],
        "profit_loss_ratio_1_0_bps": [
            0.896300836334011,
            0.9531934038526171
        ],
        "annual_return_1_5_bps": [
            -0.027758019343768002,
            -0.027965264608313
        ],
        "annual_volatility_1_5_bps": [
            0.038726935653275,
            0.044526534655780006
        ],
        "sharpe_ratio_1_5_bps": [
            -0.7075563017570881,
            -0.6147712048716151
        ],
        "downside_risk_1_5_bps": [
            0.029065937648399,
            0.033772578748746
        ],
        "sortino_ratio_1_5_bps": [
            -0.9427353660729081,
            -0.810528315375027
        ],
        "max_drawdown_1_5_bps": [
            0.05298407240684701,
            0.079910424321202
        ],
        "calmar_ratio_1_5_bps": [
            -0.523893654882232,
            -0.349957653783771
        ],
        "perc_pos_return_1_5_bps": [
            0.49603174603174605,
            0.484126984126984
        ],
        "profit_loss_ratio_1_5_bps": [
            0.8957285524903831,
            0.9504934291279251
        ],
        "annual_return_2_0_bps": [
            -0.027892887175494003,
            -0.0286260005321
        ],
        "annual_volatility_2_0_bps": [
            0.038727490245455,
            0.044526206204092006
        ],
        "sharpe_ratio_2_0_bps": [
            -0.711127359566001,
            -0.6300456291441441
        ],
        "downside_risk_2_0_bps": [
            0.029070897269976,
            0.033793156536695006
        ],
        "sortino_ratio_2_0_bps": [
            -0.9473452994968751,
            -0.8301545187350831
        ],
        "max_drawdown_2_0_bps": [
            0.053058181694307004,
            0.080027635886269
        ],
        "calmar_ratio_2_0_bps": [
            -0.5257037894023251,
            -0.35770143919761105
        ],
        "perc_pos_return_2_0_bps": [
            0.49603174603174605,
            0.48015873015873006
        ],
        "profit_loss_ratio_2_0_bps": [
            0.895156617180038,
            0.962986382372583
        ],
        "annual_return_2_5_bps": [
            -0.028027736406238003,
            -0.029286289508508003
        ],
        "annual_volatility_2_5_bps": [
            0.038728045720010006,
            0.04452588712892001
        ],
        "sharpe_ratio_2_5_bps": [
            -0.714698298814994,
            -0.645320142869512
        ],
        "downside_risk_2_5_bps": [
            0.029075857926576004,
            0.033813757642369005
        ],
        "sortino_ratio_2_5_bps": [
            -0.9519536263527121,
            -0.8497562485461081
        ],
        "max_drawdown_2_5_bps": [
            0.053132285252438,
            0.08014483296967301
        ],
        "calmar_ratio_2_5_bps": [
            -0.527508581139973,
            -0.365417063375625
        ],
        "perc_pos_return_2_5_bps": [
            0.49603174603174605,
            0.48015873015873006
        ],
        "profit_loss_ratio_2_5_bps": [
            0.89458503008468,
            0.960260846267548
        ],
        "annual_return_3_0_bps": [
            -0.028162567038554003,
            -0.029946131838389
        ],
        "annual_volatility_3_0_bps": [
            0.038728602076904005,
            0.044525577430467006
        ],
        "sharpe_ratio_3_0_bps": [
            -0.7182691192657921,
            -0.660594736396799
        ],
        "downside_risk_3_0_bps": [
            0.029080819617671002,
            0.033834382086813004
        ],
        "sortino_ratio_3_0_bps": [
            -0.9565603469879421,
            -0.8693335084449041
        ],
        "max_drawdown_3_0_bps": [
            0.053206383081681005,
            0.08026201557314401
        ],
        "calmar_ratio_3_0_bps": [
            -0.529308053045445,
            -0.37310465759607603
        ],
        "perc_pos_return_3_0_bps": [
            0.49603174603174605,
            0.48015873015873006
        ],
        "profit_loss_ratio_3_0_bps": [
            0.8940137908863961,
            0.957543061352596
        ],
        "annual_return_rescaled": [
            -0.10146627709725509,
            -0.09894527805678599
        ],
        "annual_volatility_rescaled": [
            0.1395457653579958,
            0.16045423464200415
        ],
        "downside_risk_rescaled": [
            0.1046849343860362,
            0.12147685434116703
        ],
        "max_drawdown_rescaled": [
            0.1797820872407588,
            0.2611291988033766
        ],
        "annual_return_rescaled_0_5_bps": [
            -0.10191543997636432,
            -0.10115081787120905
        ],
        "annual_volatility_rescaled_0_5_bps": [
            0.13954742681197255,
            0.16045257318802908
        ],
        "downside_risk_rescaled_0_5_bps": [
            0.10470254938346141,
            0.12155047373552298
        ],
        "max_drawdown_rescaled_0_5_bps": [
            0.18001323959993776,
            0.26146962284233116
        ],
        "annual_return_rescaled_1_0_bps": [
            -0.10236436448480957,
            -0.10335096152758161
        ],
        "annual_volatility_rescaled_1_0_bps": [
            0.13954907424309967,
            0.16045092575690445
        ],
        "downside_risk_rescaled_1_0_bps": [
            0.1047201551301236,
            0.12162416016670781
        ],
        "max_drawdown_rescaled_1_0_bps": [
            0.18024430604037914,
            0.26180986505733733
        ],
        "annual_return_rescaled_1_5_bps": [
            -0.10281305058946333,
            -0.10554572141201446
        ],
        "annual_volatility_rescaled_1_5_bps": [
            0.13955070765042937,
            0.1604492923495728
        ],
        "downside_risk_rescaled_1_5_bps": [
            0.10473775161744177,
            0.12169791345649027
        ],
        "max_drawdown_rescaled_1_5_bps": [
            0.18047528651227965,
            0.26214992542833504
        ],
        "annual_return_rescaled_2_0_bps": [
            -0.10326149825747422,
            -0.10773510988628276
        ],
        "annual_volatility_rescaled_2_0_bps": [
            0.13955232703303894,
            0.16044767296696275
        ],
        "downside_risk_rescaled_2_0_bps": [
            0.10475533883685388,
            0.12177173378904822
        ],
        "max_drawdown_rescaled_2_0_bps": [
            0.18070618096594687,
            0.26248980393547355
        ],
        "annual_return_rescaled_2_5_bps": [
            -0.10370970745625507,
            -0.10991913928784358
        ],
        "annual_volatility_rescaled_2_5_bps": [
            0.139553932390024,
            0.16044606760998048
        ],
        "downside_risk_rescaled_2_5_bps": [
            0.10477291677981174,
            0.12184562273013529
        ],
        "max_drawdown_rescaled_2_5_bps": [
            0.18093698935179134,
            0.2628295005590903
        ],
        "annual_return_rescaled_3_0_bps": [
            -0.10415767815348487,
            -0.1120978219298614
        ],
        "annual_volatility_rescaled_3_0_bps": [
            0.13955552372049382,
            0.1604444762795046
        ],
        "downside_risk_rescaled_3_0_bps": [
            0.10479048543777766,
            0.12191958032743809
        ],
        "max_drawdown_rescaled_3_0_bps": [
            0.18116771162032133,
            0.2631690152797099
        ],
        "sharpe_ratio_years": [
            -0.6968424193541961,
            -0.600483830635686
        ],
        "sharpe_ratio_years_0_5_bps": [
            -0.700413831412802,
            -0.6157263600706181
        ],
        "sharpe_ratio_years_1_0_bps": [
            -0.703985125626568,
            -0.630969025030333
        ],
        "sharpe_ratio_years_1_5_bps": [
            -0.7075563017570881,
            -0.6462118160082151
        ],
        "sharpe_ratio_years_2_0_bps": [
            -0.711127359566001,
            -0.661454723496936
        ],
        "sharpe_ratio_years_2_5_bps": [
            -0.714698298814994,
            -0.6766977379884791
        ],
        "sharpe_ratio_years_3_0_bps": [
            -0.7182691192657921,
            -0.691940849974166
        ]
    }
}