{
    "ALL": {
        "annual_return": -0.03236594558840901,
        "annual_volatility": 0.068750086353304,
        "sharpe_ratio": -0.04440988430573156,
        "downside_risk": 0.0488658865002285,
        "sortino_ratio": -0.03409785753380501,
        "max_drawdown": 0.09080966347872751,
        "calmar_ratio": 0.3150228807117324,
        "perc_pos_return": 0.5224791119958976,
        "profit_loss_ratio": 0.9172976990373061,
        "annual_return_0_5_bps": -0.032945445609237504,
        "annual_volatility_0_5_bps": 0.06875111549543651,
        "sharpe_ratio_0_5_bps": -0.052992702228990995,
        "downside_risk_0_5_bps": 0.048886096064824504,
        "sortino_ratio_0_5_bps": -0.046022353716544506,
        "max_drawdown_0_5_bps": 0.0911851279553935,
        "calmar_ratio_0_5_bps": 0.30915786324587197,
        "perc_pos_return_0_5_bps": 0.5224791119958976,
        "profit_loss_ratio_0_5_bps": 0.9158887846978631,
        "annual_return_1_0_bps": -0.033524510211750506,
        "annual_volatility_1_0_bps": 0.0687522000377745,
        "sharpe_ratio_1_0_bps": -0.061574542282882394,
        "downside_risk_1_0_bps": 0.048906361451318506,
        "sortino_ratio_1_0_bps": -0.05793626721080991,
        "max_drawdown_1_0_bps": 0.091560297814682,
        "calmar_ratio_1_0_bps": 0.30331253122131696,
        "perc_pos_return_1_0_bps": 0.5224791119958976,
        "profit_loss_ratio_1_0_bps": 0.9144821934572156,
        "annual_return_1_5_bps": -0.034103139762353504,
        "annual_volatility_1_5_bps": 0.068753339977428,
        "sharpe_ratio_1_5_bps": -0.07015538633400242,
        "downside_risk_1_5_bps": 0.0489266826036885,
        "sortino_ratio_1_5_bps": -0.0698395806615274,
        "max_drawdown_1_5_bps": 0.09193517329407,
        "calmar_ratio_1_5_bps": 0.2974867128588145,
        "perc_pos_return_1_5_bps": 0.5205335867040686,
        "profit_loss_ratio_1_5_bps": 0.9199420704771195,
        "annual_return_2_0_bps": -0.034681334627137,
        "annual_volatility_2_0_bps": 0.068754535311318,
        "sharpe_ratio_2_0_bps": -0.07873521626084201,
        "downside_risk_2_0_bps": 0.048947059477291,
        "sortino_ratio_2_0_bps": -0.08173227750451895,
        "max_drawdown_2_0_bps": 0.09230975463085152,
        "calmar_ratio_2_0_bps": 0.2916802394560035,
        "perc_pos_return_2_0_bps": 0.5205335867040686,
        "profit_loss_ratio_2_0_bps": 0.9185302182904236,
        "annual_return_2_5_bps": -0.03525909517187,
        "annual_volatility_2_5_bps": 0.068755786036181,
        "sharpe_ratio_2_5_bps": -0.08731401395409644,
        "downside_risk_2_5_bps": 0.048967491994068,
        "sortino_ratio_2_5_bps": -0.09361433944493458,
        "max_drawdown_2_5_bps": 0.092684042062129,
        "calmar_ratio_2_5_bps": 0.28589294530942494,
        "perc_pos_return_2_5_bps": 0.5205335867040686,
        "profit_loss_ratio_2_5_bps": 0.9171206941062345,
        "annual_return_3_0_bps": -0.035836421761998,
        "annual_volatility_3_0_bps": 0.068757092148567,
        "sharpe_ratio_3_0_bps": -0.09589176131694699,
        "downside_risk_3_0_bps": 0.048987980075505005,
        "sortino_ratio_3_0_bps": -0.10548574834512248,
        "max_drawdown_3_0_bps": 0.0930580358248155,
        "calmar_ratio_3_0_bps": 0.2801246676391685,
        "perc_pos_return_3_0_bps": 0.5205335867040686,
        "profit_loss_ratio_3_0_bps": 0.9157134919882326,
        "annual_return_rescaled": -0.06509000776596569,
        "annual_volatility_rescaled": 0.15000000000000088,
        "downside_risk_rescaled": 0.10661634572160864,
        "max_drawdown_rescaled": 0.18815234191463856,
        "annual_return_rescaled_0_5_bps": -0.06624102153091238,
        "annual_volatility_rescaled_0_5_bps": 0.14999999999999972,
        "downside_risk_rescaled_0_5_bps": 0.10665884265122132,
        "max_drawdown_rescaled_0_5_bps": 0.18882955281631247,
        "annual_return_rescaled_1_0_bps": -0.06739014595549819,
        "annual_volatility_rescaled_1_0_bps": 0.15000000000000116,
        "downside_risk_rescaled_1_0_bps": 0.10670137411846056,
        "max_drawdown_rescaled_1_0_bps": 0.18950545712129124,
        "annual_return_rescaled_1_5_bps": -0.06853738216855731,
        "annual_volatility_rescaled_1_5_bps": 0.1500000000000004,
        "downside_risk_rescaled_1_5_bps": 0.10674393990114145,
        "max_drawdown_rescaled_1_5_bps": 0.19018005591425158,
        "annual_return_rescaled_2_0_bps": -0.06968273130819747,
        "annual_volatility_rescaled_2_0_bps": 0.15000000000000013,
        "downside_risk_rescaled_2_0_bps": 0.10678653980205272,
        "max_drawdown_rescaled_2_0_bps": 0.19085335028630404,
        "annual_return_rescaled_2_5_bps": -0.07082619452175692,
        "annual_volatility_rescaled_2_5_bps": 0.14999999999999963,
        "downside_risk_rescaled_2_5_bps": 0.10682917355122708,
        "max_drawdown_rescaled_2_5_bps": 0.19152534133493865,
        "annual_return_rescaled_3_0_bps": -0.07196777296578388,
        "annual_volatility_rescaled_3_0_bps": 0.15000000000000038,
        "downside_risk_rescaled_3_0_bps": 0.10687184087785603,
        "max_drawdown_rescaled_3_0_bps": 0.19219603016401132,
        "sharpe_ratio_years": -0.17473255158046597,
        "sharpe_ratio_years_0_5_bps": -0.18326135823513257,
        "sharpe_ratio_years_1_0_bps": -0.19178908672372652,
        "sharpe_ratio_years_1_5_bps": -0.20031572020351396,
        "sharpe_ratio_years_2_0_bps": -0.208841241844144,
        "sharpe_ratio_years_2_5_bps": -0.2173656348279005,
        "sharpe_ratio_years_3_0_bps": -0.22588888234997206,
        "sharpe_ratio_years_std": 1.394982104813296,
        "sharpe_ratio_years_std_0_5_bps": 1.3963591823413526,
        "sharpe_ratio_years_std_1_0_bps": 1.3977352474867915,
        "sharpe_ratio_years_std_1_5_bps": 1.399110284979415,
        "sharpe_ratio_years_std_2_0_bps": 1.400484279561251,
        "sharpe_ratio_years_std_2_5_bps": 1.4018572159868254,
        "sharpe_ratio_years_std_3_0_bps": 1.403229079023407
    },
    "COMB": {
        "annual_return": -0.03236594558840901,
        "annual_volatility": 0.068750086353304,
        "sharpe_ratio": -0.04440988430573156,
        "downside_risk": 0.0488658865002285,
        "sortino_ratio": -0.03409785753380501,
        "max_drawdown": 0.09080966347872751,
        "calmar_ratio": 0.3150228807117324,
        "perc_pos_return": 0.5224791119958976,
        "profit_loss_ratio": 0.9172976990373061,
        "annual_return_0_5_bps": -0.032945445609237504,
        "annual_volatility_0_5_bps": 0.06875111549543651,
        "sharpe_ratio_0_5_bps": -0.052992702228990995,
        "downside_risk_0_5_bps": 0.048886096064824504,
        "sortino_ratio_0_5_bps": -0.046022353716544506,
        "max_drawdown_0_5_bps": 0.0911851279553935,
        "calmar_ratio_0_5_bps": 0.30915786324587197,
        "perc_pos_return_0_5_bps": 0.5224791119958976,
        "profit_loss_ratio_0_5_bps": 0.9158887846978631,
        "annual_return_1_0_bps": -0.033524510211750506,
        "annual_volatility_1_0_bps": 0.0687522000377745,
        "sharpe_ratio_1_0_bps": -0.061574542282882394,
        "downside_risk_1_0_bps": 0.048906361451318506,
        "sortino_ratio_1_0_bps": -0.05793626721080991,
        "max_drawdown_1_0_bps": 0.091560297814682,
        "calmar_ratio_1_0_bps": 0.30331253122131696,
        "perc_pos_return_1_0_bps": 0.5224791119958976,
        "profit_loss_ratio_1_0_bps": 0.9144821934572156,
        "annual_return_1_5_bps": -0.034103139762353504,
        "annual_volatility_1_5_bps": 0.068753339977428,
        "sharpe_ratio_1_5_bps": -0.07015538633400242,
        "downside_risk_1_5_bps": 0.0489266826036885,
        "sortino_ratio_1_5_bps": -0.0698395806615274,
        "max_drawdown_1_5_bps": 0.09193517329407,
        "calmar_ratio_1_5_bps": 0.2974867128588145,
        "perc_pos_return_1_5_bps": 0.5205335867040686,
        "profit_loss_ratio_1_5_bps": 0.9199420704771195,
        "annual_return_2_0_bps": -0.034681334627137,
        "annual_volatility_2_0_bps": 0.068754535311318,
        "sharpe_ratio_2_0_bps": -0.07873521626084201,
        "downside_risk_2_0_bps": 0.048947059477291,
        "sortino_ratio_2_0_bps": -0.08173227750451895,
        "max_drawdown_2_0_bps": 0.09230975463085152,
        "calmar_ratio_2_0_bps": 0.2916802394560035,
        "perc_pos_return_2_0_bps": 0.5205335867040686,
        "profit_loss_ratio_2_0_bps": 0.9185302182904236,
        "annual_return_2_5_bps": -0.03525909517187,
        "annual_volatility_2_5_bps": 0.068755786036181,
        "sharpe_ratio_2_5_bps": -0.08731401395409644,
        "downside_risk_2_5_bps": 0.048967491994068,
        "sortino_ratio_2_5_bps": -0.09361433944493458,
        "max_drawdown_2_5_bps": 0.092684042062129,
        "calmar_ratio_2_5_bps": 0.28589294530942494,
        "perc_pos_return_2_5_bps": 0.5205335867040686,
        "profit_loss_ratio_2_5_bps": 0.9171206941062345,
        "annual_return_3_0_bps": -0.035836421761998,
        "annual_volatility_3_0_bps": 0.068757092148567,
        "sharpe_ratio_3_0_bps": -0.09589176131694699,
        "downside_risk_3_0_bps": 0.048987980075505005,
        "sortino_ratio_3_0_bps": -0.10548574834512248,
        "max_drawdown_3_0_bps": 0.0930580358248155,
        "calmar_ratio_3_0_bps": 0.2801246676391685,
        "perc_pos_return_3_0_bps": 0.5205335867040686,
        "profit_loss_ratio_3_0_bps": 0.9157134919882326,
        "annual_return_rescaled": -0.06509000776596569,
        "annual_volatility_rescaled": 0.15000000000000088,
        "downside_risk_rescaled": 0.10661634572160864,
        "max_drawdown_rescaled": 0.18815234191463856,
        "annual_return_rescaled_0_5_bps": -0.06624102153091238,
        "annual_volatility_rescaled_0_5_bps": 0.14999999999999972,
        "downside_risk_rescaled_0_5_bps": 0.10665884265122132,
        "max_drawdown_rescaled_0_5_bps": 0.18882955281631247,
        "annual_return_rescaled_1_0_bps": -0.06739014595549819,
        "annual_volatility_rescaled_1_0_bps": 0.15000000000000116,
        "downside_risk_rescaled_1_0_bps": 0.10670137411846056,
        "max_drawdown_rescaled_1_0_bps": 0.18950545712129124,
        "annual_return_rescaled_1_5_bps": -0.06853738216855731,
        "annual_volatility_rescaled_1_5_bps": 0.1500000000000004,
        "downside_risk_rescaled_1_5_bps": 0.10674393990114145,
        "max_drawdown_rescaled_1_5_bps": 0.19018005591425158,
        "annual_return_rescaled_2_0_bps": -0.06968273130819747,
        "annual_volatility_rescaled_2_0_bps": 0.15000000000000013,
        "downside_risk_rescaled_2_0_bps": 0.10678653980205272,
        "max_drawdown_rescaled_2_0_bps": 0.19085335028630404,
        "annual_return_rescaled_2_5_bps": -0.07082619452175692,
        "annual_volatility_rescaled_2_5_bps": 0.14999999999999963,
        "downside_risk_rescaled_2_5_bps": 0.10682917355122708,
        "max_drawdown_rescaled_2_5_bps": 0.19152534133493865,
        "annual_return_rescaled_3_0_bps": -0.07196777296578388,
        "annual_volatility_rescaled_3_0_bps": 0.15000000000000038,
        "downside_risk_rescaled_3_0_bps": 0.10687184087785603,
        "max_drawdown_rescaled_3_0_bps": 0.19219603016401132,
        "sharpe_ratio_years": -0.17473255158046597,
        "sharpe_ratio_years_0_5_bps": -0.18326135823513257,
        "sharpe_ratio_years_1_0_bps": -0.19178908672372652,
        "sharpe_ratio_years_1_5_bps": -0.20031572020351396,
        "sharpe_ratio_years_2_0_bps": -0.208841241844144,
        "sharpe_ratio_years_2_5_bps": -0.2173656348279005,
        "sharpe_ratio_years_3_0_bps": -0.22588888234997206,
        "sharpe_ratio_years_std": 1.394982104813296,
        "sharpe_ratio_years_std_0_5_bps": 1.3963591823413526,
        "sharpe_ratio_years_std_1_0_bps": 1.3977352474867915,
        "sharpe_ratio_years_std_1_5_bps": 1.399110284979415,
        "sharpe_ratio_years_std_2_0_bps": 1.400484279561251,
        "sharpe_ratio_years_std_2_5_bps": 1.4018572159868254,
        "sharpe_ratio_years_std_3_0_bps": 1.403229079023407
    }
}