{
    "ALL": {
        "annual_return": [
            -0.11992700245963901,
            0.055195111282821
        ],
        "annual_volatility": [
            0.093204891037411,
            0.044295281669197
        ],
        "sharpe_ratio": [
            -1.3239213789415891,
            1.235101610330126
        ],
        "downside_risk": [
            0.066921683294585,
            0.030810089705872002
        ],
        "sortino_ratio": [
            -1.8438858945488301,
            1.77569017948122
        ],
        "max_drawdown": [
            0.14390313487671202,
            0.037716192080743005
        ],
        "calmar_ratio": [
            -0.8333870041287551,
            1.46343276555222
        ],
        "perc_pos_return": [
            0.44573643410852704,
            0.599221789883268
        ],
        "profit_loss_ratio": [
            0.9893398034140911,
            0.845255594660521
        ],
        "annual_return_0_5_bps": [
            -0.12075533753858801,
            0.054864446320113
        ],
        "annual_volatility_0_5_bps": [
            0.09320642140783601,
            0.044295809583037006
        ],
        "sharpe_ratio_0_5_bps": [
            -1.333995781399859,
            1.228010376941877
        ],
        "downside_risk_0_5_bps": [
            0.06695345803099201,
            0.030818734098657003
        ],
        "sortino_ratio_0_5_bps": [
            -1.8570657381113311,
            1.7650210306782421
        ],
        "max_drawdown_0_5_bps": [
            0.14461878989788202,
            0.037751466012905
        ],
        "calmar_ratio_0_5_bps": [
            -0.83499065110319,
            1.453306377594934
        ],
        "perc_pos_return_0_5_bps": [
            0.44573643410852704,
            0.599221789883268
        ],
        "profit_loss_ratio_0_5_bps": [
            0.9876447455488151,
            0.844132823846911
        ],
        "annual_return_1_0_bps": [
            -0.12158290483233002,
            0.054533884408829
        ],
        "annual_volatility_1_0_bps": [
            0.09320805919968,
            0.044296340875869006
        ],
        "sharpe_ratio_1_0_bps": [
            -1.344068304009269,
            1.2209192194435041
        ],
        "downside_risk_1_0_bps": [
            0.066985339235062,
            0.030827383667575002
        ],
        "sortino_ratio_1_0_bps": [
            -1.870230105260641,
            1.754357570839021
        ],
        "max_drawdown_1_0_bps": [
            0.14533385689627001,
            0.037786738733094
        ],
        "calmar_ratio_1_0_bps": [
            -0.8365766066410021,
            1.443201669083636
        ],
        "perc_pos_return_1_0_bps": [
            0.44573643410852704,
            0.599221789883268
        ],
        "profit_loss_ratio_1_0_bps": [
            0.9859529018665821,
            0.8430114850478491
        ],
        "annual_return_1_5_bps": [
            -0.12240970504173901,
            0.05420342551703201
        ],
        "annual_volatility_1_5_bps": [
            0.093209804407283,
            0.044296875547573
        ],
        "sharpe_ratio_1_5_bps": [
            -1.354138912126365,
            1.21382813945836
        ],
        "downside_risk_1_5_bps": [
            0.067017326754851,
            0.030836038452526002
        ],
        "sortino_ratio_1_5_bps": [
            -1.883378959612915,
            1.74369979828986
        ],
        "max_drawdown_1_5_bps": [
            0.146048336346791,
            0.037822010241349
        ],
        "calmar_ratio_1_5_bps": [
            -0.838145151828897,
            1.433118577546526
        ],
        "perc_pos_return_1_5_bps": [
            0.44573643410852704,
            0.59533073929961
        ],
        "profit_loss_ratio_1_5_bps": [
            0.984264263233912,
            0.8556198777203271
        ],
        "annual_return_2_0_bps": [
            -0.12323573886706701,
            0.053873069612793006
        ],
        "annual_volatility_2_0_bps": [
            0.09321165702461101,
            0.044297413598025005
        ],
        "sharpe_ratio_2_0_bps": [
            -1.364207571131314,
            1.20673713860963
        ],
        "downside_risk_2_0_bps": [
            0.067049420438197,
            0.030844698516385
        ],
        "sortino_ratio_2_0_bps": [
            -1.896512265126583,
            1.7330477101175452
        ],
        "max_drawdown_2_0_bps": [
            0.14676222872399602,
            0.037857280537707004
        ],
        "calmar_ratio_2_0_bps": [
            -0.8396965618369461,
            1.4230570407489531
        ],
        "perc_pos_return_2_0_bps": [
            0.44573643410852704,
            0.59533073929961
        ],
        "profit_loss_ratio_2_0_bps": [
            0.982578820551893,
            0.8544816160289541
        ],
        "annual_return_2_5_bps": [
            -0.124061007007928,
            0.053542816664188
        ],
        "annual_volatility_2_5_bps": [
            0.093213617045259,
            0.044297955027103
        ],
        "sharpe_ratio_2_5_bps": [
            -1.374274246428517,
            1.199646218520324
        ],
        "downside_risk_2_5_bps": [
            0.067081620132726,
            0.03085336385541
        ],
        "sortino_ratio_2_5_bps": [
            -1.909629986101893,
            1.722401307212024
        ],
        "max_drawdown_2_5_bps": [
            0.147475534502048,
            0.03789254962221
        ],
        "calmar_ratio_2_5_bps": [
            -0.8412311060734291,
            1.413016996692279
        ],
        "perc_pos_return_2_5_bps": [
            0.44573643410852704,
            0.59533073929961
        ],
        "profit_loss_ratio_2_5_bps": [
            0.980896564756026,
            0.853344823456443
        ],
        "annual_return_3_0_bps": [
            -0.12488551016331001,
            0.053212666639314
        ],
        "annual_volatility_3_0_bps": [
            0.093215684462452,
            0.044298499834682
        ],
        "sharpe_ratio_3_0_bps": [
            -1.384338903447175,
            1.192555380813281
        ],
        "downside_risk_3_0_bps": [
            0.067113925685852,
            0.030862034465158002
        ],
        "sortino_ratio_3_0_bps": [
            -1.922732087180409,
            1.711760590490164
        ],
        "max_drawdown_3_0_bps": [
            0.14818825415473702,
            0.037927817494894
        ],
        "calmar_ratio_3_0_bps": [
            -0.8427490483348731,
            1.40299838361321
        ],
        "perc_pos_return_3_0_bps": [
            0.44573643410852704,
            0.59533073929961
        ],
        "profit_loss_ratio_3_0_bps": [
            0.979217486816056,
            0.8522094971604091
        ],
        "annual_return_rescaled": [
            -0.2516962056291171,
            0.12151619009718573
        ],
        "annual_volatility_rescaled": [
            0.2033558704750609,
            0.09664412952494085
        ],
        "downside_risk_rescaled": [
            0.1460107619734709,
            0.06722192946974638
        ],
        "max_drawdown_rescaled": [
            0.2953366033251164,
            0.08096808050416071
        ],
        "annual_return_rescaled_0_5_bps": [
            -0.2532298541845328,
            0.12074781112270805
        ],
        "annual_volatility_rescaled_0_5_bps": [
            0.2033561653571041,
            0.09664383464289532
        ],
        "downside_risk_rescaled_0_5_bps": [
            0.14607790189695793,
            0.0672397834054847
        ],
        "max_drawdown_rescaled_0_5_bps": [
            0.29661860229973225,
            0.08104050333289267
        ],
        "annual_return_rescaled_1_0_bps": [
            -0.25476017256330774,
            0.11997988065231135
        ],
        "annual_volatility_rescaled_1_0_bps": [
            0.20335653073313117,
            0.09664346926687113
        ],
        "downside_risk_rescaled_1_0_bps": [
            0.14614515433307965,
            0.06725759390384146
        ],
        "max_drawdown_rescaled_1_0_bps": [
            0.29789805898671584,
            0.08111285525586666
        ],
        "annual_return_rescaled_1_5_bps": [
            -0.2562871646851015,
            0.11921240034798686
        ],
        "annual_volatility_rescaled_1_5_bps": [
            0.20335696659511635,
            0.09664303340488446
        ],
        "downside_risk_rescaled_1_5_bps": [
            0.1462125187885846,
            0.06727536101369831
        ],
        "max_drawdown_rescaled_1_5_bps": [
            0.2991749757084483,
            0.08118513612005483
        ],
        "annual_return_rescaled_2_0_bps": [
            -0.25781083448351727,
            0.11844537186712234
        ],
        "annual_volatility_rescaled_2_0_bps": [
            0.20335747293444428,
            0.09664252706555596
        ],
        "downside_risk_rescaled_2_0_bps": [
            0.14627999476965334,
            0.0672930848344521
        ],
        "max_drawdown_rescaled_2_0_bps": [
            0.30044935479958046,
            0.08125734577302762
        ],
        "annual_return_rescaled_2_5_bps": [
            -0.2593311859059665,
            0.11767879686245264
        ],
        "annual_volatility_rescaled_2_5_bps": [
            0.2033580497418957,
            0.0966419502581036
        ],
        "downside_risk_rescaled_2_5_bps": [
            0.1463475817819005,
            0.06731076532055366
        ],
        "max_drawdown_rescaled_2_5_bps": [
            0.30172119860693386,
            0.08132948406294341
        ],
        "annual_return_rescaled_3_0_bps": [
            -0.2608482229136123,
            0.11691267698204455
        ],
        "annual_volatility_rescaled_3_0_bps": [
            0.2033586970076549,
            0.09664130299234586
        ],
        "downside_risk_rescaled_3_0_bps": [
            0.14641527933038992,
            0.06732840242532215
        ],
        "max_drawdown_rescaled_3_0_bps": [
            0.3029905094894649,
            0.08140155083855778
        ],
        "sharpe_ratio_years": [
            -1.569714656393762,
            1.2202495532328301
        ],
        "sharpe_ratio_years_0_5_bps": [
            -1.5796205405764852,
            1.21309782410622
        ],
        "sharpe_ratio_years_1_0_bps": [
            -1.589524334210518,
            1.205946160763065
        ],
        "sharpe_ratio_years_1_5_bps": [
            -1.599426005182929,
            1.198794564775901
        ],
        "sharpe_ratio_years_2_0_bps": [
            -1.609325521405395,
            1.191643037717107
        ],
        "sharpe_ratio_years_2_5_bps": [
            -1.619222850814726,
            1.184491581158925
        ],
        "sharpe_ratio_years_3_0_bps": [
            -1.629117961373379,
            1.177340196673435
        ]
    },
    "COMB": {
        "annual_return": [
            -0.11992700245963901,
            0.055195111282821
        ],
        "annual_volatility": [
            0.093204891037411,
            0.044295281669197
        ],
        "sharpe_ratio": [
            -1.3239213789415891,
            1.235101610330126
        ],
        "downside_risk": [
            0.066921683294585,
            0.030810089705872002
        ],
        "sortino_ratio": [
            -1.8438858945488301,
            1.77569017948122
        ],
        "max_drawdown": [
            0.14390313487671202,
            0.037716192080743005
        ],
        "calmar_ratio": [
            -0.8333870041287551,
            1.46343276555222
        ],
        "perc_pos_return": [
            0.44573643410852704,
            0.599221789883268
        ],
        "profit_loss_ratio": [
            0.9893398034140911,
            0.845255594660521
        ],
        "annual_return_0_5_bps": [
            -0.12075533753858801,
            0.054864446320113
        ],
        "annual_volatility_0_5_bps": [
            0.09320642140783601,
            0.044295809583037006
        ],
        "sharpe_ratio_0_5_bps": [
            -1.333995781399859,
            1.228010376941877
        ],
        "downside_risk_0_5_bps": [
            0.06695345803099201,
            0.030818734098657003
        ],
        "sortino_ratio_0_5_bps": [
            -1.8570657381113311,
            1.7650210306782421
        ],
        "max_drawdown_0_5_bps": [
            0.14461878989788202,
            0.037751466012905
        ],
        "calmar_ratio_0_5_bps": [
            -0.83499065110319,
            1.453306377594934
        ],
        "perc_pos_return_0_5_bps": [
            0.44573643410852704,
            0.599221789883268
        ],
        "profit_loss_ratio_0_5_bps": [
            0.9876447455488151,
            0.844132823846911
        ],
        "annual_return_1_0_bps": [
            -0.12158290483233002,
            0.054533884408829
        ],
        "annual_volatility_1_0_bps": [
            0.09320805919968,
            0.044296340875869006
        ],
        "sharpe_ratio_1_0_bps": [
            -1.344068304009269,
            1.2209192194435041
        ],
        "downside_risk_1_0_bps": [
            0.066985339235062,
            0.030827383667575002
        ],
        "sortino_ratio_1_0_bps": [
            -1.870230105260641,
            1.754357570839021
        ],
        "max_drawdown_1_0_bps": [
            0.14533385689627001,
            0.037786738733094
        ],
        "calmar_ratio_1_0_bps": [
            -0.8365766066410021,
            1.443201669083636
        ],
        "perc_pos_return_1_0_bps": [
            0.44573643410852704,
            0.599221789883268
        ],
        "profit_loss_ratio_1_0_bps": [
            0.9859529018665821,
            0.8430114850478491
        ],
        "annual_return_1_5_bps": [
            -0.12240970504173901,
            0.05420342551703201
        ],
        "annual_volatility_1_5_bps": [
            0.093209804407283,
            0.044296875547573
        ],
        "sharpe_ratio_1_5_bps": [
            -1.354138912126365,
            1.21382813945836
        ],
        "downside_risk_1_5_bps": [
            0.067017326754851,
            0.030836038452526002
        ],
        "sortino_ratio_1_5_bps": [
            -1.883378959612915,
            1.74369979828986
        ],
        "max_drawdown_1_5_bps": [
            0.146048336346791,
            0.037822010241349
        ],
        "calmar_ratio_1_5_bps": [
            -0.838145151828897,
            1.433118577546526
        ],
        "perc_pos_return_1_5_bps": [
            0.44573643410852704,
            0.59533073929961
        ],
        "profit_loss_ratio_1_5_bps": [
            0.984264263233912,
            0.8556198777203271
        ],
        "annual_return_2_0_bps": [
            -0.12323573886706701,
            0.053873069612793006
        ],
        "annual_volatility_2_0_bps": [
            0.09321165702461101,
            0.044297413598025005
        ],
        "sharpe_ratio_2_0_bps": [
            -1.364207571131314,
            1.20673713860963
        ],
        "downside_risk_2_0_bps": [
            0.067049420438197,
            0.030844698516385
        ],
        "sortino_ratio_2_0_bps": [
            -1.896512265126583,
            1.7330477101175452
        ],
        "max_drawdown_2_0_bps": [
            0.14676222872399602,
            0.037857280537707004
        ],
        "calmar_ratio_2_0_bps": [
            -0.8396965618369461,
            1.4230570407489531
        ],
        "perc_pos_return_2_0_bps": [
            0.44573643410852704,
            0.59533073929961
        ],
        "profit_loss_ratio_2_0_bps": [
            0.982578820551893,
            0.8544816160289541
        ],
        "annual_return_2_5_bps": [
            -0.124061007007928,
            0.053542816664188
        ],
        "annual_volatility_2_5_bps": [
            0.093213617045259,
            0.044297955027103
        ],
        "sharpe_ratio_2_5_bps": [
            -1.374274246428517,
            1.199646218520324
        ],
        "downside_risk_2_5_bps": [
            0.067081620132726,
            0.03085336385541
        ],
        "sortino_ratio_2_5_bps": [
            -1.909629986101893,
            1.722401307212024
        ],
        "max_drawdown_2_5_bps": [
            0.147475534502048,
            0.03789254962221
        ],
        "calmar_ratio_2_5_bps": [
            -0.8412311060734291,
            1.413016996692279
        ],
        "perc_pos_return_2_5_bps": [
            0.44573643410852704,
            0.59533073929961
        ],
        "profit_loss_ratio_2_5_bps": [
            0.980896564756026,
            0.853344823456443
        ],
        "annual_return_3_0_bps": [
            -0.12488551016331001,
            0.053212666639314
        ],
        "annual_volatility_3_0_bps": [
            0.093215684462452,
            0.044298499834682
        ],
        "sharpe_ratio_3_0_bps": [
            -1.384338903447175,
            1.192555380813281
        ],
        "downside_risk_3_0_bps": [
            0.067113925685852,
            0.030862034465158002
        ],
        "sortino_ratio_3_0_bps": [
            -1.922732087180409,
            1.711760590490164
        ],
        "max_drawdown_3_0_bps": [
            0.14818825415473702,
            0.037927817494894
        ],
        "calmar_ratio_3_0_bps": [
            -0.8427490483348731,
            1.40299838361321
        ],
        "perc_pos_return_3_0_bps": [
            0.44573643410852704,
            0.59533073929961
        ],
        "profit_loss_ratio_3_0_bps": [
            0.979217486816056,
            0.8522094971604091
        ],
        "annual_return_rescaled": [
            -0.2516962056291171,
            0.12151619009718573
        ],
        "annual_volatility_rescaled": [
            0.2033558704750609,
            0.09664412952494085
        ],
        "downside_risk_rescaled": [
            0.1460107619734709,
            0.06722192946974638
        ],
        "max_drawdown_rescaled": [
            0.2953366033251164,
            0.08096808050416071
        ],
        "annual_return_rescaled_0_5_bps": [
            -0.2532298541845328,
            0.12074781112270805
        ],
        "annual_volatility_rescaled_0_5_bps": [
            0.2033561653571041,
            0.09664383464289532
        ],
        "downside_risk_rescaled_0_5_bps": [
            0.14607790189695793,
            0.0672397834054847
        ],
        "max_drawdown_rescaled_0_5_bps": [
            0.29661860229973225,
            0.08104050333289267
        ],
        "annual_return_rescaled_1_0_bps": [
            -0.25476017256330774,
            0.11997988065231135
        ],
        "annual_volatility_rescaled_1_0_bps": [
            0.20335653073313117,
            0.09664346926687113
        ],
        "downside_risk_rescaled_1_0_bps": [
            0.14614515433307965,
            0.06725759390384146
        ],
        "max_drawdown_rescaled_1_0_bps": [
            0.29789805898671584,
            0.08111285525586666
        ],
        "annual_return_rescaled_1_5_bps": [
            -0.2562871646851015,
            0.11921240034798686
        ],
        "annual_volatility_rescaled_1_5_bps": [
            0.20335696659511635,
            0.09664303340488446
        ],
        "downside_risk_rescaled_1_5_bps": [
            0.1462125187885846,
            0.06727536101369831
        ],
        "max_drawdown_rescaled_1_5_bps": [
            0.2991749757084483,
            0.08118513612005483
        ],
        "annual_return_rescaled_2_0_bps": [
            -0.25781083448351727,
            0.11844537186712234
        ],
        "annual_volatility_rescaled_2_0_bps": [
            0.20335747293444428,
            0.09664252706555596
        ],
        "downside_risk_rescaled_2_0_bps": [
            0.14627999476965334,
            0.0672930848344521
        ],
        "max_drawdown_rescaled_2_0_bps": [
            0.30044935479958046,
            0.08125734577302762
        ],
        "annual_return_rescaled_2_5_bps": [
            -0.2593311859059665,
            0.11767879686245264
        ],
        "annual_volatility_rescaled_2_5_bps": [
            0.2033580497418957,
            0.0966419502581036
        ],
        "downside_risk_rescaled_2_5_bps": [
            0.1463475817819005,
            0.06731076532055366
        ],
        "max_drawdown_rescaled_2_5_bps": [
            0.30172119860693386,
            0.08132948406294341
        ],
        "annual_return_rescaled_3_0_bps": [
            -0.2608482229136123,
            0.11691267698204455
        ],
        "annual_volatility_rescaled_3_0_bps": [
            0.2033586970076549,
            0.09664130299234586
        ],
        "downside_risk_rescaled_3_0_bps": [
            0.14641527933038992,
            0.06732840242532215
        ],
        "max_drawdown_rescaled_3_0_bps": [
            0.3029905094894649,
            0.08140155083855778
        ],
        "sharpe_ratio_years": [
            -1.569714656393762,
            1.2202495532328301
        ],
        "sharpe_ratio_years_0_5_bps": [
            -1.5796205405764852,
            1.21309782410622
        ],
        "sharpe_ratio_years_1_0_bps": [
            -1.589524334210518,
            1.205946160763065
        ],
        "sharpe_ratio_years_1_5_bps": [
            -1.599426005182929,
            1.198794564775901
        ],
        "sharpe_ratio_years_2_0_bps": [
            -1.609325521405395,
            1.191643037717107
        ],
        "sharpe_ratio_years_2_5_bps": [
            -1.619222850814726,
            1.184491581158925
        ],
        "sharpe_ratio_years_3_0_bps": [
            -1.629117961373379,
            1.177340196673435
        ]
    }
}