{
    "ALL": {
        "annual_return": 0.0136343362327555,
        "annual_volatility": 0.0513554904623775,
        "sharpe_ratio": 0.27349788098391753,
        "downside_risk": 0.037012357338851505,
        "sortino_ratio": 0.45541074088242306,
        "max_drawdown": 0.044973440854010505,
        "calmar_ratio": 1.063437522494124,
        "perc_pos_return": 0.5169797002466321,
        "profit_loss_ratio": 0.9655194047169235,
        "annual_return_0_5_bps": 0.011965741879825,
        "annual_volatility_0_5_bps": 0.051348184428992506,
        "sharpe_ratio_0_5_bps": 0.24199364011828745,
        "downside_risk_0_5_bps": 0.037061385951031006,
        "sortino_ratio_0_5_bps": 0.40940318406895204,
        "max_drawdown_0_5_bps": 0.0453774457276745,
        "calmar_ratio_0_5_bps": 0.9904442783582255,
        "perc_pos_return_0_5_bps": 0.5129956365016126,
        "profit_loss_ratio_0_5_bps": 0.9761700049578971,
        "annual_return_1_0_bps": 0.010300058939169,
        "annual_volatility_1_0_bps": 0.051341200312259,
        "sharpe_ratio_1_0_bps": 0.2104705332659565,
        "downside_risk_1_0_bps": 0.037110657431730504,
        "sortino_ratio_1_0_bps": 0.3635257698715585,
        "max_drawdown_1_0_bps": 0.045793460151122005,
        "calmar_ratio_1_0_bps": 0.9184942006822371,
        "perc_pos_return_1_0_bps": 0.5129956365016126,
        "profit_loss_ratio_1_0_bps": 0.9709948790791201,
        "annual_return_1_5_bps": 0.008637282107830001,
        "annual_volatility_1_5_bps": 0.051334538401818,
        "sharpe_ratio_1_5_bps": 0.17892926005039644,
        "downside_risk_1_5_bps": 0.037160171908822,
        "sortino_ratio_1_5_bps": 0.31777900266119397,
        "max_drawdown_1_5_bps": 0.046209299965786,
        "calmar_ratio_1_5_bps": 0.8488414924045276,
        "perc_pos_return_1_5_bps": 0.5129956365016126,
        "profit_loss_ratio_1_5_bps": 0.965845887199817,
        "annual_return_2_0_bps": 0.0069774060927750015,
        "annual_volatility_2_0_bps": 0.051328198977745,
        "sharpe_ratio_2_0_bps": 0.14737052345349844,
        "downside_risk_2_0_bps": 0.037209928212249,
        "sortino_ratio_2_0_bps": 0.27216343675969557,
        "max_drawdown_2_0_bps": 0.046624965242429504,
        "calmar_ratio_2_0_bps": 0.781377955465015,
        "perc_pos_return_2_0_bps": 0.5129956365016126,
        "profit_loss_ratio_2_0_bps": 0.9607228304819421,
        "annual_return_2_5_bps": 0.005320425610869001,
        "annual_volatility_2_5_bps": 0.051322182310496504,
        "sharpe_ratio_2_5_bps": 0.11579502971130795,
        "downside_risk_2_5_bps": 0.037259925356146,
        "sortino_ratio_2_5_bps": 0.2266796126641295,
        "max_drawdown_2_5_bps": 0.047040456051790004,
        "calmar_ratio_2_5_bps": 0.7160021683868489,
        "perc_pos_return_2_5_bps": 0.5110115095174855,
        "profit_loss_ratio_2_5_bps": 0.9631963205594426,
        "annual_return_3_0_bps": 0.0036663353888680035,
        "annual_volatility_3_0_bps": 0.05131648866086501,
        "sharpe_ratio_3_0_bps": 0.08420348820848295,
        "downside_risk_3_0_bps": 0.0373101632161275,
        "sortino_ratio_3_0_bps": 0.18132807673853302,
        "max_drawdown_3_0_bps": 0.0474557724645725,
        "calmar_ratio_3_0_bps": 0.652618960892952,
        "perc_pos_return_3_0_bps": 0.5110115095174855,
        "profit_loss_ratio_3_0_bps": 0.9580952768404416,
        "annual_return_rescaled": 0.03994243153533522,
        "annual_volatility_rescaled": 0.15000000000000105,
        "downside_risk_rescaled": 0.1081063300309629,
        "max_drawdown_rescaled": 0.1262193592579805,
        "annual_return_rescaled_0_5_bps": 0.034832600077622955,
        "annual_volatility_rescaled_0_5_bps": 0.15000000000000152,
        "downside_risk_rescaled_0_5_bps": 0.10826493583901411,
        "max_drawdown_rescaled_0_5_bps": 0.12734757600370855,
        "annual_return_rescaled_1_0_bps": 0.029747571672503303,
        "annual_volatility_rescaled_1_0_bps": 0.14999999999999997,
        "downside_risk_rescaled_1_0_bps": 0.10842361652831152,
        "max_drawdown_rescaled_1_0_bps": 0.12847395354605462,
        "annual_return_rescaled_1_5_bps": 0.024687327218310906,
        "annual_volatility_rescaled_1_5_bps": 0.1500000000000012,
        "downside_risk_rescaled_1_5_bps": 0.10858236890517987,
        "max_drawdown_rescaled_1_5_bps": 0.12959847329999102,
        "annual_return_rescaled_2_0_bps": 0.0196518463490864,
        "annual_volatility_rescaled_2_0_bps": 0.15000000000000083,
        "downside_risk_rescaled_2_0_bps": 0.10874118599519483,
        "max_drawdown_rescaled_2_0_bps": 0.13072111678614476,
        "annual_return_rescaled_2_5_bps": 0.014641107441138335,
        "annual_volatility_rescaled_2_5_bps": 0.1499999999999998,
        "downside_risk_rescaled_2_5_bps": 0.1089000613732453,
        "max_drawdown_rescaled_2_5_bps": 0.1318418656329187,
        "annual_return_rescaled_3_0_bps": 0.009655087619812153,
        "annual_volatility_rescaled_3_0_bps": 0.15000000000000094,
        "downside_risk_rescaled_3_0_bps": 0.1090589911442478,
        "max_drawdown_rescaled_3_0_bps": 0.1329607015785622,
        "sharpe_ratio_years": 0.285725995514355,
        "sharpe_ratio_years_0_5_bps": 0.254261475387859,
        "sharpe_ratio_years_1_0_bps": 0.2227782269997925,
        "sharpe_ratio_years_1_5_bps": 0.19127694644556648,
        "sharpe_ratio_years_2_0_bps": 0.15975833312811993,
        "sharpe_ratio_years_2_5_bps": 0.12822308965443951,
        "sharpe_ratio_years_3_0_bps": 0.09667192173082345,
        "sharpe_ratio_years_std": 0.9908605068180532,
        "sharpe_ratio_years_std_0_5_bps": 0.982260523839467,
        "sharpe_ratio_years_std_1_0_bps": 0.9736378610685146,
        "sharpe_ratio_years_std_1_5_bps": 0.9649931269996955,
        "sharpe_ratio_years_std_2_0_bps": 0.956326933517344,
        "sharpe_ratio_years_std_2_5_bps": 0.9476398957937936,
        "sharpe_ratio_years_std_3_0_bps": 0.9389326321862965
    },
    "COMB": {
        "annual_return": 0.0136343362327555,
        "annual_volatility": 0.0513554904623775,
        "sharpe_ratio": 0.27349788098391753,
        "downside_risk": 0.037012357338851505,
        "sortino_ratio": 0.45541074088242306,
        "max_drawdown": 0.044973440854010505,
        "calmar_ratio": 1.063437522494124,
        "perc_pos_return": 0.5169797002466321,
        "profit_loss_ratio": 0.9655194047169235,
        "annual_return_0_5_bps": 0.011965741879825,
        "annual_volatility_0_5_bps": 0.051348184428992506,
        "sharpe_ratio_0_5_bps": 0.24199364011828745,
        "downside_risk_0_5_bps": 0.037061385951031006,
        "sortino_ratio_0_5_bps": 0.40940318406895204,
        "max_drawdown_0_5_bps": 0.0453774457276745,
        "calmar_ratio_0_5_bps": 0.9904442783582255,
        "perc_pos_return_0_5_bps": 0.5129956365016126,
        "profit_loss_ratio_0_5_bps": 0.9761700049578971,
        "annual_return_1_0_bps": 0.010300058939169,
        "annual_volatility_1_0_bps": 0.051341200312259,
        "sharpe_ratio_1_0_bps": 0.2104705332659565,
        "downside_risk_1_0_bps": 0.037110657431730504,
        "sortino_ratio_1_0_bps": 0.3635257698715585,
        "max_drawdown_1_0_bps": 0.045793460151122005,
        "calmar_ratio_1_0_bps": 0.9184942006822371,
        "perc_pos_return_1_0_bps": 0.5129956365016126,
        "profit_loss_ratio_1_0_bps": 0.9709948790791201,
        "annual_return_1_5_bps": 0.008637282107830001,
        "annual_volatility_1_5_bps": 0.051334538401818,
        "sharpe_ratio_1_5_bps": 0.17892926005039644,
        "downside_risk_1_5_bps": 0.037160171908822,
        "sortino_ratio_1_5_bps": 0.31777900266119397,
        "max_drawdown_1_5_bps": 0.046209299965786,
        "calmar_ratio_1_5_bps": 0.8488414924045276,
        "perc_pos_return_1_5_bps": 0.5129956365016126,
        "profit_loss_ratio_1_5_bps": 0.965845887199817,
        "annual_return_2_0_bps": 0.0069774060927750015,
        "annual_volatility_2_0_bps": 0.051328198977745,
        "sharpe_ratio_2_0_bps": 0.14737052345349844,
        "downside_risk_2_0_bps": 0.037209928212249,
        "sortino_ratio_2_0_bps": 0.27216343675969557,
        "max_drawdown_2_0_bps": 0.046624965242429504,
        "calmar_ratio_2_0_bps": 0.781377955465015,
        "perc_pos_return_2_0_bps": 0.5129956365016126,
        "profit_loss_ratio_2_0_bps": 0.9607228304819421,
        "annual_return_2_5_bps": 0.005320425610869001,
        "annual_volatility_2_5_bps": 0.051322182310496504,
        "sharpe_ratio_2_5_bps": 0.11579502971130795,
        "downside_risk_2_5_bps": 0.037259925356146,
        "sortino_ratio_2_5_bps": 0.2266796126641295,
        "max_drawdown_2_5_bps": 0.047040456051790004,
        "calmar_ratio_2_5_bps": 0.7160021683868489,
        "perc_pos_return_2_5_bps": 0.5110115095174855,
        "profit_loss_ratio_2_5_bps": 0.9631963205594426,
        "annual_return_3_0_bps": 0.0036663353888680035,
        "annual_volatility_3_0_bps": 0.05131648866086501,
        "sharpe_ratio_3_0_bps": 0.08420348820848295,
        "downside_risk_3_0_bps": 0.0373101632161275,
        "sortino_ratio_3_0_bps": 0.18132807673853302,
        "max_drawdown_3_0_bps": 0.0474557724645725,
        "calmar_ratio_3_0_bps": 0.652618960892952,
        "perc_pos_return_3_0_bps": 0.5110115095174855,
        "profit_loss_ratio_3_0_bps": 0.9580952768404416,
        "annual_return_rescaled": 0.03994243153533522,
        "annual_volatility_rescaled": 0.15000000000000105,
        "downside_risk_rescaled": 0.1081063300309629,
        "max_drawdown_rescaled": 0.1262193592579805,
        "annual_return_rescaled_0_5_bps": 0.034832600077622955,
        "annual_volatility_rescaled_0_5_bps": 0.15000000000000152,
        "downside_risk_rescaled_0_5_bps": 0.10826493583901411,
        "max_drawdown_rescaled_0_5_bps": 0.12734757600370855,
        "annual_return_rescaled_1_0_bps": 0.029747571672503303,
        "annual_volatility_rescaled_1_0_bps": 0.14999999999999997,
        "downside_risk_rescaled_1_0_bps": 0.10842361652831152,
        "max_drawdown_rescaled_1_0_bps": 0.12847395354605462,
        "annual_return_rescaled_1_5_bps": 0.024687327218310906,
        "annual_volatility_rescaled_1_5_bps": 0.1500000000000012,
        "downside_risk_rescaled_1_5_bps": 0.10858236890517987,
        "max_drawdown_rescaled_1_5_bps": 0.12959847329999102,
        "annual_return_rescaled_2_0_bps": 0.0196518463490864,
        "annual_volatility_rescaled_2_0_bps": 0.15000000000000083,
        "downside_risk_rescaled_2_0_bps": 0.10874118599519483,
        "max_drawdown_rescaled_2_0_bps": 0.13072111678614476,
        "annual_return_rescaled_2_5_bps": 0.014641107441138335,
        "annual_volatility_rescaled_2_5_bps": 0.1499999999999998,
        "downside_risk_rescaled_2_5_bps": 0.1089000613732453,
        "max_drawdown_rescaled_2_5_bps": 0.1318418656329187,
        "annual_return_rescaled_3_0_bps": 0.009655087619812153,
        "annual_volatility_rescaled_3_0_bps": 0.15000000000000094,
        "downside_risk_rescaled_3_0_bps": 0.1090589911442478,
        "max_drawdown_rescaled_3_0_bps": 0.1329607015785622,
        "sharpe_ratio_years": 0.285725995514355,
        "sharpe_ratio_years_0_5_bps": 0.254261475387859,
        "sharpe_ratio_years_1_0_bps": 0.2227782269997925,
        "sharpe_ratio_years_1_5_bps": 0.19127694644556648,
        "sharpe_ratio_years_2_0_bps": 0.15975833312811993,
        "sharpe_ratio_years_2_5_bps": 0.12822308965443951,
        "sharpe_ratio_years_3_0_bps": 0.09667192173082345,
        "sharpe_ratio_years_std": 0.9908605068180532,
        "sharpe_ratio_years_std_0_5_bps": 0.982260523839467,
        "sharpe_ratio_years_std_1_0_bps": 0.9736378610685146,
        "sharpe_ratio_years_std_1_5_bps": 0.9649931269996955,
        "sharpe_ratio_years_std_2_0_bps": 0.956326933517344,
        "sharpe_ratio_years_std_2_5_bps": 0.9476398957937936,
        "sharpe_ratio_years_std_3_0_bps": 0.9389326321862965
    }
}