{
    "ALL": {
        "annual_return": [
            -0.037163682558460004,
            0.064432355023971
        ],
        "annual_volatility": [
            0.05180561909187,
            0.05090536183288501
        ],
        "sharpe_ratio": [
            -0.7051345113036981,
            1.2521302732715331
        ],
        "downside_risk": [
            0.039362058581389005,
            0.034662656096314005
        ],
        "sortino_ratio": [
            -0.9280492742928601,
            1.8388707560577062
        ],
        "max_drawdown": [
            0.065994411939088,
            0.023952469768933
        ],
        "calmar_ratio": [
            -0.563133778550246,
            2.690008823538494
        ],
        "perc_pos_return": [
            0.47619047619047605,
            0.557768924302788
        ],
        "profit_loss_ratio": [
            0.9639682232079381,
            0.967070586225909
        ],
        "annual_return_0_5_bps": [
            -0.038306209609972004,
            0.062237693369622
        ],
        "annual_volatility_0_5_bps": [
            0.05180899728995501,
            0.050887371568030006
        ],
        "sharpe_ratio_0_5_bps": [
            -0.727999048451608,
            1.211986328688183
        ],
        "downside_risk_0_5_bps": [
            0.039398436432968004,
            0.034724335469094
        ],
        "sortino_ratio_0_5_bps": [
            -0.9573197350735021,
            1.7761261032114062
        ],
        "max_drawdown_0_5_bps": [
            0.066420579440869,
            0.02433431201448
        ],
        "calmar_ratio_0_5_bps": [
            -0.576722002915896,
            2.557610559632347
        ],
        "perc_pos_return_0_5_bps": [
            0.47619047619047605,
            0.5498007968127491
        ],
        "profit_loss_ratio_0_5_bps": [
            0.9598674551291491,
            0.9924725547866451
        ],
        "annual_return_1_0_bps": [
            -0.039447389614223005,
            0.060047507492561006
        ],
        "annual_volatility_1_0_bps": [
            0.051812442419760005,
            0.050869958204758
        ],
        "sharpe_ratio_1_0_bps": [
            -0.750859634068722,
            1.171800700600635
        ],
        "downside_risk_1_0_bps": [
            0.039434918003664006,
            0.034786396859797
        ],
        "sortino_ratio_1_0_bps": [
            -0.986533598266718,
            1.713585138009835
        ],
        "max_drawdown_1_0_bps": [
            0.06684655658322501,
            0.024740363719019002
        ],
        "calmar_ratio_1_0_bps": [
            -0.5901184987009891,
            2.4271069000654633
        ],
        "perc_pos_return_1_0_bps": [
            0.47619047619047605,
            0.5498007968127491
        ],
        "profit_loss_ratio_1_0_bps": [
            0.9557852914886631,
            0.9862044666695771
        ],
        "annual_return_1_5_bps": [
            -0.040587224149179,
            0.057861788364839004
        ],
        "annual_volatility_1_5_bps": [
            0.051815954467933,
            0.050853122335703
        ],
        "sharpe_ratio_1_5_bps": [
            -0.773716180554129,
            1.131574700654922
        ],
        "downside_risk_1_5_bps": [
            0.039471503005889,
            0.034848840811755
        ],
        "sortino_ratio_1_5_bps": [
            -1.015690797908421,
            1.651248803230809
        ],
        "max_drawdown_1_5_bps": [
            0.067272343449377,
            0.025146256482195
        ],
        "calmar_ratio_1_5_bps": [
            -0.603327044489269,
            2.301010029298324
        ],
        "perc_pos_return_1_5_bps": [
            0.47619047619047605,
            0.5498007968127491
        ],
        "profit_loss_ratio_1_5_bps": [
            0.9517216059656051,
            0.9799701684340291
        ],
        "annual_return_2_0_bps": [
            -0.041725714790969,
            0.055680526976519006
        ],
        "annual_volatility_2_0_bps": [
            0.05181953342086901,
            0.050836864534621
        ],
        "sharpe_ratio_2_0_bps": [
            -0.7965686003892241,
            1.091309647296221
        ],
        "downside_risk_2_0_bps": [
            0.039508191152307005,
            0.034911665272191
        ],
        "sortino_ratio_2_0_bps": [
            -1.044791270011716,
            1.589118143531107
        ],
        "max_drawdown_2_0_bps": [
            0.06769794012251401,
            0.025551990362345
        ],
        "calmar_ratio_2_0_bps": [
            -0.616351320519614,
            2.179107231449644
        ],
        "perc_pos_return_2_0_bps": [
            0.47619047619047605,
            0.5498007968127491
        ],
        "profit_loss_ratio_2_0_bps": [
            0.9476762733801081,
            0.9737693875837761
        ],
        "annual_return_2_5_bps": [
            -0.042862863113884,
            0.053503714335622
        ],
        "annual_volatility_2_5_bps": [
            0.051823179264706004,
            0.050821185356287005
        ],
        "sharpe_ratio_2_5_bps": [
            -0.8194168061393541,
            1.05100686556197
        ],
        "downside_risk_2_5_bps": [
            0.039544982521681,
            0.034974868190611005
        ],
        "sortino_ratio_2_5_bps": [
            -1.073834942619843,
            1.527194167948102
        ],
        "max_drawdown_2_5_bps": [
            0.06812334668579201,
            0.025957565417788
        ],
        "calmar_ratio_2_5_bps": [
            -0.629194911864546,
            2.061199248638244
        ],
        "perc_pos_return_2_5_bps": [
            0.47222222222222204,
            0.5498007968127491
        ],
        "profit_loss_ratio_2_5_bps": [
            0.9587907865741041,
            0.9676018545447811
        ],
        "annual_return_3_0_bps": [
            -0.043998670690388,
            0.05133134146812401
        ],
        "annual_volatility_3_0_bps": [
            0.05182689198532701,
            0.050806085336403004
        ],
        "sharpe_ratio_3_0_bps": [
            -0.842260710455473,
            1.010667686872439
        ],
        "downside_risk_3_0_bps": [
            0.039581878913245,
            0.03503844751901
        ],
        "sortino_ratio_3_0_bps": [
            -1.1028216967652251,
            1.4654778502422912
        ],
        "max_drawdown_3_0_bps": [
            0.068548563222324,
            0.026362981706821
        ],
        "calmar_ratio_3_0_bps": [
            -0.641861311486378,
            1.947099233272282
        ],
        "perc_pos_return_3_0_bps": [
            0.47222222222222204,
            0.5498007968127491
        ],
        "profit_loss_ratio_3_0_bps": [
            0.9547232510547691,
            0.9614673026261141
        ],
        "annual_return_rescaled": [
            -0.1114756130172988,
            0.19136047608796924
        ],
        "annual_volatility_rescaled": [
            0.15131474344448798,
            0.14868525655551412
        ],
        "downside_risk_rescaled": [
            0.114969377841573,
            0.10124328222035281
        ],
        "max_drawdown_rescaled": [
            0.1831231642478068,
            0.06931555426815418
        ],
        "annual_return_rescaled_0_5_bps": [
            -0.11457039570297722,
            0.18423559585822313
        ],
        "annual_volatility_rescaled_0_5_bps": [
            0.15134614163895194,
            0.1486538583610511
        ],
        "downside_risk_rescaled_0_5_bps": [
            0.11509200433595965,
            0.10143786734206857
        ],
        "max_drawdown_rescaled_0_5_bps": [
            0.1842375690919618,
            0.07045758291545531
        ],
        "annual_return_rescaled_1_0_bps": [
            -0.11765458834671128,
            0.17714973169171788
        ],
        "annual_volatility_rescaled_1_0_bps": [
            0.15137679516051916,
            0.14862320483948077
        ],
        "downside_risk_rescaled_1_0_bps": [
            0.11521424634743521,
            0.10163298670918783
        ],
        "max_drawdown_rescaled_1_0_bps": [
            0.1853497321759808,
            0.07159817491612842
        ],
        "annual_return_rescaled_1_5_bps": [
            -0.12072816809758669,
            0.1701028225342085
        ],
        "annual_volatility_rescaled_1_5_bps": [
            0.15140670223528763,
            0.14859329776471478
        ],
        "downside_risk_rescaled_1_5_bps": [
            0.11533609992826344,
            0.10182863788209631
        ],
        "max_drawdown_rescaled_1_5_bps": [
            0.18645963631817816,
            0.07273731028180387
        ],
        "annual_return_rescaled_2_0_bps": [
            -0.12379111271983867,
            0.16309480541801147
        ],
        "annual_volatility_rescaled_2_0_bps": [
            0.15143586114331772,
            0.14856413885668393
        ],
        "downside_risk_rescaled_2_0_bps": [
            0.11545756116273528,
            0.1020248108276544
        ],
        "max_drawdown_rescaled_2_0_bps": [
            0.18756726446781058,
            0.07387496910447892
        ],
        "annual_return_rescaled_2_5_bps": [
            -0.12684340059423005,
            0.15612561547650672
        ],
        "annual_volatility_rescaled_2_5_bps": [
            0.15146427021900147,
            0.14853572978099816
        ],
        "downside_risk_rescaled_2_5_bps": [
            0.11557862723696101,
            0.1022214955095296
        ],
        "max_drawdown_rescaled_2_5_bps": [
            0.18867259970701683,
            0.07501113155882055
        ],
        "annual_return_rescaled_3_0_bps": [
            -0.12988501071924885,
            0.14919518595887316
        ],
        "annual_volatility_rescaled_3_0_bps": [
            0.15149192785140286,
            0.148508072148599
        ],
        "downside_risk_rescaled_3_0_bps": [
            0.1156993003988343,
            0.10241868188966129
        ],
        "max_drawdown_rescaled_3_0_bps": [
            0.18977562525268632,
            0.07614577790443812
        ],
        "sharpe_ratio_years": [
            -0.7051345113036981,
            1.2765865023324081
        ],
        "sharpe_ratio_years_0_5_bps": [
            -0.727999048451608,
            1.236521999227326
        ],
        "sharpe_ratio_years_1_0_bps": [
            -0.750859634068722,
            1.196416088068307
        ],
        "sharpe_ratio_years_1_5_bps": [
            -0.773716180554129,
            1.156270073445262
        ],
        "sharpe_ratio_years_2_0_bps": [
            -0.7965686003892241,
            1.116085266645464
        ],
        "sharpe_ratio_years_2_5_bps": [
            -0.8194168061393541,
            1.0758629854482331
        ],
        "sharpe_ratio_years_3_0_bps": [
            -0.842260710455473,
            1.03560455391712
        ]
    },
    "COMB": {
        "annual_return": [
            -0.037163682558460004,
            0.064432355023971
        ],
        "annual_volatility": [
            0.05180561909187,
            0.05090536183288501
        ],
        "sharpe_ratio": [
            -0.7051345113036981,
            1.2521302732715331
        ],
        "downside_risk": [
            0.039362058581389005,
            0.034662656096314005
        ],
        "sortino_ratio": [
            -0.9280492742928601,
            1.8388707560577062
        ],
        "max_drawdown": [
            0.065994411939088,
            0.023952469768933
        ],
        "calmar_ratio": [
            -0.563133778550246,
            2.690008823538494
        ],
        "perc_pos_return": [
            0.47619047619047605,
            0.557768924302788
        ],
        "profit_loss_ratio": [
            0.9639682232079381,
            0.967070586225909
        ],
        "annual_return_0_5_bps": [
            -0.038306209609972004,
            0.062237693369622
        ],
        "annual_volatility_0_5_bps": [
            0.05180899728995501,
            0.050887371568030006
        ],
        "sharpe_ratio_0_5_bps": [
            -0.727999048451608,
            1.211986328688183
        ],
        "downside_risk_0_5_bps": [
            0.039398436432968004,
            0.034724335469094
        ],
        "sortino_ratio_0_5_bps": [
            -0.9573197350735021,
            1.7761261032114062
        ],
        "max_drawdown_0_5_bps": [
            0.066420579440869,
            0.02433431201448
        ],
        "calmar_ratio_0_5_bps": [
            -0.576722002915896,
            2.557610559632347
        ],
        "perc_pos_return_0_5_bps": [
            0.47619047619047605,
            0.5498007968127491
        ],
        "profit_loss_ratio_0_5_bps": [
            0.9598674551291491,
            0.9924725547866451
        ],
        "annual_return_1_0_bps": [
            -0.039447389614223005,
            0.060047507492561006
        ],
        "annual_volatility_1_0_bps": [
            0.051812442419760005,
            0.050869958204758
        ],
        "sharpe_ratio_1_0_bps": [
            -0.750859634068722,
            1.171800700600635
        ],
        "downside_risk_1_0_bps": [
            0.039434918003664006,
            0.034786396859797
        ],
        "sortino_ratio_1_0_bps": [
            -0.986533598266718,
            1.713585138009835
        ],
        "max_drawdown_1_0_bps": [
            0.06684655658322501,
            0.024740363719019002
        ],
        "calmar_ratio_1_0_bps": [
            -0.5901184987009891,
            2.4271069000654633
        ],
        "perc_pos_return_1_0_bps": [
            0.47619047619047605,
            0.5498007968127491
        ],
        "profit_loss_ratio_1_0_bps": [
            0.9557852914886631,
            0.9862044666695771
        ],
        "annual_return_1_5_bps": [
            -0.040587224149179,
            0.057861788364839004
        ],
        "annual_volatility_1_5_bps": [
            0.051815954467933,
            0.050853122335703
        ],
        "sharpe_ratio_1_5_bps": [
            -0.773716180554129,
            1.131574700654922
        ],
        "downside_risk_1_5_bps": [
            0.039471503005889,
            0.034848840811755
        ],
        "sortino_ratio_1_5_bps": [
            -1.015690797908421,
            1.651248803230809
        ],
        "max_drawdown_1_5_bps": [
            0.067272343449377,
            0.025146256482195
        ],
        "calmar_ratio_1_5_bps": [
            -0.603327044489269,
            2.301010029298324
        ],
        "perc_pos_return_1_5_bps": [
            0.47619047619047605,
            0.5498007968127491
        ],
        "profit_loss_ratio_1_5_bps": [
            0.9517216059656051,
            0.9799701684340291
        ],
        "annual_return_2_0_bps": [
            -0.041725714790969,
            0.055680526976519006
        ],
        "annual_volatility_2_0_bps": [
            0.05181953342086901,
            0.050836864534621
        ],
        "sharpe_ratio_2_0_bps": [
            -0.7965686003892241,
            1.091309647296221
        ],
        "downside_risk_2_0_bps": [
            0.039508191152307005,
            0.034911665272191
        ],
        "sortino_ratio_2_0_bps": [
            -1.044791270011716,
            1.589118143531107
        ],
        "max_drawdown_2_0_bps": [
            0.06769794012251401,
            0.025551990362345
        ],
        "calmar_ratio_2_0_bps": [
            -0.616351320519614,
            2.179107231449644
        ],
        "perc_pos_return_2_0_bps": [
            0.47619047619047605,
            0.5498007968127491
        ],
        "profit_loss_ratio_2_0_bps": [
            0.9476762733801081,
            0.9737693875837761
        ],
        "annual_return_2_5_bps": [
            -0.042862863113884,
            0.053503714335622
        ],
        "annual_volatility_2_5_bps": [
            0.051823179264706004,
            0.050821185356287005
        ],
        "sharpe_ratio_2_5_bps": [
            -0.8194168061393541,
            1.05100686556197
        ],
        "downside_risk_2_5_bps": [
            0.039544982521681,
            0.034974868190611005
        ],
        "sortino_ratio_2_5_bps": [
            -1.073834942619843,
            1.527194167948102
        ],
        "max_drawdown_2_5_bps": [
            0.06812334668579201,
            0.025957565417788
        ],
        "calmar_ratio_2_5_bps": [
            -0.629194911864546,
            2.061199248638244
        ],
        "perc_pos_return_2_5_bps": [
            0.47222222222222204,
            0.5498007968127491
        ],
        "profit_loss_ratio_2_5_bps": [
            0.9587907865741041,
            0.9676018545447811
        ],
        "annual_return_3_0_bps": [
            -0.043998670690388,
            0.05133134146812401
        ],
        "annual_volatility_3_0_bps": [
            0.05182689198532701,
            0.050806085336403004
        ],
        "sharpe_ratio_3_0_bps": [
            -0.842260710455473,
            1.010667686872439
        ],
        "downside_risk_3_0_bps": [
            0.039581878913245,
            0.03503844751901
        ],
        "sortino_ratio_3_0_bps": [
            -1.1028216967652251,
            1.4654778502422912
        ],
        "max_drawdown_3_0_bps": [
            0.068548563222324,
            0.026362981706821
        ],
        "calmar_ratio_3_0_bps": [
            -0.641861311486378,
            1.947099233272282
        ],
        "perc_pos_return_3_0_bps": [
            0.47222222222222204,
            0.5498007968127491
        ],
        "profit_loss_ratio_3_0_bps": [
            0.9547232510547691,
            0.9614673026261141
        ],
        "annual_return_rescaled": [
            -0.1114756130172988,
            0.19136047608796924
        ],
        "annual_volatility_rescaled": [
            0.15131474344448798,
            0.14868525655551412
        ],
        "downside_risk_rescaled": [
            0.114969377841573,
            0.10124328222035281
        ],
        "max_drawdown_rescaled": [
            0.1831231642478068,
            0.06931555426815418
        ],
        "annual_return_rescaled_0_5_bps": [
            -0.11457039570297722,
            0.18423559585822313
        ],
        "annual_volatility_rescaled_0_5_bps": [
            0.15134614163895194,
            0.1486538583610511
        ],
        "downside_risk_rescaled_0_5_bps": [
            0.11509200433595965,
            0.10143786734206857
        ],
        "max_drawdown_rescaled_0_5_bps": [
            0.1842375690919618,
            0.07045758291545531
        ],
        "annual_return_rescaled_1_0_bps": [
            -0.11765458834671128,
            0.17714973169171788
        ],
        "annual_volatility_rescaled_1_0_bps": [
            0.15137679516051916,
            0.14862320483948077
        ],
        "downside_risk_rescaled_1_0_bps": [
            0.11521424634743521,
            0.10163298670918783
        ],
        "max_drawdown_rescaled_1_0_bps": [
            0.1853497321759808,
            0.07159817491612842
        ],
        "annual_return_rescaled_1_5_bps": [
            -0.12072816809758669,
            0.1701028225342085
        ],
        "annual_volatility_rescaled_1_5_bps": [
            0.15140670223528763,
            0.14859329776471478
        ],
        "downside_risk_rescaled_1_5_bps": [
            0.11533609992826344,
            0.10182863788209631
        ],
        "max_drawdown_rescaled_1_5_bps": [
            0.18645963631817816,
            0.07273731028180387
        ],
        "annual_return_rescaled_2_0_bps": [
            -0.12379111271983867,
            0.16309480541801147
        ],
        "annual_volatility_rescaled_2_0_bps": [
            0.15143586114331772,
            0.14856413885668393
        ],
        "downside_risk_rescaled_2_0_bps": [
            0.11545756116273528,
            0.1020248108276544
        ],
        "max_drawdown_rescaled_2_0_bps": [
            0.18756726446781058,
            0.07387496910447892
        ],
        "annual_return_rescaled_2_5_bps": [
            -0.12684340059423005,
            0.15612561547650672
        ],
        "annual_volatility_rescaled_2_5_bps": [
            0.15146427021900147,
            0.14853572978099816
        ],
        "downside_risk_rescaled_2_5_bps": [
            0.11557862723696101,
            0.1022214955095296
        ],
        "max_drawdown_rescaled_2_5_bps": [
            0.18867259970701683,
            0.07501113155882055
        ],
        "annual_return_rescaled_3_0_bps": [
            -0.12988501071924885,
            0.14919518595887316
        ],
        "annual_volatility_rescaled_3_0_bps": [
            0.15149192785140286,
            0.148508072148599
        ],
        "downside_risk_rescaled_3_0_bps": [
            0.1156993003988343,
            0.10241868188966129
        ],
        "max_drawdown_rescaled_3_0_bps": [
            0.18977562525268632,
            0.07614577790443812
        ],
        "sharpe_ratio_years": [
            -0.7051345113036981,
            1.2765865023324081
        ],
        "sharpe_ratio_years_0_5_bps": [
            -0.727999048451608,
            1.236521999227326
        ],
        "sharpe_ratio_years_1_0_bps": [
            -0.750859634068722,
            1.196416088068307
        ],
        "sharpe_ratio_years_1_5_bps": [
            -0.773716180554129,
            1.156270073445262
        ],
        "sharpe_ratio_years_2_0_bps": [
            -0.7965686003892241,
            1.116085266645464
        ],
        "sharpe_ratio_years_2_5_bps": [
            -0.8194168061393541,
            1.0758629854482331
        ],
        "sharpe_ratio_years_3_0_bps": [
            -0.842260710455473,
            1.03560455391712
        ]
    }
}